owner,classification,scope
EQ-D04 / D13,Input mismatch; open,JINTRAC derivative columns are inconsistent and retained as received. modx03 is the selected reference; native profile transfer remains measured separately.
EQ-D08,Open candidate,Historical CHEASE export sensitivity is not fully attributed. The measured final exact-case paths do not qualify every export option.
EQ-D09,Iteration error; controlled,RELAX=0 removes retained coarse derivative error in the linear exact case. Nonlinear stopping needs its own check.
EQ-D12 / D31,Open candidates,Historical TC24 VMEC++ and CHEASE force/boundary discrepancies lack expected-rate closure; no native repair is inferred.
EQ-D15,Discretization,P1 field and polygon-boundary errors improve under refinement. Curved P2/P3 evidence replaces that representation for current comparisons.
EQ-D20 / exact DESC,Boundary representation,The shaped exact contour is truncated at the solution poloidal degree; boundary and field errors decrease together within the cost cap.
EQ-D20 / VMEC++,Method limitation,Bulk radial convergence is first order; maxima in the first radial cells converge more slowly under the native axis treatment.
EQ-D20 / TC24 DESC,Open qualification,Native iteration caps and unresolved physical accuracy prevent admission of the retained TC24 states.
EQ-D24 / Phase 3,Input path blocked,Mixed P1 geometry and smooth gradients are rejected. Curved P3 inverse fields now converge; inverse stability and additional consumers remain open.
EQ-D25,Model domain,The separatrix X-point is outside the nested-surface problem. The common interior TC24 boundary needs per-code representation checks.
EQ-D88 / Phase 3,Open inverse candidate,MARS mapping/source iteration still fails. KIN6D inverse is on main; its nonlinear estimator remains a frozen-source diagnostic.
EQ-P2-1,Radial / stopping limits,Three circular VMEC++ cases miss combined targets. Tighter tolerance removes high-aspect-ratio plateaus; capped attempts remain failures.
E4 / VMEC++,Radial discretization,"Refinement decreases field and axis differences, but the delivered states remain above the combined targets."
E4 / DESC,Stopping limit,"Fine field errors fall below target, but capped states fail qualification. Zero pressure has a passing coarser state."
EQ-P4A-1,Estimator sharpness,Finite recovery at the cap supplies the functional estimate. Ordinary quadrature and represented-domain error remain separate from geometry error.
EQ-EXPORT-2,Export limits; improved,Regular-boundary scan refinement and header precision remove the measured flux/q gap; other boundary exits retain their margin.
Export studies,Sampling / conversion,Pooled and per-surface norms differ. No outer-shell or vacuum accuracy is established. Some below-target conversion errors level off.
Spectral producers,Input transfer,"Prescribed q and toroidal flux are transfer checks, not independent predictions. Their downstream converters remain unused."
Phase 4b / Phase 5,Open candidates,Curved-P3 source laws are implemented. TC24 rates/accuracy and the coarse Lundquist axis/readback failures remain unresolved.
Phase 5 / finite A,Physical difference,Raw cylinder differences include toroidicity. Fixed-period first-order corrections and fixed-aspect resolution differences separate the effects.
Phase 5 / DESC,Stopping qualification,Strong-twist Lundquist refinement improves the field; the finest capped states do not establish a converged native result.
MARS Hamada,Metric discretization,Jacobian refinement follows the expected second-order behavior on both exact cases. Perturbations and exterior vacuum fields were not measured.
