source,case,key,value
equilibrium/phase1/cases.json,solovev_lcfs_A3,id,solovev_lcfs_A3
equilibrium/phase1/cases.json,solovev_lcfs_A3,R0,6.2
equilibrium/phase1/cases.json,solovev_lcfs_A3,B0,5.3
equilibrium/phase1/cases.json,solovev_lcfs_A3,psi_edge,0.0
equilibrium/phase1/cases.json,solovev_lcfs_A3,F_edge,32.86
equilibrium/phase1/cases.json,solovev_lcfs_A3,cocos,3
equilibrium/phase1/cases.json,solovev_lcfs_A3,pressure_edge,0.0
equilibrium/phase1/cases.json,solovev_lcfs_A3,source.kind,solovev
equilibrium/phase1/cases.json,solovev_lcfs_A3,source.family,E0_polynomial
equilibrium/phase1/cases.json,solovev_lcfs_A3,source.C,0.011489767603191118
equilibrium/phase1/cases.json,solovev_lcfs_A3,source.p_prime,-146292.2647219988
equilibrium/phase1/cases.json,solovev_lcfs_A3,source.FF_prime,0.0
equilibrium/phase1/cases.json,solovev_lcfs_A3,source.psi_scale,16.977666666666664
equilibrium/phase1/cases.json,solovev_lcfs_A3,boundary.kind,E0_analytic_lcfs
equilibrium/phase1/cases.json,solovev_lcfs_A3,boundary.parameters.a,2.066666666666667
equilibrium/phase1/cases.json,solovev_lcfs_A3,boundary.parameters.aspect_ratio,3.0
equilibrium/phase1/cases.json,solovev_lcfs_A3,boundary.formula,R=sqrt(R0^2+2*R0*a*cos(t)); Z=R0*a*sin(t)/R; 0<=t<=2*pi
equilibrium/phase1/cases.json,solovev_lcfs_A3,normalization,"Existing E0 C, F and q_axis=1.5; a=R0/3 selects the physical LCFS."
equilibrium/phase1/cases.json,solovev_cerfon_iter,id,solovev_cerfon_iter
equilibrium/phase1/cases.json,solovev_cerfon_iter,R0,6.2
equilibrium/phase1/cases.json,solovev_cerfon_iter,B0,5.3
equilibrium/phase1/cases.json,solovev_cerfon_iter,psi_edge,0.0
equilibrium/phase1/cases.json,solovev_cerfon_iter,F_edge,32.86
equilibrium/phase1/cases.json,solovev_cerfon_iter,cocos,3
equilibrium/phase1/cases.json,solovev_cerfon_iter,pressure_edge,0.0
equilibrium/phase1/cases.json,solovev_cerfon_iter,source.kind,solovev
equilibrium/phase1/cases.json,solovev_cerfon_iter,source.family,cerfon_freidberg
equilibrium/phase1/cases.json,solovev_cerfon_iter,source.A,-0.155
equilibrium/phase1/cases.json,solovev_cerfon_iter,source.psi_scale,253.1884969697993
equilibrium/phase1/cases.json,solovev_cerfon_iter,source.p_prime,-157488.67633660103
equilibrium/phase1/cases.json,solovev_cerfon_iter,source.FF_prime,1.0209213587491905
equilibrium/phase1/cases.json,solovev_cerfon_iter,boundary.kind,implicit_level_set
equilibrium/phase1/cases.json,solovev_cerfon_iter,boundary.parameters.eps,0.32
equilibrium/phase1/cases.json,solovev_cerfon_iter,boundary.parameters.kappa,1.7
equilibrium/phase1/cases.json,solovev_cerfon_iter,boundary.parameters.delta,0.33
equilibrium/phase1/cases.json,solovev_cerfon_iter,boundary.formula,"u(R/R0,Z/R0)=0, connected LCFS surrounding the minimum; u given by source.terms"
equilibrium/phase1/cases.json,solovev_cerfon_iter,normalization,"A=-0.155 (paper); q_axis=1.5 fixes free psi amplitude; F_edge=R0*B0. Beta is an output, not fixed to the paper's 5%."
equilibrium/phase1/cases.json,solovev_cerfon_iter,reference,https://doi.org/10.1063/1.3328818
equilibrium/phase2/cases.json,E1_A40,id,E1_A40
equilibrium/phase2/cases.json,E1_A40,contract_case,E1_circular_zero_beta
equilibrium/phase2/cases.json,E1_A40,source_law,E1_circular_zero_beta
equilibrium/phase2/cases.json,E1_A40,R0,6.2
equilibrium/phase2/cases.json,E1_A40,B0,5.3
equilibrium/phase2/cases.json,E1_A40,F_edge,32.86
equilibrium/phase2/cases.json,E1_A40,q_source_scale,1.5
equilibrium/phase2/cases.json,E1_A40,cocos,3
equilibrium/phase2/cases.json,E1_A40,psi_edge,0.0
equilibrium/phase2/cases.json,E1_A40,pressure_edge,0.0
equilibrium/phase2/cases.json,E1_A40,source.kind,solovev
equilibrium/phase2/cases.json,E1_A40,source.family,circular_constant_sources
equilibrium/phase2/cases.json,E1_A40,source.p_prime,0.0
equilibrium/phase2/cases.json,E1_A40,source.FF_prime,-7.066666666666666
equilibrium/phase2/cases.json,E1_A40,boundary.kind,exact_circle
equilibrium/phase2/cases.json,E1_A40,boundary.parameters.a,0.155
equilibrium/phase2/cases.json,E1_A40,boundary.parameters.aspect_ratio,40.0
equilibrium/phase2/cases.json,E1_A40,reference_kind,numerical; no exact interior solution
equilibrium/phase2/cases.json,E1_A20,id,E1_A20
equilibrium/phase2/cases.json,E1_A20,contract_case,E1_circular_zero_beta
equilibrium/phase2/cases.json,E1_A20,source_law,E1_circular_zero_beta
equilibrium/phase2/cases.json,E1_A20,R0,6.2
equilibrium/phase2/cases.json,E1_A20,B0,5.3
equilibrium/phase2/cases.json,E1_A20,F_edge,32.86
equilibrium/phase2/cases.json,E1_A20,q_source_scale,1.5
equilibrium/phase2/cases.json,E1_A20,cocos,3
equilibrium/phase2/cases.json,E1_A20,psi_edge,0.0
equilibrium/phase2/cases.json,E1_A20,pressure_edge,0.0
equilibrium/phase2/cases.json,E1_A20,source.kind,solovev
equilibrium/phase2/cases.json,E1_A20,source.family,circular_constant_sources
equilibrium/phase2/cases.json,E1_A20,source.p_prime,0.0
equilibrium/phase2/cases.json,E1_A20,source.FF_prime,-7.066666666666666
equilibrium/phase2/cases.json,E1_A20,boundary.kind,exact_circle
equilibrium/phase2/cases.json,E1_A20,boundary.parameters.a,0.31
equilibrium/phase2/cases.json,E1_A20,boundary.parameters.aspect_ratio,20.0
equilibrium/phase2/cases.json,E1_A20,reference_kind,numerical; no exact interior solution
equilibrium/phase2/cases.json,E1_A10,id,E1_A10
equilibrium/phase2/cases.json,E1_A10,contract_case,E1_circular_zero_beta
equilibrium/phase2/cases.json,E1_A10,source_law,E1_circular_zero_beta
equilibrium/phase2/cases.json,E1_A10,R0,6.2
equilibrium/phase2/cases.json,E1_A10,B0,5.3
equilibrium/phase2/cases.json,E1_A10,F_edge,32.86
equilibrium/phase2/cases.json,E1_A10,q_source_scale,1.5
equilibrium/phase2/cases.json,E1_A10,cocos,3
equilibrium/phase2/cases.json,E1_A10,psi_edge,0.0
equilibrium/phase2/cases.json,E1_A10,pressure_edge,0.0
equilibrium/phase2/cases.json,E1_A10,source.kind,solovev
equilibrium/phase2/cases.json,E1_A10,source.family,circular_constant_sources
equilibrium/phase2/cases.json,E1_A10,source.p_prime,0.0
equilibrium/phase2/cases.json,E1_A10,source.FF_prime,-7.066666666666666
equilibrium/phase2/cases.json,E1_A10,boundary.kind,exact_circle
equilibrium/phase2/cases.json,E1_A10,boundary.parameters.a,0.62
equilibrium/phase2/cases.json,E1_A10,boundary.parameters.aspect_ratio,10.0
equilibrium/phase2/cases.json,E1_A10,reference_kind,numerical; no exact interior solution
equilibrium/phase2/cases.json,E1_A3p1,id,E1_A3p1
equilibrium/phase2/cases.json,E1_A3p1,contract_case,E3_finite_aspect_ratio
equilibrium/phase2/cases.json,E1_A3p1,source_law,E1_circular_zero_beta
equilibrium/phase2/cases.json,E1_A3p1,R0,6.2
equilibrium/phase2/cases.json,E1_A3p1,B0,5.3
equilibrium/phase2/cases.json,E1_A3p1,F_edge,32.86
equilibrium/phase2/cases.json,E1_A3p1,q_source_scale,1.5
equilibrium/phase2/cases.json,E1_A3p1,cocos,3
equilibrium/phase2/cases.json,E1_A3p1,psi_edge,0.0
equilibrium/phase2/cases.json,E1_A3p1,pressure_edge,0.0
equilibrium/phase2/cases.json,E1_A3p1,source.kind,solovev
equilibrium/phase2/cases.json,E1_A3p1,source.family,circular_constant_sources
equilibrium/phase2/cases.json,E1_A3p1,source.p_prime,0.0
equilibrium/phase2/cases.json,E1_A3p1,source.FF_prime,-7.066666666666666
equilibrium/phase2/cases.json,E1_A3p1,boundary.kind,exact_circle
equilibrium/phase2/cases.json,E1_A3p1,boundary.parameters.a,2.0
equilibrium/phase2/cases.json,E1_A3p1,boundary.parameters.aspect_ratio,3.1
equilibrium/phase2/cases.json,E1_A3p1,reference_kind,numerical; no exact interior solution
equilibrium/phase2/cases.json,E2_A40,id,E2_A40
equilibrium/phase2/cases.json,E2_A40,contract_case,E2_circular_finite_beta
equilibrium/phase2/cases.json,E2_A40,source_law,E2_circular_finite_beta
equilibrium/phase2/cases.json,E2_A40,R0,6.2
equilibrium/phase2/cases.json,E2_A40,B0,5.3
equilibrium/phase2/cases.json,E2_A40,F_edge,32.86
equilibrium/phase2/cases.json,E2_A40,q_source_scale,1.5
equilibrium/phase2/cases.json,E2_A40,cocos,3
equilibrium/phase2/cases.json,E2_A40,psi_edge,0.0
equilibrium/phase2/cases.json,E2_A40,pressure_edge,0.0
equilibrium/phase2/cases.json,E2_A40,source.kind,solovev
equilibrium/phase2/cases.json,E2_A40,source.family,circular_constant_sources
equilibrium/phase2/cases.json,E2_A40,source.p_prime,-146292.2647219988
equilibrium/phase2/cases.json,E2_A40,source.FF_prime,0.0
equilibrium/phase2/cases.json,E2_A40,boundary.kind,exact_circle
equilibrium/phase2/cases.json,E2_A40,boundary.parameters.a,0.155
equilibrium/phase2/cases.json,E2_A40,boundary.parameters.aspect_ratio,40.0
equilibrium/phase2/cases.json,E2_A40,reference_kind,numerical; no exact interior solution
equilibrium/phase2/cases.json,E2_A20,id,E2_A20
equilibrium/phase2/cases.json,E2_A20,contract_case,E2_circular_finite_beta
equilibrium/phase2/cases.json,E2_A20,source_law,E2_circular_finite_beta
equilibrium/phase2/cases.json,E2_A20,R0,6.2
equilibrium/phase2/cases.json,E2_A20,B0,5.3
equilibrium/phase2/cases.json,E2_A20,F_edge,32.86
equilibrium/phase2/cases.json,E2_A20,q_source_scale,1.5
equilibrium/phase2/cases.json,E2_A20,cocos,3
equilibrium/phase2/cases.json,E2_A20,psi_edge,0.0
equilibrium/phase2/cases.json,E2_A20,pressure_edge,0.0
equilibrium/phase2/cases.json,E2_A20,source.kind,solovev
equilibrium/phase2/cases.json,E2_A20,source.family,circular_constant_sources
equilibrium/phase2/cases.json,E2_A20,source.p_prime,-146292.2647219988
equilibrium/phase2/cases.json,E2_A20,source.FF_prime,0.0
equilibrium/phase2/cases.json,E2_A20,boundary.kind,exact_circle
equilibrium/phase2/cases.json,E2_A20,boundary.parameters.a,0.31
equilibrium/phase2/cases.json,E2_A20,boundary.parameters.aspect_ratio,20.0
equilibrium/phase2/cases.json,E2_A20,reference_kind,numerical; no exact interior solution
equilibrium/phase2/cases.json,E2_A10,id,E2_A10
equilibrium/phase2/cases.json,E2_A10,contract_case,E2_circular_finite_beta
equilibrium/phase2/cases.json,E2_A10,source_law,E2_circular_finite_beta
equilibrium/phase2/cases.json,E2_A10,R0,6.2
equilibrium/phase2/cases.json,E2_A10,B0,5.3
equilibrium/phase2/cases.json,E2_A10,F_edge,32.86
equilibrium/phase2/cases.json,E2_A10,q_source_scale,1.5
equilibrium/phase2/cases.json,E2_A10,cocos,3
equilibrium/phase2/cases.json,E2_A10,psi_edge,0.0
equilibrium/phase2/cases.json,E2_A10,pressure_edge,0.0
equilibrium/phase2/cases.json,E2_A10,source.kind,solovev
equilibrium/phase2/cases.json,E2_A10,source.family,circular_constant_sources
equilibrium/phase2/cases.json,E2_A10,source.p_prime,-146292.2647219988
equilibrium/phase2/cases.json,E2_A10,source.FF_prime,0.0
equilibrium/phase2/cases.json,E2_A10,boundary.kind,exact_circle
equilibrium/phase2/cases.json,E2_A10,boundary.parameters.a,0.62
equilibrium/phase2/cases.json,E2_A10,boundary.parameters.aspect_ratio,10.0
equilibrium/phase2/cases.json,E2_A10,reference_kind,numerical; no exact interior solution
equilibrium/phase2/cases.json,E2_A3p1,id,E2_A3p1
equilibrium/phase2/cases.json,E2_A3p1,contract_case,E3_finite_aspect_ratio
equilibrium/phase2/cases.json,E2_A3p1,source_law,E2_circular_finite_beta
equilibrium/phase2/cases.json,E2_A3p1,R0,6.2
equilibrium/phase2/cases.json,E2_A3p1,B0,5.3
equilibrium/phase2/cases.json,E2_A3p1,F_edge,32.86
equilibrium/phase2/cases.json,E2_A3p1,q_source_scale,1.5
equilibrium/phase2/cases.json,E2_A3p1,cocos,3
equilibrium/phase2/cases.json,E2_A3p1,psi_edge,0.0
equilibrium/phase2/cases.json,E2_A3p1,pressure_edge,0.0
equilibrium/phase2/cases.json,E2_A3p1,source.kind,solovev
equilibrium/phase2/cases.json,E2_A3p1,source.family,circular_constant_sources
equilibrium/phase2/cases.json,E2_A3p1,source.p_prime,-146292.2647219988
equilibrium/phase2/cases.json,E2_A3p1,source.FF_prime,0.0
equilibrium/phase2/cases.json,E2_A3p1,boundary.kind,exact_circle
equilibrium/phase2/cases.json,E2_A3p1,boundary.parameters.a,2.0
equilibrium/phase2/cases.json,E2_A3p1,boundary.parameters.aspect_ratio,3.1
equilibrium/phase2/cases.json,E2_A3p1,reference_kind,numerical; no exact interior solution
equilibrium/phase3/cases.json,E1_constant_q_A10,family,E1
equilibrium/phase3/cases.json,E1_constant_q_A10,aspect_ratio,10
equilibrium/phase3/cases.json,E1_constant_q_A10,q,1.5
equilibrium/phase3/cases.json,E2_constant_q_A10,family,E2
equilibrium/phase3/cases.json,E2_constant_q_A10,aspect_ratio,10
equilibrium/phase3/cases.json,E2_constant_q_A10,q,1.5
equilibrium/phase3/cases.json,Solovev_inverse_A3,exact_case,solovev_lcfs_A3
equilibrium/phase4/cases.json,E4_E1,id,E4_E1
equilibrium/phase4/cases.json,E4_E1,contract_case,E4_shaped_iter_scale
equilibrium/phase4/cases.json,E4_E1,source_law,E1_circular_zero_beta
equilibrium/phase4/cases.json,E4_E1,R0,6.2
equilibrium/phase4/cases.json,E4_E1,B0,5.3
equilibrium/phase4/cases.json,E4_E1,F_edge,32.86
equilibrium/phase4/cases.json,E4_E1,q_source_scale,1.5
equilibrium/phase4/cases.json,E4_E1,cocos,3
equilibrium/phase4/cases.json,E4_E1,psi_edge,0.0
equilibrium/phase4/cases.json,E4_E1,pressure_edge,0.0
equilibrium/phase4/cases.json,E4_E1,source.kind,solovev
equilibrium/phase4/cases.json,E4_E1,source.family,constant_sources
equilibrium/phase4/cases.json,E4_E1,source.p_prime,0.0
equilibrium/phase4/cases.json,E4_E1,source.FF_prime,-7.066666666666666
equilibrium/phase4/cases.json,E4_E1,boundary.kind,miller
equilibrium/phase4/cases.json,E4_E1,boundary.parameters.a,2.0
equilibrium/phase4/cases.json,E4_E1,boundary.parameters.aspect_ratio,3.1
equilibrium/phase4/cases.json,E4_E1,boundary.parameters.kappa,1.7
equilibrium/phase4/cases.json,E4_E1,boundary.parameters.delta,0.33
equilibrium/phase4/cases.json,E4_E1,reference_kind,numerical; no exact interior solution
equilibrium/phase4/cases.json,E4_E2,id,E4_E2
equilibrium/phase4/cases.json,E4_E2,contract_case,E4_shaped_iter_scale
equilibrium/phase4/cases.json,E4_E2,source_law,E2_circular_finite_beta
equilibrium/phase4/cases.json,E4_E2,R0,6.2
equilibrium/phase4/cases.json,E4_E2,B0,5.3
equilibrium/phase4/cases.json,E4_E2,F_edge,32.86
equilibrium/phase4/cases.json,E4_E2,q_source_scale,1.5
equilibrium/phase4/cases.json,E4_E2,cocos,3
equilibrium/phase4/cases.json,E4_E2,psi_edge,0.0
equilibrium/phase4/cases.json,E4_E2,pressure_edge,0.0
equilibrium/phase4/cases.json,E4_E2,source.kind,solovev
equilibrium/phase4/cases.json,E4_E2,source.family,constant_sources
equilibrium/phase4/cases.json,E4_E2,source.p_prime,-146292.2647219988
equilibrium/phase4/cases.json,E4_E2,source.FF_prime,0.0
equilibrium/phase4/cases.json,E4_E2,boundary.kind,miller
equilibrium/phase4/cases.json,E4_E2,boundary.parameters.a,2.0
equilibrium/phase4/cases.json,E4_E2,boundary.parameters.aspect_ratio,3.1
equilibrium/phase4/cases.json,E4_E2,boundary.parameters.kappa,1.7
equilibrium/phase4/cases.json,E4_E2,boundary.parameters.delta,0.33
equilibrium/phase4/cases.json,E4_E2,reference_kind,numerical; no exact interior solution
equilibrium/phase5/cases.json,C0,a,0.62
equilibrium/phase5/cases.json,C0,L,38.955748904513435
equilibrium/phase5/cases.json,C0,B_axis,5.3
equilibrium/phase5/cases.json,C0,families.gold_hoyle.q_RH,-1.5
equilibrium/phase5/cases.json,C0,families.lundquist.alpha_a,-1.5
equilibrium/phase5/cases.json,C0,convention,"COCOS 3; x=R-R_major, y=-Z, z aligned with physical +phi; q_c=-L*q_RH/(2*pi*R_major)"
equilibrium/phase5/cases.json,C0,continuation,"fixed a,L,B_axis,pitch; forward pprime=0, F=R_major*f(psi/R_major), psi_edge=0; inverse producers receive the converged forward q(s_tor),Phi"
equilibrium/phase5/cases.json,C0,aspect,10
equilibrium/phase5/cases.json,C0,aspect,30
equilibrium/phase5/cases.json,C0,aspect,100
equilibrium/phase5/cases.json,C0,aspect,300
equilibrium/phase4/tc24/reference/reference_case.json,E5_modx03,id,E5_tc24_reference
equilibrium/phase4/tc24/reference/reference_case.json,E5_modx03,source_path,received/xingting/20260527/gfiles/ngfile_p1_run_eq_modx03_20260527
equilibrium/phase4/tc24/reference/reference_case.json,E5_modx03,source_sha256,fbf1b1c06253647263869efe7842e4c60214f2a1844197d2306e5b80d95833f2
equilibrium/phase4/tc24/reference/reference_case.json,E5_modx03,source_cocos,2
equilibrium/phase4/tc24/reference/reference_case.json,E5_modx03,cocos,3
equilibrium/phase4/tc24/reference/reference_case.json,E5_modx03,R0,6.2
equilibrium/phase4/tc24/reference/reference_case.json,E5_modx03,F_edge,-32.852174128250105
equilibrium/phase4/tc24/reference/reference_case.json,E5_modx03,pressure_edge,10534.893931500577
equilibrium/phase4/tc24/reference/reference_case.json,E5_modx03,psi_edge,0.0
equilibrium/phase4/tc24/reference/reference_case.json,E5_modx03,source_axis_psi,-11.8233814567503
equilibrium/phase4/tc24/reference/reference_case.json,E5_modx03,current_A,-15481528.84405147
equilibrium/phase4/tc24/reference/reference_case.json,E5_modx03,source_cutoff,0.995
equilibrium/phase4/tc24/reference/reference_case.json,E5_modx03,source_cutoff_psi,-0.0594139771499993
equilibrium/phase4/tc24/reference/reference_case.json,E5_modx03,source.kind,cubic_profiles
equilibrium/phase4/tc24/reference/reference_case.json,E5_modx03,source.coordinate,normalized s_pol
equilibrium/phase4/tc24/reference/reference_case.json,E5_modx03,source.constraints,derivative shapes plus signed total current
equilibrium/phase4/tc24/reference/reference_case.json,E5_modx03,boundary.modes,128
equilibrium/phase4/tc24/reference/reference_case.json,E5_modx03,boundary.extraction_samples,4096
equilibrium/phase4/tc24/reference/reference_case.json,E5_modx03,reference_role,collaborator reference
