bpol_target,case,code,dof,wall_s,bpol_l2,workdir
0.001,E4_E1,vmecpp,2310,1.4575033478904516,0.00041105615482808674,/home/ert/data/iter_tc24/phase1/vmecpp/runs/phase4a_20261009_v3_vmecpp_E4_E1_00/native
0.0001,E4_E1,vmecpp,9030,3.353826457168907,5.161765493481401e-05,/home/ert/data/iter_tc24/phase1/vmecpp/runs/phase4a_20261009_v3_vmecpp_E4_E1_02/native
0.001,E4_E1,kin6d,973,0.5219492111355066,5.313619179362215e-05,/home/ert/data/iter_tc24/phase1/kin6d/runs/phase4a_20261009_v3_kin6d_E4_E1_00/native
0.0001,E4_E1,kin6d,973,0.5219492111355066,5.313619179362215e-05,/home/ert/data/iter_tc24/phase1/kin6d/runs/phase4a_20261009_v3_kin6d_E4_E1_00/native
1e-05,E4_E1,kin6d,4231,1.3128095138818026,4.139204031431039e-06,/home/ert/data/iter_tc24/phase1/kin6d/runs/phase4a_20261009_v3_kin6d_E4_E1_01/native
1e-06,E4_E1,kin6d,16885,4.850773198995739,3.6727481777196564e-07,/home/ert/data/iter_tc24/phase1/kin6d/runs/phase4a_20261009_v3_kin6d_E4_E1_02/native
0.001,E4_E1,chease_public,4224,2.4755688100121915,0.00019942410386445905,/home/ert/data/iter_tc24/phase1/chease_public/runs/phase4a_20261009_v3_chease_public_E4_E1_01/native
0.0001,E4_E1,chease_public,16640,6.583265644032508,1.777406781266604e-05,/home/ert/data/iter_tc24/phase1/chease_public/runs/phase4a_20261009_v3_chease_public_E4_E1_02/native
1e-05,E4_E1,chease_public,66048,21.212267010007054,1.5392726740003149e-06,/home/ert/data/iter_tc24/phase1/chease_public/runs/phase4a_20261009_v3_chease_public_E4_E1_03/native
0.001,E4_E1,desc,27,29.71822023205459,2.282251595613254e-05,/home/ert/data/iter_tc24/phase1/desc/runs/phase4a_20261009_v3_desc_E4_E1_00/native
0.0001,E4_E1,desc,27,29.71822023205459,2.282251595613254e-05,/home/ert/data/iter_tc24/phase1/desc/runs/phase4a_20261009_v3_desc_E4_E1_00/native
1e-05,E4_E1,desc,48,61.11989927198738,9.858308590768398e-07,/home/ert/data/iter_tc24/phase1/desc/runs/phase4a_20261009_v3_desc_E4_E1_01/native
1e-06,E4_E1,desc,48,61.11989927198738,9.858308590768398e-07,/home/ert/data/iter_tc24/phase1/desc/runs/phase4a_20261009_v3_desc_E4_E1_01/native
0.001,E4_E1,chease_mars,4224,2.7812684108503163,0.00020029281856342448,/home/ert/data/iter_tc24/phase1/chease_mars/runs/phase4a_20261009_v3_chease_mars_E4_E1_01/native
0.0001,E4_E1,chease_mars,16640,6.039305740967393,1.8625496141382557e-05,/home/ert/data/iter_tc24/phase1/chease_mars/runs/phase4a_20261009_v3_chease_mars_E4_E1_02/native
1e-05,E4_E1,chease_mars,66048,21.223168759141117,2.0210633580352707e-06,/home/ert/data/iter_tc24/phase1/chease_mars/runs/phase4a_20261009_v3_chease_mars_E4_E1_03/native
0.001,E4_E2,vmecpp,4550,2.024781631072983,0.000349751781990595,/home/ert/data/iter_tc24/phase1/vmecpp/runs/phase4a_20261009_v3_vmecpp_E4_E2_01/native
0.0001,E4_E2,vmecpp,17990,10.519112864974886,3.952993566159944e-05,/home/ert/data/iter_tc24/phase1/vmecpp/runs/phase4a_20261009_v3_vmecpp_E4_E2_03/native
0.001,E4_E2,desc,27,32.921036002924666,0.0002738735074640907,/home/ert/data/iter_tc24/phase1/desc/runs/phase4a_20261009_v3_desc_E4_E2_00/native
0.0001,E4_E2,desc,48,67.72745549096726,8.955217671009042e-06,/home/ert/data/iter_tc24/phase1/desc/runs/phase4a_20261009_v3_desc_E4_E2_01/native
1e-05,E4_E2,desc,48,67.72745549096726,8.955217671009042e-06,/home/ert/data/iter_tc24/phase1/desc/runs/phase4a_20261009_v3_desc_E4_E2_01/native
0.001,E4_E2,kin6d,973,0.5774092229548842,0.00010498654553614276,/home/ert/data/iter_tc24/phase1/kin6d/runs/phase4a_20261009_v3_kin6d_E4_E2_00/native
0.0001,E4_E2,kin6d,4231,1.5930387780535966,8.529065343633219e-06,/home/ert/data/iter_tc24/phase1/kin6d/runs/phase4a_20261009_v3_kin6d_E4_E2_01/native
1e-05,E4_E2,kin6d,4231,1.5930387780535966,8.529065343633219e-06,/home/ert/data/iter_tc24/phase1/kin6d/runs/phase4a_20261009_v3_kin6d_E4_E2_01/native
1e-06,E4_E2,kin6d,16885,5.965594073059037,6.524749927377081e-07,/home/ert/data/iter_tc24/phase1/kin6d/runs/phase4a_20261009_v3_kin6d_E4_E2_02/native
0.001,E4_E2,chease_public,4224,2.688944861991331,0.00019178999756159327,/home/ert/data/iter_tc24/phase1/chease_public/runs/phase4a_20261009_v3_chease_public_E4_E2_01/native
0.0001,E4_E2,chease_public,16640,6.943237415980548,1.818978855191948e-05,/home/ert/data/iter_tc24/phase1/chease_public/runs/phase4a_20261009_v3_chease_public_E4_E2_02/native
1e-05,E4_E2,chease_public,66048,21.978888811077923,1.6222587466467045e-06,/home/ert/data/iter_tc24/phase1/chease_public/runs/phase4a_20261009_v3_chease_public_E4_E2_03/native
0.001,E4_E2,chease_mars,4224,2.131249484140426,0.00019284855428496577,/home/ert/data/iter_tc24/phase1/chease_mars/runs/phase4a_20261009_v3_chease_mars_E4_E2_01/native
0.0001,E4_E2,chease_mars,16640,5.449711294146255,1.9170220447893614e-05,/home/ert/data/iter_tc24/phase1/chease_mars/runs/phase4a_20261009_v3_chease_mars_E4_E2_02/native
1e-05,E4_E2,chease_mars,66048,21.13422296778299,2.1510663819607543e-06,/home/ert/data/iter_tc24/phase1/chease_mars/runs/phase4a_20261009_v3_chease_mars_E4_E2_03/native
