code,case,dof,boundary_samples,wall_s,producer_reported_s,native_converged,workdir,psi_l2,psi_max,bpol_l2,bpol_max,btor_l2,btor_max,b_l2,b_max,q_max,axis_rel,volume_rel,phi_edge_rel,force_rms,accuracy_passed,axis_R,axis_Z,q_axis,volume,phi_edge,run_tag,resolution,code_commit,iterations,boundary_max_over_a,majorant,majorant_flux,majorant_balance,majorant_recovery_converged,majorant_iterations,estimator_s
vmecpp,E4_E1,2310,4097,1.4575033478904516,1.0714362428989261,True,/home/ert/data/iter_tc24/phase1/vmecpp/runs/phase4a_20261009_v3_vmecpp_E4_E1_00/native,0.00015224932612084344,0.00038298904277472634,0.00041105615482808674,0.0009690926801259871,1.1113859778946252e-05,6.367368984016788e-05,7.137486164511923e-05,0.00027122745046641837,6.140752812926104e-07,0.00041613964675182104,4.380415011578912e-10,4.672529538144833e-16,0.00026161990508404904,False,6.227258700170849,0.0,1.7905368103820207,798.7635691003642,121.65448799576113,phase4a_20261009_v3_vmecpp_E4_E1_00,"{""ftol"": 1e-16, ""mpol"": 24, ""ns"": 33, ""ntheta"": 96, ""tcon0"": 1.0}",a4150a4e2101bd47868d040f3adee5d0304ce89b,,1.790180836524724e-15,,,,,,
vmecpp,E4_E1,4550,4097,1.9057338910643011,1.521727099083364,True,/home/ert/data/iter_tc24/phase1/vmecpp/runs/phase4a_20261009_v3_vmecpp_E4_E1_01/native,4.3853974602616135e-05,0.0001311416950702457,0.00014349765435107544,0.00043416572087915626,3.879666223408316e-06,3.7227094509328905e-05,2.491658919931216e-05,0.00012040774814020083,1.4023560178945447e-07,0.00018873033561245757,4.380415011578912e-10,3.504397153608625e-16,8.111130456973311e-05,False,6.2286754263380795,0.0,1.790538859958702,798.7635691003642,121.65448799576123,phase4a_20261009_v3_vmecpp_E4_E1_01,"{""ftol"": 1e-16, ""mpol"": 24, ""ns"": 65, ""ntheta"": 96, ""tcon0"": 1.0}",a4150a4e2101bd47868d040f3adee5d0304ce89b,,1.790180836524724e-15,,,,,,
vmecpp,E4_E1,9030,4097,3.353826457168907,2.974111189134419,True,/home/ert/data/iter_tc24/phase1/vmecpp/runs/phase4a_20261009_v3_vmecpp_E4_E1_02/native,1.2376840208932541e-05,4.7977680445309024e-05,5.161765493481401e-05,0.00019616684546344898,1.4775678056174424e-06,1.9676239635689987e-05,8.975514647935762e-06,5.4277827111884404e-05,3.65220048943932e-08,8.442796804452202e-05,4.380415011578912e-10,8.176926691753458e-16,4.330494359772518e-05,False,6.229325214566634,0.0,1.7905395530209511,798.7635691003642,121.65448799576129,phase4a_20261009_v3_vmecpp_E4_E1_02,"{""ftol"": 1e-16, ""mpol"": 24, ""ns"": 129, ""ntheta"": 96, ""tcon0"": 1.0}",a4150a4e2101bd47868d040f3adee5d0304ce89b,,1.790180836524724e-15,,,,,,
vmecpp,E4_E1,17990,4097,8.653132211882621,8.184855557978153,True,/home/ert/data/iter_tc24/phase1/vmecpp/runs/phase4a_20261009_v3_vmecpp_E4_E1_03/native,3.4784018719579504e-06,1.7009571884595702e-05,2.024301075364501e-05,0.00011483662323181062,4.097507632394451e-07,1.0100392018990232e-05,3.496726182657599e-06,3.177058359304781e-05,1.1512874702710464e-08,3.6718974098562076e-05,4.380415011578912e-10,1.1681323845362082e-15,2.332332163394482e-05,False,6.2296224344993165,0.0,1.790538987810343,798.7635691003642,121.65448799576133,phase4a_20261009_v3_vmecpp_E4_E1_03,"{""ftol"": 1e-16, ""mpol"": 24, ""ns"": 257, ""ntheta"": 96, ""tcon0"": 1.0}",a4150a4e2101bd47868d040f3adee5d0304ce89b,,1.790180836524724e-15,,,,,,
kin6d,E4_E1,973,4097,0.5219492111355066,0.012139662,True,/home/ert/data/iter_tc24/phase1/kin6d/runs/phase4a_20261009_v3_kin6d_E4_E1_00/native,5.1090185197561045e-06,2.3909846278478235e-05,5.313619179362215e-05,0.000287317094197758,1.5420746335036518e-07,8.203103354581378e-07,9.118508566852495e-06,7.945921470356284e-05,5.2195643966538866e-06,2.9485914271132654e-05,1.78020622219264e-06,1.1997191511165814e-06,0.0017243777587243603,False,6.230032584736521,2.8961639479803403e-05,1.790904284068176,798.7649914141322,121.65463394698025,phase4a_20261009_v3_kin6d_E4_E1_00,"{""angular_points"": 128, ""boundary_nodes"": 24, ""curved"": true, ""degree"": 3, ""max_area"": 0.13707783890401884, ""radial_points"": 513}",1ada3838f6f71e69a0f830d9860dbae207ec6df9,183,,0.0009099763796669817,0.000635051247638655,0.00027492513202832667,1.0,724.0,0.038289113
kin6d,E4_E1,4231,4097,1.3128095138818026,0.056505515,True,/home/ert/data/iter_tc24/phase1/kin6d/runs/phase4a_20261009_v3_kin6d_E4_E1_01/native,2.850097336807717e-07,8.924912405804295e-07,4.139204031431039e-06,2.5416777637606058e-05,8.526604700958987e-09,3.060632112924388e-08,7.102648301382254e-07,7.0291538477422545e-06,7.040096569555341e-07,3.896578888138162e-06,1.115007121337337e-07,7.477006426213999e-08,0.000149508533155253,False,6.229875353239514,2.3163703199713392e-06,1.7905901376395794,798.7636585129626,121.65449709187507,phase4a_20261009_v3_kin6d_E4_E1_01,"{""angular_points"": 128, ""boundary_nodes"": 48, ""curved"": true, ""degree"": 3, ""max_area"": 0.03426945972600471, ""radial_points"": 513}",1ada3838f6f71e69a0f830d9860dbae207ec6df9,388,,8.067153103033442e-05,5.514475210992573e-05,2.5526778920408695e-05,1.0,1760.0,0.310414588
kin6d,E4_E1,16885,4097,4.850773198995739,0.351354146,True,/home/ert/data/iter_tc24/phase1/kin6d/runs/phase4a_20261009_v3_kin6d_E4_E1_02/native,1.5579698496599457e-08,5.4463955296552944e-08,3.6727481777196564e-07,2.4060750528965614e-06,4.6558790208244254e-10,1.8648897913984554e-09,6.301961659166854e-08,6.654135681755104e-07,9.459646968769221e-08,2.1398322387329187e-07,6.568282351820876e-09,4.3991078280406426e-09,1.9094489532792836e-05,True,6.229852518766427,8.946343492334963e-08,1.790521541287768,798.7635746967604,121.6544885309324,phase4a_20261009_v3_kin6d_E4_E1_02,"{""angular_points"": 128, ""boundary_nodes"": 96, ""curved"": true, ""degree"": 3, ""max_area"": 0.008567364931501177, ""radial_points"": 513}",1ada3838f6f71e69a0f830d9860dbae207ec6df9,774,,7.950248512526748e-06,5.059098143552487e-06,2.891150368974261e-06,1.0,3828.0,2.567245772
kin6d,E4_E1,68275,4097,30.35205559292808,2.670351835,True,/home/ert/data/iter_tc24/phase1/kin6d/runs/phase4a_20261009_v3_kin6d_E4_E1_03/native,0.0,0.0,0.0,0.0,0.0,0.0,0.0,0.0,2.8304455000083053e-10,0.0,0.0,0.0,2.3016045721213656e-06,True,6.229851188243632,6.8735619709013596e-09,1.7905384555022341,798.7635694502558,121.65448799576119,phase4a_20261009_v3_kin6d_E4_E1_03,"{""angular_points"": 128, ""boundary_nodes"": 192, ""curved"": true, ""degree"": 3, ""max_area"": 0.0021418412328752944, ""radial_points"": 513}",1ada3838f6f71e69a0f830d9860dbae207ec6df9,1575,,8.928559665085934e-07,5.370707585450876e-07,3.557852079635057e-07,0.0,6000.0,23.492929009
chease_public,E4_E1,1088,2049,1.223107737954706,1.1273822819348425,True,/home/ert/data/iter_tc24/phase1/chease_public/runs/phase4a_20261009_v3_chease_public_E4_E1_00/native,0.0007148125225676017,0.0015190681459659467,0.005153992169866909,0.007920579087651874,2.9154447838955043e-05,8.127777834392353e-05,0.0008848013900821123,0.0021904826384025688,3.241983100858525e-05,3.518169297628344e-07,5.695983580229866e-09,1.2774783156952985e-07,0.001674594761377189,False,6.22985338,8.817898476e-12,1.790759959,798.763574,121.65450353685823,phase4a_20261009_v3_chease_public_E4_E1_00,"{""export_n"": 257, ""folded"": true, ""ns"": 16, ""nt"": 16, ""relax"": 0.0, ""smooth"": 1}",b942066c64a6dfe1baaba546945473fb6db97828,,,,,,,,
chease_public,E4_E1,4224,2049,2.4755688100121915,2.3789911090862006,True,/home/ert/data/iter_tc24/phase1/chease_public/runs/phase4a_20261009_v3_chease_public_E4_E1_01/native,1.060978976653412e-05,3.518599384176668e-05,0.00019942410386445905,0.0004281465871451822,4.229817566279921e-07,1.760700675116661e-06,3.4220232218681236e-05,0.00011840660715752123,5.555607049131201e-07,3.0505009282978455e-09,6.882439400082334e-10,1.466988565290984e-08,0.00018631119471759205,False,6.22985117,1.55113447e-09,1.790561635,798.76357,121.65448978041861,phase4a_20261009_v3_chease_public_E4_E1_01,"{""export_n"": 257, ""folded"": true, ""ns"": 32, ""nt"": 32, ""relax"": 0.0, ""smooth"": 1}",b942066c64a6dfe1baaba546945473fb6db97828,,,,,,,,
chease_public,E4_E1,16640,2049,6.583265644032508,6.488155437866226,True,/home/ert/data/iter_tc24/phase1/chease_public/runs/phase4a_20261009_v3_chease_public_E4_E1_02/native,3.782241091068593e-07,1.0739355785740663e-06,1.777406781266604e-05,3.6837562889254765e-05,1.4736032742464017e-08,5.379835095625164e-08,3.049754313612127e-06,1.0187635109879707e-05,1.7660162837618063e-08,1.1694022898231694e-08,5.636909700471748e-10,3.1519603991231593e-09,3.8542674975240276e-05,False,6.229851118,-1.24460991e-08,1.790544814,798.763569,121.65448837921132,phase4a_20261009_v3_chease_public_E4_E1_02,"{""export_n"": 257, ""folded"": true, ""ns"": 64, ""nt"": 64, ""relax"": 0.0, ""smooth"": 1}",b942066c64a6dfe1baaba546945473fb6db97828,,,,,,,,
chease_public,E4_E1,66048,2049,21.212267010007054,21.114518258953467,True,/home/ert/data/iter_tc24/phase1/chease_public/runs/phase4a_20261009_v3_chease_public_E4_E1_03/native,1.710640375990942e-08,4.4850229380034624e-08,1.5392726740003149e-06,3.305197089954729e-06,6.711931466289971e-10,2.5467324522359253e-09,2.6411314799489407e-07,9.140704769081897e-07,8.77657229259605e-09,1.2676354583882706e-08,5.636909700471748e-10,7.484092188764034e-10,6.6675567435011485e-06,True,6.229851115,-2.265466039e-08,1.79054096,798.763569,121.65448808680853,phase4a_20261009_v3_chease_public_E4_E1_03,"{""export_n"": 257, ""folded"": true, ""ns"": 128, ""nt"": 128, ""relax"": 0.0, ""smooth"": 1}",b942066c64a6dfe1baaba546945473fb6db97828,,,,,,,,
desc,E4_E1,27,4097,29.71822023205459,28.138429020997137,True,/home/ert/data/iter_tc24/phase1/desc/runs/phase4a_20261009_v3_desc_E4_E1_00/native,4.87614038275162e-06,7.440620068598858e-06,2.282251595613254e-05,6.561270209625541e-05,8.665236585411079e-07,4.779097439179345e-06,4.007915325424653e-06,1.8694840870192504e-05,3.779076454296373e-09,5.779372675252632e-06,4.380476212843078e-10,0.0,2.7023639775479285e-06,False,6.229887192874704,0.0,1.790538455502234,798.7635691003593,121.65448799576119,phase4a_20261009_v3_desc_E4_E1_00,"{""L"": 6, ""M"": 6, ""N"": 0, ""continuation"": false, ""continuation_steps"": [4], ""cpu"": 14, ""maxiter"": 200}",2888389dcce56f5827a4ec54f9f9ef226f3ee5ed,16,3.205270004968952e-08,,,,,,
desc,E4_E1,48,4097,61.11989927198738,59.41752674104646,True,/home/ert/data/iter_tc24/phase1/desc/runs/phase4a_20261009_v3_desc_E4_E1_01/native,1.7776210438449786e-07,3.8452566069218505e-07,9.858308590768398e-07,2.1656329839003587e-06,3.542473255817651e-08,1.8239060509458195e-07,1.7271407298295901e-07,6.240411322548256e-07,3.779076454296373e-09,4.448825630717057e-07,4.380415011578912e-10,0.0,7.855033066802477e-08,True,6.2298484166999915,0.0,1.790538455502234,798.7635691003642,121.65448799576119,phase4a_20261009_v3_desc_E4_E1_01,"{""L"": 8, ""M"": 8, ""N"": 0, ""continuation"": true, ""continuation_steps"": [4], ""cpu"": 14, ""maxiter"": 200}",2888389dcce56f5827a4ec54f9f9ef226f3ee5ed,168,1.610800382026208e-11,,,,,,
desc,E4_E1,75,4097,78.316396121867,75.97904630098492,False,/home/ert/data/iter_tc24/phase1/desc/runs/phase4a_20261009_v3_desc_E4_E1_02/native,5.012561243846248e-09,1.1501681813567875e-08,4.1609873147121526e-08,1.4137337853720534e-07,9.22551903765082e-10,3.3531860362128014e-09,7.1971454875526464e-09,3.910096299630859e-08,3.779076454296373e-09,1.2607656613522473e-08,4.3804022020119935e-10,0.0,2.81378650281634e-08,False,6.229851110001147,0.0,1.790538455502234,798.7635691003652,121.65448799576119,phase4a_20261009_v3_desc_E4_E1_02,"{""L"": 10, ""M"": 10, ""N"": 0, ""continuation"": true, ""continuation_steps"": [4], ""cpu"": 14, ""maxiter"": 200}",2888389dcce56f5827a4ec54f9f9ef226f3ee5ed,200,6.243548139714246e-15,,,,,,
desc,E4_E1,108,4097,80.55559635488316,78.00790049694479,False,/home/ert/data/iter_tc24/phase1/desc/runs/phase4a_20261009_v3_desc_E4_E1_03/native,1.3207219379010994e-08,2.0026828745372456e-08,5.758957759245152e-08,1.661081786413617e-07,2.6234493771857035e-09,8.996306124919928e-09,1.0213777955137726e-08,4.6091224999383e-08,3.779076454296373e-09,5.051075470828535e-09,4.380415011578912e-10,0.0,3.819617645234817e-08,False,6.229851218951196,0.0,1.790538455502234,798.7635691003642,121.65448799576119,phase4a_20261009_v3_desc_E4_E1_03,"{""L"": 12, ""M"": 12, ""N"": 0, ""continuation"": true, ""continuation_steps"": [4], ""cpu"": 14, ""maxiter"": 200}",2888389dcce56f5827a4ec54f9f9ef226f3ee5ed,200,1.790180836524724e-15,,,,,,
chease_mars,E4_E1,1088,4097,2.7946236848365515,2.6804231449496,True,/home/ert/data/iter_tc24/phase1/chease_mars/runs/phase4a_20261009_v3_chease_mars_E4_E1_00/native,0.0007148359956782734,0.0015190984559146858,0.005154355803791197,0.007924308390770777,2.9155336659170886e-05,8.127957067751812e-05,0.0008848637788587727,0.002191513993450936,3.236246166919483e-05,3.5374510576947065e-07,6.66593064685138e-07,1.262673264509668e-07,0.0016755525068961597,False,6.229853392,-3.194848024e-09,1.790758501,798.763037,121.65450335674814,phase4a_20261009_v3_chease_mars_E4_E1_00,"{""export_n"": 257, ""folded"": true, ""ns"": 16, ""nt"": 16, ""relax"": 0.0, ""smooth"": 1}",104053d51ef2fa83820a46791eaf32efc27a5c4e,,,,,,,,
chease_mars,E4_E1,4224,4097,2.7812684108503163,2.6808000651653856,True,/home/ert/data/iter_tc24/phase1/chease_mars/runs/phase4a_20261009_v3_chease_mars_E4_E1_01/native,1.0617043462974512e-05,3.51916607513796e-05,0.00020029281856342448,0.00042837641103210994,4.232294361013165e-07,1.760984239880084e-06,3.4369280451504226e-05,0.00011847016845716622,5.519714339704881e-07,3.129364220544637e-09,1.6707103443440203e-07,1.4606615397686774e-08,0.00018814822210837628,False,6.22985117,1.813700345e-13,1.790561243,798.763436,121.6544897727215,phase4a_20261009_v3_chease_mars_E4_E1_01,"{""export_n"": 257, ""folded"": true, ""ns"": 32, ""nt"": 32, ""relax"": 0.0, ""smooth"": 1}",104053d51ef2fa83820a46791eaf32efc27a5c4e,,,,,,,,
chease_mars,E4_E1,16640,4097,6.039305740967393,5.9392340609338135,True,/home/ert/data/iter_tc24/phase1/chease_mars/runs/phase4a_20261009_v3_chease_mars_E4_E1_02/native,3.86032360255296e-07,1.0794884724045322e-06,1.8625496141382557e-05,3.746585446300019e-05,1.5013844194224868e-08,5.4076211498753406e-08,3.195844227166332e-06,1.0361390676451718e-05,1.7629040287891952e-08,1.502304111887327e-08,4.1877543001875645e-08,3.0779754496029355e-09,4.1573620659615414e-05,False,6.229851102,4.322420482e-08,1.790544712,798.763536,121.65448837021071,phase4a_20261009_v3_chease_mars_E4_E1_02,"{""export_n"": 257, ""folded"": true, ""ns"": 64, ""nt"": 64, ""relax"": 0.0, ""smooth"": 1}",104053d51ef2fa83820a46791eaf32efc27a5c4e,,,,,,,,
chease_mars,E4_E1,66048,4097,21.223168759141117,21.115599028998986,True,/home/ert/data/iter_tc24/phase1/chease_mars/runs/phase4a_20261009_v3_chease_mars_E4_E1_03/native,2.0848980540332062e-08,5.151689128809657e-08,2.0210633580352707e-06,4.444333576048259e-06,8.098145249613564e-10,2.6980909015646684e-09,3.467801088745577e-07,1.2291050401231907e-06,8.777007985438614e-09,1.1701304789451902e-08,1.0579170250490439e-08,7.261530261803119e-10,9.205980614235467e-06,True,6.229851124,4.132330474e-08,1.790540945,798.763561,121.65448808410096,phase4a_20261009_v3_chease_mars_E4_E1_03,"{""export_n"": 257, ""folded"": true, ""ns"": 128, ""nt"": 128, ""relax"": 0.0, ""smooth"": 1}",104053d51ef2fa83820a46791eaf32efc27a5c4e,,,,,,,,
