tag,case,variant,n,grid,scan,nsurf,nlabel,mpol,path,Bphi_l2,Bphi_max,b_l2,b_max,bmn_rel,bmod_l2,bmod_max,boundary_treatment,bpol_l2,bpol_max,combined_Bphi_l2,combined_Bphi_max,combined_b_l2,combined_b_max,combined_bmod_l2,combined_bmod_max,combined_bpol_l2,combined_bpol_max,combined_psi_l2,combined_psi_max,phi_edge_rel,physical_Bphi_l2,physical_Bphi_max,physical_b_l2,physical_b_max,physical_bmod_l2,physical_bmod_max,physical_bpol_l2,physical_bpol_max,physical_psi_l2,physical_psi_max,physical_rho_tor_max_abs,physical_s_pol_max_abs,physical_s_tor_max_abs,psi_l2,psi_max,q_max_rel,q_rel,rho_tor_max_abs,s_pol_max_abs,s_tor_max_abs,consumer_bmod_l2,covariant_identity_max,hamada_bmn_rel,hamada_bmod_l2,hamada_jacobian_max_rel,jacobian_geometry_max_rel,jacobian_max_rel,boozer_bmn_rel
export_e2e_20261009_mars_a3_n128_v1,solovev_lcfs_A3,mars,128,257,10000,40,256,20,native,0.0,0.0,1.0169788045903019e-07,2.3907351019376616e-07,,1.7349225973868043e-09,4.908766400374736e-09,scan,6.409449998525465e-07,1.6979896836117499e-06,,,,,,,,,,,,,,,,,,,,,,,,,1.2295316945277718e-08,3.317252283517473e-08,,,,,,,,,,,,,
export_e2e_20261009_mars_a3_n128_v1,solovev_lcfs_A3,mars,128,257,10000,40,256,20,eqdsk,0.0,0.0,9.612098328332975e-08,2.4537243218563597e-07,,1.921385094534061e-09,6.58598227734933e-09,scan,6.057969284933112e-07,1.7427269886833217e-06,,,,,,,,,,,1.8993790984467296e-09,,,,,,,,,,,,,,1.2163670746223898e-08,3.359165254077768e-08,3.010685922788525e-09,,2.438183899222679e-08,3.140830467929234e-08,2.9122304512352315e-08,,,,,,,,
export_e2e_20261009_mars_a3_n128_v1,solovev_lcfs_A3,mars,128,257,10000,40,256,20,fortran,1.255824081720001e-16,3.899150722246449e-16,9.830248351219359e-08,2.461611353673027e-07,,1.9043009353857634e-09,6.766211002083184e-09,scan,6.195457073032172e-07,1.7483286543166934e-06,,,,,,,,,,,1.8993790984467296e-09,,,,,,,,,,,,,,1.2313381824616301e-08,3.359217766021272e-08,3.010685922788525e-09,,2.4372106444126018e-08,3.140879611951419e-08,2.911608709688096e-08,,,,,,,,
export_e2e_20261009_mars_a3_n128_v1,solovev_lcfs_A3,mars,128,257,10000,40,256,20,boozer_libneo_python,,,,,0.00016318783118808022,0.00015352495404844958,,scan,,,,,,,,,,,,,0.00045881173582651424,6.037472726573602e-06,9.09105941961887e-06,3.6025846246039106e-05,3.413310393174525e-05,2.459454259537454e-06,5.586974985863667e-06,0.00022649895996919563,0.00024223449956335894,0.01198710075413315,0.01499856620497586,0.0002840294289858658,0.0004207830052964656,0.0005572253102411606,,,,0.0002505668501039393,,,,,,,,,,,
export_e2e_20261009_mars_a3_n128_v1,solovev_lcfs_A3,mars,128,257,10000,40,256,20,boozer_neort,,,,,0.00028903344447324923,0.00020482253986252465,,scan,,,,,,,,,,,,,,,,,,,,,,,,,,,,,,0.00026410543720090107,,,,,,,,,,,
export_e2e_20261009_mars_a3_n64_v1,solovev_lcfs_A3,mars,64,257,10000,40,256,20,native,0.0,0.0,8.692685288656016e-07,2.2384745909317864e-06,,1.6908560480849015e-08,7.159097565211757e-08,scan,5.478514543182048e-06,1.589848561368684e-05,,,,,,,,,,,,,,,,,,,,,,,,,2.2781882214201632e-07,6.865487454284574e-07,,,,,,,,,,,,,
export_e2e_20261009_mars_a3_n64_v1,solovev_lcfs_A3,mars,64,257,10000,40,256,20,eqdsk,0.0,0.0,8.642088011663951e-07,2.271320132351242e-06,,1.684340878633782e-08,7.155485217132358e-08,scan,5.4466259024868455e-06,1.6131766960656966e-05,,,,,,,,,,,7.661960177429705e-09,,,,,,,,,,,,,,2.27392477311673e-07,6.869306144198295e-07,2.524701758765957e-08,,5.214801623854015e-07,6.429835461285727e-07,6.129077365080171e-07,,,,,,,,
export_e2e_20261009_mars_a3_n64_v1,solovev_lcfs_A3,mars,64,257,10000,40,256,20,fortran,1.255824081720001e-16,3.899150722246449e-16,8.669971752657901e-07,2.2724734396285706e-06,,1.6848458560273278e-08,7.157034829036007e-08,scan,5.464199468707289e-06,1.6139958181245775e-05,,,,,,,,,,,7.661960177429705e-09,,,,,,,,,,,,,,2.2758094995074917e-07,6.869284111821903e-07,2.524701758765957e-08,,5.214788537655224e-07,6.429814842778825e-07,6.129078335970206e-07,,,,,,,,
export_e2e_20261009_mars_a3_n64_v1,solovev_lcfs_A3,mars,64,257,10000,40,256,20,boozer_libneo_python,,,,,0.00016318830552759482,0.00015352521767223362,,scan,,,,,,,,,,,,,0.00045881173582651424,6.03750133821552e-06,9.089296490561734e-06,3.602876250998295e-05,3.41447276634626e-05,2.4604834883995503e-06,5.595527113697472e-06,0.00022651778197810022,0.0002423244428849618,0.011987448648599847,0.01500226701964557,0.0002841016724048906,0.00042089063879480193,0.0005573670210216042,,,,0.0002505924369952117,,,,,,,,,,,
export_e2e_20261009_mars_a3_n64_v1,solovev_lcfs_A3,mars,64,257,10000,40,256,20,boozer_neort,,,,,0.00028903342102858267,0.00020482247387301183,,scan,,,,,,,,,,,,,,,,,,,,,,,,,,,,,,0.00026411437484585853,,,,,,,,,,,
export_e2e_20261009_mars_cerfon_n128_v1,solovev_cerfon_iter,mars,128,257,10000,40,256,20,native,1.8332672061378313e-10,3.912612800281646e-10,3.549281637861465e-07,9.862750317738056e-07,,1.9770681625017717e-08,4.478013826512107e-08,scan,1.876593769687011e-06,5.131251781665189e-06,,,,,,,,,,,,,,,,,,,,,,,,,4.121279915992972e-08,7.10118796608541e-08,,,,,,,,,,,,,
export_e2e_20261009_mars_cerfon_n128_v1,solovev_cerfon_iter,mars,128,257,10000,40,256,20,eqdsk,1.8127445092247123e-10,3.830741316227764e-10,3.367617455446891e-07,1.0178152359610848e-06,,1.9652195483386422e-08,4.7322209318870075e-08,scan,1.7805433635375313e-06,5.295344680911481e-06,,,,,,,,,,,1.4685785920676153e-09,,,,,,,,,,,,,,4.074733260378623e-08,7.007570078276273e-08,2.241315133488797e-09,,5.659412066760794e-08,6.553173997891903e-08,6.272912833615862e-08,,,,,,,,
export_e2e_20261009_mars_cerfon_n128_v1,solovev_cerfon_iter,mars,128,257,10000,40,256,20,fortran,1.8327372947534193e-10,3.8615773105926656e-10,3.451944983528999e-07,1.0304348388335296e-06,,1.994113947882785e-08,4.764261559594085e-08,scan,1.8251294383484054e-06,5.3610001596659435e-06,,,,,,,,,,,1.4685785920676153e-09,,,,,,,,,,,,,,4.105497144772211e-08,7.05109976969929e-08,2.241315133488797e-09,,5.68271965040168e-08,6.593893375761439e-08,6.292537524377195e-08,,,,,,,,
export_e2e_20261009_mars_cerfon_n128_v1,solovev_cerfon_iter,mars,128,257,10000,40,256,20,boozer_libneo_python,,,,,0.00011265410673408583,0.00010670941610178048,,scan,,,,,,,,,,,,,0.0004238952855812883,2.9735506608143434e-06,6.229057967020971e-06,1.5592765048472336e-05,1.8227639283522495e-05,1.5956390766807086e-06,4.5498859605391595e-06,8.366855220272408e-05,9.494195155189778e-05,0.011073739431138423,0.012571011175959379,0.00023722573556839155,0.00034812748681034567,0.00046541422894652573,,,,0.00024062156624093944,,,,,,,,,,,
export_e2e_20261009_mars_cerfon_n128_v1,solovev_cerfon_iter,mars,128,257,10000,40,256,20,boozer_neort,,,,,0.00025441889632361425,0.00018019563254646062,,scan,,,,,,,,,,,,,,,,,,,,,,,,,,,,,,0.0002538559907470095,,,,,,,,,,,
export_e2e_20261009_mars_cerfon_n256_v1,solovev_cerfon_iter,mars,256,513,10000,40,256,20,native,9.597180662906747e-11,1.6264769741807899e-10,4.562162656749165e-08,1.1139457921813264e-07,,2.55398067487344e-09,5.6387368111637955e-09,scan,2.4121244034506157e-07,5.795476797349549e-07,,,,,,,,,,,,,,,,,,,,,,,,,2.0888903693477185e-09,3.832772960766956e-09,,,,,,,,,,,,,
export_e2e_20261009_mars_cerfon_n256_v1,solovev_cerfon_iter,mars,256,513,10000,40,256,20,eqdsk,9.58571119652619e-11,1.626786307952981e-10,4.3167656412633314e-08,1.0577619027209629e-07,,2.544398437023761e-09,6.0184554790304505e-09,scan,2.2823765815447683e-07,5.50317267442961e-07,,,,,,,,,,,2.6129698404986357e-10,,,,,,,,,,,,,,2.0588452627006456e-09,3.847905717457754e-09,4.051652346959145e-10,,3.0792423610925823e-09,3.5562179867554278e-09,3.3071669847117846e-09,,,,,,,,
export_e2e_20261009_mars_cerfon_n256_v1,solovev_cerfon_iter,mars,256,513,10000,40,256,20,fortran,9.861532510839832e-11,1.6581023425050975e-10,4.4036136216570755e-08,1.0421487967646641e-07,,2.5645811810249307e-09,6.133488342483642e-09,scan,2.3282950783770112e-07,5.421942891612834e-07,,,,,,,,,,,2.6129698404986357e-10,,,,,,,,,,,,,,2.079336610344571e-09,3.849322324670175e-09,4.051652346959145e-10,,3.096452649842263e-09,3.557543093446469e-09,3.317551733328372e-09,,,,,,,,
export_e2e_20261009_mars_cerfon_n256_v1,solovev_cerfon_iter,mars,256,513,10000,40,256,20,boozer_libneo_python,,,,,0.00011265472055915489,0.00010670975040370216,,scan,,,,,,,,,,,,,0.0004238952855812883,2.9780572714344767e-06,6.277212115744534e-06,1.559427447259432e-05,1.8176021603111583e-05,1.5964304044120676e-06,4.569798403669799e-06,8.367232455175824e-05,9.466683476599018e-05,0.011073947599456296,0.012563268218797838,0.0002370756417221509,0.00034790520459815344,0.00046511979474350706,,,,0.00024062156624093944,,,,,,,,,,,
export_e2e_20261009_mars_cerfon_n256_v1,solovev_cerfon_iter,mars,256,513,10000,40,256,20,boozer_neort,,,,,0.00025441933463878275,0.00018019642639057422,,scan,,,,,,,,,,,,,,,,,,,,,,,,,,,,,,0.00025385682545320254,,,,,,,,,,,
export_e2e_20261009_public_a3_n128_dense_v1,solovev_lcfs_A3,public,128,257,40000,2000,256,20,native,0.0,0.0,1.0169790425962808e-07,2.3907378409781594e-07,,1.734927474146533e-09,4.908757118482531e-09,scan,6.409451498544359e-07,1.6979916289809817e-06,,,,,,,,,,,,,,,,,,,,,,,,,1.2295299345813246e-08,3.317269489826147e-08,,,,,,,,,,,,,
export_e2e_20261009_public_a3_n128_dense_v1,solovev_lcfs_A3,public,128,257,40000,2000,256,20,eqdsk,0.0,0.0,7.561855636045404e-08,1.9782653237657106e-07,,1.592835982830886e-09,4.438891105001538e-09,scan,4.76581570594546e-07,1.405038186153935e-06,,,,,,,,,,,1.9878672041784284e-09,,,,,,,,,,,,,,1.0688050235241193e-08,3.2163881599861846e-08,2.9665044865012646e-09,,2.252761022170091e-08,3.007337717741976e-08,2.815907240716342e-08,,,,,,,,
export_e2e_20261009_public_a3_n128_dense_v1,solovev_lcfs_A3,public,128,257,40000,2000,256,20,fortran,1.255824081720001e-16,3.899150722246449e-16,7.68421407092415e-08,1.9856031551263697e-07,,1.7211816069507327e-09,1.3372681412806946e-08,scan,4.842931400659383e-07,1.410249789037242e-06,,,,,,,,,,,1.9878672041784284e-09,,,,,,,,,,,,,,1.078410533945139e-08,3.2149685388989004e-08,2.9665044865012646e-09,,2.2521949194498347e-08,3.006009174910673e-08,2.8146210862001197e-08,,,,,,,,
export_e2e_20261009_public_a3_n128_dense_v1,solovev_lcfs_A3,public,128,257,40000,2000,256,20,boozer_libneo_python,,,,,3.1767427132322624e-05,3.0113537507171413e-05,,scan,,,,,,,,,,,,,8.797782283131994e-05,6.865376977537739e-06,1.0306909013117085e-05,4.07400622511148e-05,3.848850208928295e-05,2.8184256674108178e-06,6.386787732145528e-06,0.00025587997953555036,0.0002729059847629651,0.004728743954883841,0.010940744116422575,0.00011210610134870791,0.00016706912136776886,0.00022191787588343725,,,,4.895845860375392e-05,,,,,,,,,,,
export_e2e_20261009_public_a3_n128_dense_v1,solovev_lcfs_A3,public,128,257,40000,2000,256,20,boozer_neort,,,,,3.177285259494867e-05,3.0120407787253915e-05,,scan,,,,,,,,,,,,,,,,,,,,,,,,,,,,,,4.897498554012891e-05,,,,,,,,,,,
export_e2e_20261009_public_a3_n128_m40_v1,solovev_lcfs_A3,public,128,257,40000,2000,256,40,native,0.0,0.0,1.0169790425962808e-07,2.3907378409781594e-07,,1.734927474146533e-09,4.908757118482531e-09,scan,6.409451498544359e-07,1.6979916289809817e-06,,,,,,,,,,,,,,,,,,,,,,,,,1.2295299345813246e-08,3.317269489826147e-08,,,,,,,,,,,,,
export_e2e_20261009_public_a3_n128_m40_v1,solovev_lcfs_A3,public,128,257,40000,2000,256,40,eqdsk,0.0,0.0,7.561855636045404e-08,1.9782653237657106e-07,,1.592835982830886e-09,4.438891105001538e-09,scan,4.76581570594546e-07,1.405038186153935e-06,,,,,,,,,,,1.9878672041784284e-09,,,,,,,,,,,,,,1.0688050235241193e-08,3.2163881599861846e-08,2.9665044865012646e-09,,2.252761022170091e-08,3.007337717741976e-08,2.815907240716342e-08,,,,,,,,
export_e2e_20261009_public_a3_n128_m40_v1,solovev_lcfs_A3,public,128,257,40000,2000,256,40,fortran,1.255824081720001e-16,3.899150722246449e-16,7.68421407092415e-08,1.9856031551263697e-07,,1.7211816069507327e-09,1.3372681412806946e-08,scan,4.842931400659383e-07,1.410249789037242e-06,,,,,,,,,,,1.9878672041784284e-09,,,,,,,,,,,,,,1.078410533945139e-08,3.2149685388989004e-08,2.9665044865012646e-09,,2.2521949194498347e-08,3.006009174910673e-08,2.8146210862001197e-08,,,,,,,,
export_e2e_20261009_public_a3_n128_m40_v1,solovev_lcfs_A3,public,128,257,40000,2000,256,40,boozer_libneo_python,,,,,3.176742749454817e-05,2.990942428879284e-05,,scan,,,,,,,,,,,,,8.797782283131994e-05,1.7427595778877995e-08,7.97420045303111e-08,5.506557363457705e-08,2.810221268003516e-07,1.674188404539274e-08,5.7941597026463186e-08,5.086786385667396e-07,2.848816665197793e-06,0.004297976930080611,0.004298866311858208,4.3516502384099987e-05,6.459913724499167e-05,8.614539503881691e-05,,,,4.895845860375392e-05,,,,,,,,,,,
export_e2e_20261009_public_a3_n128_m40_v1,solovev_lcfs_A3,public,128,257,40000,2000,256,40,boozer_neort,,,,,3.177285297342149e-05,2.991564116877574e-05,,scan,,,,,,,,,,,,,,,,,,,,,,,,,,,,,,4.897498554012891e-05,,,,,,,,,,,
export_e2e_20261009_public_a3_n128_map1024_v1,solovev_lcfs_A3,public,128,257,40000,2000,1024,20,native,0.0,0.0,1.0169790425962808e-07,2.3907378409781594e-07,,1.734927474146533e-09,4.908757118482531e-09,scan,6.409451498544359e-07,1.6979916289809817e-06,,,,,,,,,,,,,,,,,,,,,,,,,1.2295299345813246e-08,3.317269489826147e-08,,,,,,,,,,,,,
export_e2e_20261009_public_a3_n128_map1024_v1,solovev_lcfs_A3,public,128,257,40000,2000,1024,20,eqdsk,0.0,0.0,7.561855636045404e-08,1.9782653237657106e-07,,1.592835982830886e-09,4.438891105001538e-09,scan,4.76581570594546e-07,1.405038186153935e-06,,,,,,,,,,,1.9878672041784284e-09,,,,,,,,,,,,,,1.0688050235241193e-08,3.2163881599861846e-08,2.9665044865012646e-09,,2.252761022170091e-08,3.007337717741976e-08,2.815907240716342e-08,,,,,,,,
export_e2e_20261009_public_a3_n128_map1024_v1,solovev_lcfs_A3,public,128,257,40000,2000,1024,20,fortran,1.255824081720001e-16,3.899150722246449e-16,7.68421407092415e-08,1.9856031551263697e-07,,1.7211816069507327e-09,1.3372681412806946e-08,scan,4.842931400659383e-07,1.410249789037242e-06,,,,,,,,,,,1.9878672041784284e-09,,,,,,,,,,,,,,1.078410533945139e-08,3.2149685388989004e-08,2.9665044865012646e-09,,2.2521949194498347e-08,3.006009174910673e-08,2.8146210862001197e-08,,,,,,,,
export_e2e_20261009_public_a3_n128_map1024_v1,solovev_lcfs_A3,public,128,257,40000,2000,1024,20,boozer_libneo_python,,,,,3.176720752541388e-05,3.011341631418786e-05,,scan,,,,,,,,,,,,,8.797782283131994e-05,6.8656921367500846e-06,1.030710013477065e-05,4.0740495514899166e-05,3.8487700676423585e-05,2.818560456431641e-06,6.3865452466972426e-06,0.00025588244338240444,0.0002729003410856013,0.004728595095054665,0.010940386677321898,0.00011210243093329186,0.00016706356893159136,0.00022191061058163264,,,,4.895845860375392e-05,,,,,,,,,,,
export_e2e_20261009_public_a3_n128_map1024_v1,solovev_lcfs_A3,public,128,257,40000,2000,1024,20,boozer_neort,,,,,3.1772678751969696e-05,3.0120311848973968e-05,,scan,,,,,,,,,,,,,,,,,,,,,,,,,,,,,,4.897474905596333e-05,,,,,,,,,,,
export_e2e_20261009_public_a3_n128_scan40000_v1,solovev_lcfs_A3,public,128,257,40000,40,256,20,native,0.0,0.0,1.0169790425962808e-07,2.3907378409781594e-07,,1.734927474146533e-09,4.908757118482531e-09,scan,6.409451498544359e-07,1.6979916289809817e-06,,,,,,,,,,,,,,,,,,,,,,,,,1.2295299345813246e-08,3.317269489826147e-08,,,,,,,,,,,,,
export_e2e_20261009_public_a3_n128_scan40000_v1,solovev_lcfs_A3,public,128,257,40000,40,256,20,eqdsk,0.0,0.0,7.561855636045404e-08,1.9782653237657106e-07,,1.592835982830886e-09,4.438891105001538e-09,scan,4.76581570594546e-07,1.405038186153935e-06,,,,,,,,,,,1.9878672041784284e-09,,,,,,,,,,,,,,1.0688050235241193e-08,3.2163881599861846e-08,2.9665044865012646e-09,,2.252761022170091e-08,3.007337717741976e-08,2.815907240716342e-08,,,,,,,,
export_e2e_20261009_public_a3_n128_scan40000_v1,solovev_lcfs_A3,public,128,257,40000,40,256,20,fortran,1.255824081720001e-16,3.899150722246449e-16,7.68421407092415e-08,1.9856031551263697e-07,,1.7211816069507327e-09,1.3372681412806946e-08,scan,4.842931400659383e-07,1.410249789037242e-06,,,,,,,,,,,1.9878672041784284e-09,,,,,,,,,,,,,,1.078410533945139e-08,3.2149685388989004e-08,2.9665044865012646e-09,,2.2521949194498347e-08,3.006009174910673e-08,2.8146210862001197e-08,,,,,,,,
export_e2e_20261009_public_a3_n128_scan40000_v1,solovev_lcfs_A3,public,128,257,40000,40,256,20,boozer_libneo_python,,,,,3.129728021780682e-05,2.9600708382973002e-05,,scan,,,,,,,,,,,,,8.797782283131994e-05,6.0536391140404265e-06,9.106983437470094e-06,3.6115741397317876e-05,3.421534918682352e-05,2.466314036188158e-06,5.6127177805852805e-06,0.00022705870601827402,0.00024281005548874038,0.0024918754485579314,0.005431098553138435,0.00010251893916424226,0.00015254502764816547,0.00020114617411171043,,,,4.805676303187845e-05,,,,,,,,,,,
export_e2e_20261009_public_a3_n128_scan40000_v1,solovev_lcfs_A3,public,128,257,40000,40,256,20,boozer_neort,,,,,0.0003045348928475411,0.00021572051244368956,,scan,,,,,,,,,,,,,,,,,,,,,,,,,,,,,,5.7745332263103855e-05,,,,,,,,,,,
export_e2e_20261009_public_a3_n128_v1,solovev_lcfs_A3,public,128,257,10000,40,256,20,native,0.0,0.0,1.0169790425962808e-07,2.3907378409781594e-07,,1.734927474146533e-09,4.908757118482531e-09,scan,6.409451498544359e-07,1.6979916289809817e-06,,,,,,,,,,,,,,,,,,,,,,,,,1.2295299345813246e-08,3.317269489826147e-08,,,,,,,,,,,,,
export_e2e_20261009_public_a3_n128_v1,solovev_lcfs_A3,public,128,257,10000,40,256,20,eqdsk,0.0,0.0,7.561855636045404e-08,1.9782653237657106e-07,,1.592835982830886e-09,4.438891105001538e-09,scan,4.76581570594546e-07,1.405038186153935e-06,,,,,,,,,,,1.9878672041784284e-09,,,,,,,,,,,,,,1.0688050235241193e-08,3.2163881599861846e-08,2.9665044865012646e-09,,2.252761022170091e-08,3.007337717741976e-08,2.815907240716342e-08,,,,,,,,
export_e2e_20261009_public_a3_n128_v1,solovev_lcfs_A3,public,128,257,10000,40,256,20,fortran,1.255824081720001e-16,3.899150722246449e-16,7.68421407092415e-08,1.9856031551263697e-07,,1.7211816069507327e-09,1.3372681412806946e-08,scan,4.842931400659383e-07,1.410249789037242e-06,,,,,,,,,,,1.9878672041784284e-09,,,,,,,,,,,,,,1.078410533945139e-08,3.2149685388989004e-08,2.9665044865012646e-09,,2.2521949194498347e-08,3.006009174910673e-08,2.8146210862001197e-08,,,,,,,,
export_e2e_20261009_public_a3_n128_v1,solovev_lcfs_A3,public,128,257,10000,40,256,20,boozer_libneo_python,,,,,0.00021237664363149073,0.00019978285584881426,,scan,,,,,,,,,,,,,0.0005961175869939606,6.031795350378834e-06,9.084550473139442e-06,3.599112822448915e-05,3.409982861246347e-05,2.4568821411069054e-06,5.581494835972425e-06,0.0002262821328983749,0.0002420004548460951,0.015527303801795383,0.018523467640777818,0.0003517973367904714,0.0005209348480427201,0.0006901524585382068,,,,0.0003260936485218746,,,,,,,,,,,
export_e2e_20261009_public_a3_n128_v1,solovev_lcfs_A3,public,128,257,10000,40,256,20,boozer_neort,,,,,0.0002832972181114328,0.0002008196581520207,,scan,,,,,,,,,,,,,,,,,,,,,,,,,,,,,,0.00034102524527268585,,,,,,,,,,,
export_e2e_20261009_public_a3_n64_v2,solovev_lcfs_A3,public,64,257,10000,40,256,20,native,0.0,0.0,8.692686828744229e-07,2.238473901508928e-06,,1.6908578570800373e-08,7.159103056997978e-08,scan,5.4785155138137225e-06,1.5898480717147274e-05,,,,,,,,,,,,,,,,,,,,,,,,,2.2781894877780413e-07,6.86549300734399e-07,,,,,,,,,,,,,
export_e2e_20261009_public_a3_n64_v2,solovev_lcfs_A3,public,64,257,10000,40,256,20,eqdsk,0.0,0.0,8.271267299543665e-07,2.1851807972110022e-06,,1.6644873846153562e-08,7.173477188639611e-08,scan,5.2129182969768085e-06,1.5519973114058248e-05,,,,,,,,,,,8.069836576751754e-09,,,,,,,,,,,,,,2.245244550648663e-07,6.855644780362197e-07,2.5706716644258165e-08,,5.19267494669684e-07,6.417050565921123e-07,6.117009553330277e-07,,,,,,,,
export_e2e_20261009_public_a3_n64_v2,solovev_lcfs_A3,public,64,257,10000,40,256,20,fortran,1.255824081720001e-16,3.899150722246449e-16,8.291641240048096e-07,2.1918154314818822e-06,,1.6668593100854566e-08,7.20695082456996e-08,scan,5.22575885494583e-06,1.55670947735736e-05,,,,,,,,,,,8.069836576751754e-09,,,,,,,,,,,,,,2.2468301553901858e-07,6.855637243797754e-07,2.5706716644258165e-08,,5.192639135898069e-07,6.417043513229359e-07,6.116988737203677e-07,,,,,,,,
export_e2e_20261009_public_a3_n64_v2,solovev_lcfs_A3,public,64,257,10000,40,256,20,boozer_libneo_python,,,,,0.00022625149967382135,0.00021283051379107577,,scan,,,,,,,,,,,,,0.0006350389306318815,6.0304920809517256e-06,9.071061124938226e-06,3.598466033246145e-05,3.409964424264432e-05,2.457327986819832e-06,5.596896106536563e-06,0.00022624214607117234,0.00024200069508071716,0.016522102702375075,0.019512738461452555,0.00037089919486654743,0.0005491643029947868,0.0007276192057225073,,,,0.0003474038548798575,,,,,,,,,,,
export_e2e_20261009_public_a3_n64_v2,solovev_lcfs_A3,public,64,257,10000,40,256,20,boozer_neort,,,,,0.00028168110609200767,0.00021390833139991992,,scan,,,,,,,,,,,,,,,,,,,,,,,,,,,,,,0.0003627470436697866,,,,,,,,,,,
export_e2e_20261009_public_cerfon_n128_v1,solovev_cerfon_iter,public,128,257,10000,40,256,20,native,1.8332705826140737e-10,3.9126208200461096e-10,3.5493028030205785e-07,9.862855950235684e-07,,1.9770800699687044e-08,4.478075670383194e-08,scan,1.876604960236773e-06,5.131306738642095e-06,,,,,,,,,,,,,,,,,,,,,,,,,4.121289136252635e-08,7.101209376966954e-08,,,,,,,,,,,,,
export_e2e_20261009_public_cerfon_n128_v1,solovev_cerfon_iter,public,128,257,10000,40,256,20,eqdsk,1.676967276633045e-10,3.671164042918841e-10,2.637025269104301e-07,6.974864719109308e-07,,1.710083173588346e-08,4.357728194904942e-08,scan,1.3942609708369827e-06,3.628783637600742e-06,,,,,,,,,,,1.6038281813735011e-09,,,,,,,,,,,,,,3.736233282552469e-08,6.554448234957351e-08,1.8917607480517518e-09,,5.0332718770640383e-08,6.129393659293214e-08,5.984333933950481e-08,,,,,,,,
export_e2e_20261009_public_cerfon_n128_v1,solovev_cerfon_iter,public,128,257,10000,40,256,20,fortran,1.6930439576233902e-10,3.6973989838425594e-10,2.673319315545976e-07,6.980898576195344e-07,,1.722818666936312e-08,4.3434572040355866e-08,scan,1.4134505398546795e-06,3.6319228467247205e-06,,,,,,,,,,,1.6038281813735011e-09,,,,,,,,,,,,,,3.757621736105978e-08,6.580688360613024e-08,1.8917607480517518e-09,,5.060314411942102e-08,6.153939702269184e-08,5.993288743066927e-08,,,,,,,,
export_e2e_20261009_public_cerfon_n128_v1,solovev_cerfon_iter,public,128,257,10000,40,256,20,boozer_libneo_python,,,,,0.00017633392696857978,0.00016701371515718172,,scan,,,,,,,,,,,,,0.0006662713263524411,2.969332977269192e-06,6.225649025320099e-06,1.556691133376061e-05,1.818366844495528e-05,1.5928759453322757e-06,4.539364170685785e-06,8.353046921833756e-05,9.471474030980681e-05,0.017222839828018477,0.018697352209348244,0.00035471194167624454,0.0005202779516145783,0.0006958692670903099,,,,0.00037658347467828257,,,,,,,,,,,
export_e2e_20261009_public_cerfon_n128_v1,solovev_cerfon_iter,public,128,257,10000,40,256,20,boozer_neort,,,,,0.0002458543517449683,0.00017422463581105057,,scan,,,,,,,,,,,,,,,,,,,,,,,,,,,,,,0.0003925148505029563,,,,,,,,,,,
export_e2e_20261009_public_cerfon_n256_dense_v1,solovev_cerfon_iter,public,256,513,40000,2000,256,20,native,9.597146710931691e-11,1.6264769741807899e-10,4.5621864806214005e-08,1.1139807655127738e-07,,2.5540150222722213e-09,5.638871503874295e-09,scan,2.4121369997912673e-07,5.795658751713106e-07,,,,,,,,,,,,,,,,,,,,,,,,,2.0888169400837647e-09,3.832486434284884e-09,,,,,,,,,,,,,
export_e2e_20261009_public_cerfon_n256_dense_v1,solovev_cerfon_iter,public,256,513,40000,2000,256,20,eqdsk,9.588789307428036e-11,1.603795934595356e-10,3.53114479828867e-08,6.900933515231919e-08,,2.299614448272723e-09,5.56498709469099e-09,scan,1.8669979728478868e-07,3.590317581718168e-07,,,,,,,,,,,2.670028642626221e-10,,,,,,,,,,,,,,1.897623951572368e-09,3.7800079680588796e-09,4.076444737322049e-10,,3.0842935982988706e-09,3.5755469141030005e-09,3.6095740285624345e-09,,,,,,,,
export_e2e_20261009_public_cerfon_n256_dense_v1,solovev_cerfon_iter,public,256,513,40000,2000,256,20,fortran,9.863953346934695e-11,1.6351325913989518e-10,3.577269490962504e-08,6.987035781161456e-08,,2.314711761746607e-09,5.598132078846404e-09,scan,1.8913849561454703e-07,3.6351136730571355e-07,,,,,,,,,,,2.670028642626221e-10,,,,,,,,,,,,,,1.909217118723384e-09,3.7880092073925555e-09,4.076444737322049e-10,,3.0859453326037567e-09,3.5830315936458135e-09,3.6152159599289746e-09,,,,,,,,
export_e2e_20261009_public_cerfon_n256_dense_v1,solovev_cerfon_iter,public,256,513,40000,2000,256,20,boozer_libneo_python,,,,,3.989568949189018e-05,3.788733851189262e-05,,scan,,,,,,,,,,,,,0.00014689409612855808,3.3924247453221777e-06,7.160353625787102e-06,1.7682156663261104e-05,2.0625254179931053e-05,1.828597508224331e-06,5.237211575453674e-06,9.474821357638148e-05,0.00010721591276921021,0.007288302947400032,0.010477667172025078,0.00010704839379749309,0.000157872504573775,0.00021190651158942142,,,,8.58577813210859e-05,,,,,,,,,,,
export_e2e_20261009_public_cerfon_n256_dense_v1,solovev_cerfon_iter,public,256,513,40000,2000,256,20,boozer_neort,,,,,3.989619732803251e-05,3.788834968553291e-05,,scan,,,,,,,,,,,,,,,,,,,,,,,,,,,,,,8.587973362761403e-05,,,,,,,,,,,
export_e2e_20261009_public_cerfon_n256_m40_v1,solovev_cerfon_iter,public,256,513,40000,2000,256,40,native,9.597146710931691e-11,1.6264769741807899e-10,4.5621864806214005e-08,1.1139807655127738e-07,,2.5540150222722213e-09,5.638871503874295e-09,scan,2.4121369997912673e-07,5.795658751713106e-07,,,,,,,,,,,,,,,,,,,,,,,,,2.0888169400837647e-09,3.832486434284884e-09,,,,,,,,,,,,,
export_e2e_20261009_public_cerfon_n256_m40_v1,solovev_cerfon_iter,public,256,513,40000,2000,256,40,eqdsk,9.588789307428036e-11,1.603795934595356e-10,3.53114479828867e-08,6.900933515231919e-08,,2.299614448272723e-09,5.56498709469099e-09,scan,1.8669979728478868e-07,3.590317581718168e-07,,,,,,,,,,,2.670028642626221e-10,,,,,,,,,,,,,,1.897623951572368e-09,3.7800079680588796e-09,4.076444737322049e-10,,3.0842935982988706e-09,3.5755469141030005e-09,3.6095740285624345e-09,,,,,,,,
export_e2e_20261009_public_cerfon_n256_m40_v1,solovev_cerfon_iter,public,256,513,40000,2000,256,40,fortran,9.863953346934695e-11,1.6351325913989518e-10,3.577269490962504e-08,6.987035781161456e-08,,2.314711761746607e-09,5.598132078846404e-09,scan,1.8913849561454703e-07,3.6351136730571355e-07,,,,,,,,,,,2.670028642626221e-10,,,,,,,,,,,,,,1.909217118723384e-09,3.7880092073925555e-09,4.076444737322049e-10,,3.0859453326037567e-09,3.5830315936458135e-09,3.6152159599289746e-09,,,,,,,,
export_e2e_20261009_public_cerfon_n256_m40_v1,solovev_cerfon_iter,public,256,513,40000,2000,256,40,boozer_libneo_python,,,,,3.98956896258398e-05,3.782654275058412e-05,,scan,,,,,,,,,,,,,0.00014689409612855808,4.340398947021898e-08,2.6832917220399786e-07,1.6005810842938163e-07,6.357309716426078e-07,1.516502670189706e-08,8.460818630424391e-08,8.576770615090968e-07,3.2978836342343833e-06,0.007231604114341474,0.007232756650847094,7.346390459461727e-05,0.00010811484928119341,0.0001454271597455259,,,,8.58577813210859e-05,,,,,,,,,,,
export_e2e_20261009_public_cerfon_n256_m40_v1,solovev_cerfon_iter,public,256,513,40000,2000,256,40,boozer_neort,,,,,3.98961974644012e-05,3.782733648098339e-05,,scan,,,,,,,,,,,,,,,,,,,,,,,,,,,,,,8.587973362761403e-05,,,,,,,,,,,
export_e2e_20261009_public_cerfon_n256_map1024_v1,solovev_cerfon_iter,public,256,513,40000,2000,1024,20,native,9.597146710931691e-11,1.6264769741807899e-10,4.5621864806214005e-08,1.1139807655127738e-07,,2.5540150222722213e-09,5.638871503874295e-09,scan,2.4121369997912673e-07,5.795658751713106e-07,,,,,,,,,,,,,,,,,,,,,,,,,2.0888169400837647e-09,3.832486434284884e-09,,,,,,,,,,,,,
export_e2e_20261009_public_cerfon_n256_map1024_v1,solovev_cerfon_iter,public,256,513,40000,2000,1024,20,eqdsk,9.588789307428036e-11,1.603795934595356e-10,3.53114479828867e-08,6.900933515231919e-08,,2.299614448272723e-09,5.56498709469099e-09,scan,1.8669979728478868e-07,3.590317581718168e-07,,,,,,,,,,,2.670028642626221e-10,,,,,,,,,,,,,,1.897623951572368e-09,3.7800079680588796e-09,4.076444737322049e-10,,3.0842935982988706e-09,3.5755469141030005e-09,3.6095740285624345e-09,,,,,,,,
export_e2e_20261009_public_cerfon_n256_map1024_v1,solovev_cerfon_iter,public,256,513,40000,2000,1024,20,fortran,9.863953346934695e-11,1.6351325913989518e-10,3.577269490962504e-08,6.987035781161456e-08,,2.314711761746607e-09,5.598132078846404e-09,scan,1.8913849561454703e-07,3.6351136730571355e-07,,,,,,,,,,,2.670028642626221e-10,,,,,,,,,,,,,,1.909217118723384e-09,3.7880092073925555e-09,4.076444737322049e-10,,3.0859453326037567e-09,3.5830315936458135e-09,3.6152159599289746e-09,,,,,,,,
export_e2e_20261009_public_cerfon_n256_map1024_v1,solovev_cerfon_iter,public,256,513,40000,2000,1024,20,boozer_libneo_python,,,,,3.98957262145946e-05,3.78873584668335e-05,,scan,,,,,,,,,,,,,0.00014689409612855808,3.3929095455493123e-06,7.166293609046329e-06,1.7682086762156197e-05,2.0622576354598216e-05,1.8286190905326236e-06,5.238147949845178e-06,9.474732574701673e-05,0.00010720101548403492,0.007288302506451764,0.010476507149252141,0.00010703636844888731,0.0001578546665450542,0.00021188270822547484,,,,8.58577813210859e-05,,,,,,,,,,,
export_e2e_20261009_public_cerfon_n256_map1024_v1,solovev_cerfon_iter,public,256,513,40000,2000,1024,20,boozer_neort,,,,,3.989614871468038e-05,3.788832326952964e-05,,scan,,,,,,,,,,,,,,,,,,,,,,,,,,,,,,8.587973362761403e-05,,,,,,,,,,,
export_e2e_20261009_public_cerfon_n256_scan40000_v1,solovev_cerfon_iter,public,256,513,40000,40,256,20,native,9.597146710931691e-11,1.6264769741807899e-10,4.5621864806214005e-08,1.1139807655127738e-07,,2.5540150222722213e-09,5.638871503874295e-09,scan,2.4121369997912673e-07,5.795658751713106e-07,,,,,,,,,,,,,,,,,,,,,,,,,2.0888169400837647e-09,3.832486434284884e-09,,,,,,,,,,,,,
export_e2e_20261009_public_cerfon_n256_scan40000_v1,solovev_cerfon_iter,public,256,513,40000,40,256,20,eqdsk,9.588789307428036e-11,1.603795934595356e-10,3.53114479828867e-08,6.900933515231919e-08,,2.299614448272723e-09,5.56498709469099e-09,scan,1.8669979728478868e-07,3.590317581718168e-07,,,,,,,,,,,2.670028642626221e-10,,,,,,,,,,,,,,1.897623951572368e-09,3.7800079680588796e-09,4.076444737322049e-10,,3.0842935982988706e-09,3.5755469141030005e-09,3.6095740285624345e-09,,,,,,,,
export_e2e_20261009_public_cerfon_n256_scan40000_v1,solovev_cerfon_iter,public,256,513,40000,40,256,20,fortran,9.863953346934695e-11,1.6351325913989518e-10,3.577269490962504e-08,6.987035781161456e-08,,2.314711761746607e-09,5.598132078846404e-09,scan,1.8913849561454703e-07,3.6351136730571355e-07,,,,,,,,,,,2.670028642626221e-10,,,,,,,,,,,,,,1.909217118723384e-09,3.7880092073925555e-09,4.076444737322049e-10,,3.0859453326037567e-09,3.5830315936458135e-09,3.6152159599289746e-09,,,,,,,,
export_e2e_20261009_public_cerfon_n256_scan40000_v1,solovev_cerfon_iter,public,256,513,40000,40,256,20,boozer_libneo_python,,,,,3.942041120821772e-05,3.73819254923808e-05,,scan,,,,,,,,,,,,,0.00014689409612855808,2.983780350008874e-06,6.289125892859329e-06,1.562427866346908e-05,1.821427303642462e-05,1.5997267627953553e-06,4.575858572777446e-06,8.383173372358573e-05,9.486307280540411e-05,0.003920311602062567,0.005416850293373627,0.00010178779710556807,0.00014967235331753148,0.00019971171917643193,,,,8.4207953368165e-05,,,,,,,,,,,
export_e2e_20261009_public_cerfon_n256_scan40000_v1,solovev_cerfon_iter,public,256,513,40000,40,256,20,boozer_neort,,,,,0.000264355158994874,0.00018717959238638953,,scan,,,,,,,,,,,,,,,,,,,,,,,,,,,,,,9.429506757141493e-05,,,,,,,,,,,
export_e2e_20261009_public_cerfon_n256_v1,solovev_cerfon_iter,public,256,513,10000,40,256,20,native,9.597146710931691e-11,1.6264769741807899e-10,4.5621864806214005e-08,1.1139807655127738e-07,,2.5540150222722213e-09,5.638871503874295e-09,scan,2.4121369997912673e-07,5.795658751713106e-07,,,,,,,,,,,,,,,,,,,,,,,,,2.0888169400837647e-09,3.832486434284884e-09,,,,,,,,,,,,,
export_e2e_20261009_public_cerfon_n256_v1,solovev_cerfon_iter,public,256,513,10000,40,256,20,eqdsk,9.588789307428036e-11,1.603795934595356e-10,3.53114479828867e-08,6.900933515231919e-08,,2.299614448272723e-09,5.56498709469099e-09,scan,1.8669979728478868e-07,3.590317581718168e-07,,,,,,,,,,,2.670028642626221e-10,,,,,,,,,,,,,,1.897623951572368e-09,3.7800079680588796e-09,4.076444737322049e-10,,3.0842935982988706e-09,3.5755469141030005e-09,3.6095740285624345e-09,,,,,,,,
export_e2e_20261009_public_cerfon_n256_v1,solovev_cerfon_iter,public,256,513,10000,40,256,20,fortran,9.863953346934695e-11,1.6351325913989518e-10,3.577269490962504e-08,6.987035781161456e-08,,2.314711761746607e-09,5.598132078846404e-09,scan,1.8913849561454703e-07,3.6351136730571355e-07,,,,,,,,,,,2.670028642626221e-10,,,,,,,,,,,,,,1.909217118723384e-09,3.7880092073925555e-09,4.076444737322049e-10,,3.0859453326037567e-09,3.5830315936458135e-09,3.6152159599289746e-09,,,,,,,,
export_e2e_20261009_public_cerfon_n256_v1,solovev_cerfon_iter,public,256,513,10000,40,256,20,boozer_libneo_python,,,,,0.00017360654557265604,0.0001644299106274625,,scan,,,,,,,,,,,,,0.0006576150391820468,2.972964281172049e-06,6.2636133155995144e-06,1.5569318837136563e-05,1.8149219352715105e-05,1.593703881945642e-06,4.5580574869108685e-06,8.354007478820494e-05,9.453011724561201e-05,0.016961498946809747,0.018432795160683295,0.00034957433507920577,0.000512747666276625,0.000685792173360622,,,,0.0003707428315916639,,,,,,,,,,,
export_e2e_20261009_public_cerfon_n256_v1,solovev_cerfon_iter,public,256,513,10000,40,256,20,boozer_neort,,,,,0.0002462192991255965,0.00017447822046129532,,scan,,,,,,,,,,,,,,,,,,,,,,,,,,,,,,0.000386575619213958,,,,,,,,,,,
export_e2e2_final_mars_a3_n128,solovev_lcfs_A3,mars,128,257,1000,2000,256,40,native,0.0,0.0,1.0169788045903019e-07,2.3907351019376616e-07,,1.7349225973868043e-09,4.908766400374736e-09,refined,6.409449998525465e-07,1.6979896836117499e-06,,,,,,,,,,,,,,,,,,,,,,,,,1.2295316945277718e-08,3.317252283517473e-08,,,,,,,,,,,,,
export_e2e2_final_mars_a3_n128,solovev_lcfs_A3,mars,128,257,1000,2000,256,40,eqdsk,0.0,0.0,9.612098328332975e-08,2.4537243218563597e-07,,1.921385094534061e-09,6.58598227734933e-09,refined,6.057969284933112e-07,1.7427269886833217e-06,,,,,,,,,,,1.8993790984467296e-09,,,,,,,,,,,,,,1.2163670746223898e-08,3.359165254077768e-08,3.010685922788525e-09,,2.438183899222679e-08,3.140830467929234e-08,2.9122304512352315e-08,,,,,,,,
export_e2e2_final_mars_a3_n128,solovev_lcfs_A3,mars,128,257,1000,2000,256,40,fortran,1.255824081720001e-16,3.899150722246449e-16,9.830248351219359e-08,2.461611353673027e-07,,1.9043009353857634e-09,6.766211002083184e-09,refined,6.195457073032172e-07,1.7483286543166934e-06,,,,,,,,,,,1.8993790984467296e-09,,,,,,,,,,,,,,1.2313381824616301e-08,3.359217766021272e-08,3.010685922788525e-09,,2.4372106444126018e-08,3.140879611951419e-08,2.911608709688096e-08,,,,,,,,
export_e2e2_final_mars_a3_n128,solovev_lcfs_A3,mars,128,257,1000,2000,256,40,boozer_libneo_python,,,,,1.4475690388967248e-08,1.0443018813976938e-08,,refined,,,1.1388602710123732e-08,6.588974467599246e-08,2.7073142819881544e-08,1.6839173821641884e-07,1.0499574098423008e-08,3.2320084157002495e-08,1.8198009873213365e-07,1.1935284698565427e-06,4.477635513803185e-08,2.277850060926799e-07,5.662915691928561e-10,1.8932783588963494e-08,7.266215918730669e-08,4.9027686761139604e-08,2.2442400039202847e-07,1.821774251495424e-08,4.30745751326551e-08,4.825765099566805e-07,2.0806837085873433e-06,1.7633509179349624e-06,5.340725185475044e-06,1.4378507495749204e-07,2.134917713725315e-07,2.4506817297709205e-07,,,,9.260365674279569e-08,,,,,,,,,,,
export_e2e2_final_mars_a3_n128,solovev_lcfs_A3,mars,128,257,1000,2000,256,40,boozer_neort,,,,,1.4678050931169293e-08,1.061430685375539e-08,,refined,,,,,,,,,,,,,,,,,,,,,,,,,,,,,,8.630336667536653e-08,,,,,,,,,,,
export_e2e2_final_mars_a3_n128,solovev_lcfs_A3,mars,128,257,1000,2000,256,40,boozer_neo2,,,,,1.4678142253778517e-08,1.0614372611866756e-08,,refined,,,,,,,,,,,,,,,,,,,,,,,,,,,,,,8.630335934789457e-08,,,,,,,,,,,
export_e2e2_final_mars_a3_n64,solovev_lcfs_A3,mars,64,257,1000,2000,256,40,native,0.0,0.0,8.692685288656016e-07,2.2384745909317864e-06,,1.6908560480849015e-08,7.159097565211757e-08,refined,5.478514543182048e-06,1.589848561368684e-05,,,,,,,,,,,,,,,,,,,,,,,,,2.2781882214201632e-07,6.865487454284574e-07,,,,,,,,,,,,,
export_e2e2_final_mars_a3_n64,solovev_lcfs_A3,mars,64,257,1000,2000,256,40,eqdsk,0.0,0.0,8.642088011663951e-07,2.271320132351242e-06,,1.684340878633782e-08,7.155485217132358e-08,refined,5.4466259024868455e-06,1.6131766960656966e-05,,,,,,,,,,,7.661960177429705e-09,,,,,,,,,,,,,,2.27392477311673e-07,6.869306144198295e-07,2.524701758765957e-08,,5.214801623854015e-07,6.429835461285727e-07,6.129077365080171e-07,,,,,,,,
export_e2e2_final_mars_a3_n64,solovev_lcfs_A3,mars,64,257,1000,2000,256,40,fortran,1.255824081720001e-16,3.899150722246449e-16,8.669971752657901e-07,2.2724734396285706e-06,,1.6848458560273278e-08,7.157034829036007e-08,refined,5.464199468707289e-06,1.6139958181245775e-05,,,,,,,,,,,7.661960177429705e-09,,,,,,,,,,,,,,2.2758094995074917e-07,6.869284111821903e-07,2.524701758765957e-08,,5.214788537655224e-07,6.429814842778825e-07,6.129078335970206e-07,,,,,,,,
export_e2e2_final_mars_a3_n64,solovev_lcfs_A3,mars,64,257,1000,2000,256,40,boozer_libneo_python,,,,,1.6804965538830394e-08,1.2122303841766816e-08,,refined,,,1.1448119916068188e-08,7.697776838729927e-08,4.1241321888861914e-08,2.2256246274274693e-07,9.715893465797298e-09,4.292560582755934e-08,2.9320614761077266e-07,1.5789146287054568e-06,7.271900929440066e-08,4.579809678776231e-07,9.658720712124591e-09,1.9798335613286794e-08,8.210678686021384e-08,6.725850634374443e-08,3.1066964614927754e-07,1.7210409212344e-08,4.579200933777384e-08,8.309699654398756e-07,3.1562314924935503e-06,1.7582441617084973e-06,7.77310001084365e-06,2.8756968817322814e-07,4.293051905079892e-07,5.178651072412777e-07,,,,3.071360210604723e-08,,,,,,,,,,,
export_e2e2_final_mars_a3_n64,solovev_lcfs_A3,mars,64,257,1000,2000,256,40,boozer_neort,,,,,1.7480791951851546e-08,1.2902701597862382e-08,,refined,,,,,,,,,,,,,,,,,,,,,,,,,,,,,,3.134643267177495e-08,,,,,,,,,,,
export_e2e2_final_mars_a3_n64,solovev_lcfs_A3,mars,64,257,1000,2000,256,40,boozer_neo2,,,,,1.748080143245813e-08,1.2902709047616632e-08,,refined,,,,,,,,,,,,,,,,,,,,,,,,,,,,,,3.134642945212818e-08,,,,,,,,,,,
export_e2e2_final_mars_cerfon_n128,solovev_cerfon_iter,mars,128,257,1000,2000,256,40,native,1.8332672061378313e-10,3.912612800281646e-10,3.549281637861465e-07,9.862750317738056e-07,,1.9770681625017717e-08,4.478013826512107e-08,refined,1.876593769687011e-06,5.131251781665189e-06,,,,,,,,,,,,,,,,,,,,,,,,,4.121279915992972e-08,7.10118796608541e-08,,,,,,,,,,,,,
export_e2e2_final_mars_cerfon_n128,solovev_cerfon_iter,mars,128,257,1000,2000,256,40,eqdsk,1.8127445092247123e-10,3.830741316227764e-10,3.367617455446891e-07,1.0178152359610848e-06,,1.9652195483386422e-08,4.7322209318870075e-08,refined,1.7805433635375313e-06,5.295344680911481e-06,,,,,,,,,,,1.4685785920676153e-09,,,,,,,,,,,,,,4.074733260378623e-08,7.007570078276273e-08,2.241315133488797e-09,,5.659412066760794e-08,6.553173997891903e-08,6.272912833615862e-08,,,,,,,,
export_e2e2_final_mars_cerfon_n128,solovev_cerfon_iter,mars,128,257,1000,2000,256,40,fortran,1.8327372947534193e-10,3.8615773105926656e-10,3.451944983528999e-07,1.0304348388335296e-06,,1.994113947882785e-08,4.764261559594085e-08,refined,1.8251294383484054e-06,5.3610001596659435e-06,,,,,,,,,,,1.4685785920676153e-09,,,,,,,,,,,,,,4.105497144772211e-08,7.05109976969929e-08,2.241315133488797e-09,,5.68271965040168e-08,6.593893375761439e-08,6.292537524377195e-08,,,,,,,,
export_e2e2_final_mars_cerfon_n128,solovev_cerfon_iter,mars,128,257,1000,2000,256,40,boozer_libneo_python,,,,,3.754284926062025e-08,2.7615387119302778e-08,,refined,,,2.2639952990544946e-08,3.424412113852202e-07,8.038961257536563e-08,7.943795240108072e-07,1.2497886086374248e-08,1.0464957836446894e-07,4.930250052253465e-07,4.002238293213135e-06,1.3175327207620862e-07,1.7163343927046442e-06,1.1617213413472882e-08,5.7870802014582584e-08,3.590267892082653e-07,2.089645454397545e-07,8.334886958637567e-07,1.9639551501260858e-08,1.0980172317798385e-07,1.1178772870538876e-06,4.302599348874732e-06,3.0623674711754395e-06,1.7762693814736485e-05,1.0776429981707025e-06,1.6038251987593455e-06,1.9406540634481217e-06,,,,2.524945525994582e-07,,,,,,,,,,,
export_e2e2_final_mars_cerfon_n128,solovev_cerfon_iter,mars,128,257,1000,2000,256,40,boozer_neort,,,,,3.747347516063525e-08,2.729318085600791e-08,,refined,,,,,,,,,,,,,,,,,,,,,,,,,,,,,,2.0933843547510378e-07,,,,,,,,,,,
export_e2e2_final_mars_cerfon_n128,solovev_cerfon_iter,mars,128,257,1000,2000,256,40,boozer_neo2,,,,,3.7473569955917246e-08,2.7293247223858596e-08,,refined,,,,,,,,,,,,,,,,,,,,,,,,,,,,,,2.0933843569714838e-07,,,,,,,,,,,
export_e2e2_final_mars_cerfon_n256,solovev_cerfon_iter,mars,256,513,1000,2000,256,40,native,9.597180662906747e-11,1.6264769741807899e-10,4.562162656749165e-08,1.1139457921813264e-07,,2.55398067487344e-09,5.6387368111637955e-09,refined,2.4121244034506157e-07,5.795476797349549e-07,,,,,,,,,,,,,,,,,,,,,,,,,2.0888903693477185e-09,3.832772960766956e-09,,,,,,,,,,,,,
export_e2e2_final_mars_cerfon_n256,solovev_cerfon_iter,mars,256,513,1000,2000,256,40,eqdsk,9.58571119652619e-11,1.626786307952981e-10,4.3167656412633314e-08,1.0577619027209629e-07,,2.544398437023761e-09,6.0184554790304505e-09,refined,2.2823765815447683e-07,5.50317267442961e-07,,,,,,,,,,,2.6129698404986357e-10,,,,,,,,,,,,,,2.0588452627006456e-09,3.847905717457754e-09,4.051652346959145e-10,,3.0792423610925823e-09,3.5562179867554278e-09,3.3071669847117846e-09,,,,,,,,
export_e2e2_final_mars_cerfon_n256,solovev_cerfon_iter,mars,256,513,1000,2000,256,40,fortran,9.861532510839832e-11,1.6581023425050975e-10,4.4036136216570755e-08,1.0421487967646641e-07,,2.5645811810249307e-09,6.133488342483642e-09,refined,2.3282950783770112e-07,5.421942891612834e-07,,,,,,,,,,,2.6129698404986357e-10,,,,,,,,,,,,,,2.079336610344571e-09,3.849322324670175e-09,4.051652346959145e-10,,3.096452649842263e-09,3.557543093446469e-09,3.317551733328372e-09,,,,,,,,
export_e2e2_final_mars_cerfon_n256,solovev_cerfon_iter,mars,256,513,1000,2000,256,40,boozer_libneo_python,,,,,2.1471364283490335e-08,1.8134159163400378e-08,,refined,,,1.4464234251745623e-08,1.7803818308586005e-07,5.354789059444732e-08,3.9589468636327796e-07,9.450925413761917e-09,6.032352522334517e-08,3.295068954484182e-07,1.996784526839718e-06,9.181433921009827e-08,9.990402238543297e-07,1.1499483587584791e-09,3.1549629690855886e-08,1.822161876203473e-07,1.0502882858034123e-07,4.0531652507578216e-07,1.5094310458807753e-08,6.175915582108072e-08,6.687233304482014e-07,3.4362827203903903e-06,3.067807800650159e-06,1.1691927778004405e-05,6.277611980243236e-07,9.342728580774562e-07,1.1879462010755404e-06,,,,2.2955725320628062e-08,,,,,,,,,,,
export_e2e2_final_mars_cerfon_n256,solovev_cerfon_iter,mars,256,513,1000,2000,256,40,boozer_neort,,,,,2.1482591665809643e-08,1.813982199613011e-08,,refined,,,,,,,,,,,,,,,,,,,,,,,,,,,,,,2.2823294809626304e-08,,,,,,,,,,,
export_e2e2_final_mars_cerfon_n256,solovev_cerfon_iter,mars,256,513,1000,2000,256,40,boozer_neo2,,,,,2.148262231629419e-08,1.813983908884519e-08,,refined,,,,,,,,,,,,,,,,,,,,,,,,,,,,,,2.282329636393854e-08,,,,,,,,,,,
export_e2e2_final_public_a3_n128,solovev_lcfs_A3,public,128,257,1000,2000,256,40,native,0.0,0.0,1.0169790425962808e-07,2.3907378409781594e-07,,1.734927474146533e-09,4.908757118482531e-09,refined,6.409451498544359e-07,1.6979916289809817e-06,,,,,,,,,,,,,,,,,,,,,,,,,1.2295299345813246e-08,3.317269489826147e-08,,,,,,,,,,,,,
export_e2e2_final_public_a3_n128,solovev_lcfs_A3,public,128,257,1000,2000,256,40,eqdsk,0.0,0.0,7.561855636045404e-08,1.9782653237657106e-07,,1.592835982830886e-09,4.438891105001538e-09,refined,4.76581570594546e-07,1.405038186153935e-06,,,,,,,,,,,1.9878672041784284e-09,,,,,,,,,,,,,,1.0688050235241193e-08,3.2163881599861846e-08,2.9665044865012646e-09,,2.252761022170091e-08,3.007337717741976e-08,2.815907240716342e-08,,,,,,,,
export_e2e2_final_public_a3_n128,solovev_lcfs_A3,public,128,257,1000,2000,256,40,fortran,1.255824081720001e-16,3.899150722246449e-16,7.68421407092415e-08,1.9856031551263697e-07,,1.7211816069507327e-09,1.3372681412806946e-08,refined,4.842931400659383e-07,1.410249789037242e-06,,,,,,,,,,,1.9878672041784284e-09,,,,,,,,,,,,,,1.078410533945139e-08,3.2149685388989004e-08,2.9665044865012646e-09,,2.2521949194498347e-08,3.006009174910673e-08,2.8146210862001197e-08,,,,,,,,
export_e2e2_final_public_a3_n128,solovev_lcfs_A3,public,128,257,1000,2000,256,40,boozer_libneo_python,,,,,2.5077636231744973e-08,2.0480503699679334e-08,,refined,,,1.099512033812046e-08,5.529655165452552e-08,2.7290551674626616e-08,2.2218266303515805e-07,1.0292333331049987e-08,3.612331054143333e-08,1.850293396247871e-07,1.5769748846044733e-06,4.354906017713128e-08,2.474561476716305e-07,3.176024554463197e-09,1.7333990584468683e-08,6.098015491233547e-08,6.100664101542972e-08,3.1013950016292455e-07,1.7193357252456987e-08,5.042367087740522e-08,5.671930240056115e-07,3.1523542297916967e-06,1.55828305839577e-06,4.625858040078151e-06,1.5565753352930756e-07,2.312133696724672e-07,2.6530366670218797e-07,,,,6.177433919951625e-08,,,,,,,,,,,
export_e2e2_final_public_a3_n128,solovev_lcfs_A3,public,128,257,1000,2000,256,40,boozer_neort,,,,,2.3247245356774044e-08,1.8679492353586525e-08,,refined,,,,,,,,,,,,,,,,,,,,,,,,,,,,,,5.40311386743042e-08,,,,,,,,,,,
export_e2e2_final_public_a3_n128,solovev_lcfs_A3,public,128,257,1000,2000,256,40,boozer_neo2,,,,,2.3247458429492983e-08,1.867962954068459e-08,,refined,,,,,,,,,,,,,,,,,,,,,,,,,,,,,,5.40311386743042e-08,,,,,,,,,,,
export_e2e2_final_public_a3_n64,solovev_lcfs_A3,public,64,257,1000,2000,256,40,native,0.0,0.0,8.692686828744229e-07,2.238473901508928e-06,,1.6908578570800373e-08,7.159103056997978e-08,refined,5.4785155138137225e-06,1.5898480717147274e-05,,,,,,,,,,,,,,,,,,,,,,,,,2.2781894877780413e-07,6.86549300734399e-07,,,,,,,,,,,,,
export_e2e2_final_public_a3_n64,solovev_lcfs_A3,public,64,257,1000,2000,256,40,eqdsk,0.0,0.0,8.271267299543665e-07,2.1851807972110022e-06,,1.6644873846153562e-08,7.173477188639611e-08,refined,5.2129182969768085e-06,1.5519973114058248e-05,,,,,,,,,,,8.069836576751754e-09,,,,,,,,,,,,,,2.245244550648663e-07,6.855644780362197e-07,2.5706716644258165e-08,,5.19267494669684e-07,6.417050565921123e-07,6.117009553330277e-07,,,,,,,,
export_e2e2_final_public_a3_n64,solovev_lcfs_A3,public,64,257,1000,2000,256,40,fortran,1.255824081720001e-16,3.899150722246449e-16,8.291641240048096e-07,2.1918154314818822e-06,,1.6668593100854566e-08,7.20695082456996e-08,refined,5.22575885494583e-06,1.55670947735736e-05,,,,,,,,,,,8.069836576751754e-09,,,,,,,,,,,,,,2.2468301553901858e-07,6.855637243797754e-07,2.5706716644258165e-08,,5.192639135898069e-07,6.417043513229359e-07,6.116988737203677e-07,,,,,,,,
export_e2e2_final_public_a3_n64,solovev_lcfs_A3,public,64,257,1000,2000,256,40,boozer_libneo_python,,,,,1.5703433343463013e-08,1.1326014110814683e-08,,refined,,,1.2379036769373676e-08,7.259163060535227e-08,3.9706782069305476e-08,2.0253581681512352e-07,1.1008640868909066e-08,3.953356528051367e-08,2.792609089627406e-07,1.3449431930713296e-06,7.136298719463312e-08,4.189611384723784e-07,4.963130462165566e-09,1.926608331931654e-08,8.005289149448338e-08,5.306997854848573e-08,2.2342184374054033e-07,1.567462971218813e-08,4.21734627648983e-08,6.962045373156042e-07,2.2434970334300496e-06,1.1972616090910854e-06,3.493644237007837e-06,2.6285774246126437e-07,3.924013957101735e-07,4.7336300290634625e-07,,,,3.071360210604723e-08,,,,,,,,,,,
export_e2e2_final_public_a3_n64,solovev_lcfs_A3,public,64,257,1000,2000,256,40,boozer_neort,,,,,1.6345893099872446e-08,1.1883745647679197e-08,,refined,,,,,,,,,,,,,,,,,,,,,,,,,,,,,,3.127191761098658e-08,,,,,,,,,,,
export_e2e2_final_public_a3_n64,solovev_lcfs_A3,public,64,257,1000,2000,256,40,boozer_neo2,,,,,1.63457811367033e-08,1.1883665796751708e-08,,refined,,,,,,,,,,,,,,,,,,,,,,,,,,,,,,3.1271914835429016e-08,,,,,,,,,,,
export_e2e2_final_public_cerfon_n128,solovev_cerfon_iter,public,128,257,1000,2000,256,40,native,1.8332705826140737e-10,3.9126208200461096e-10,3.5493028030205785e-07,9.862855950235684e-07,,1.9770800699687044e-08,4.478075670383194e-08,refined,1.876604960236773e-06,5.131306738642095e-06,,,,,,,,,,,,,,,,,,,,,,,,,4.121289136252635e-08,7.101209376966954e-08,,,,,,,,,,,,,
export_e2e2_final_public_cerfon_n128,solovev_cerfon_iter,public,128,257,1000,2000,256,40,eqdsk,1.676967276633045e-10,3.671164042918841e-10,2.637025269104301e-07,6.974864719109308e-07,,1.710083173588346e-08,4.357728194904942e-08,refined,1.3942609708369827e-06,3.628783637600742e-06,,,,,,,,,,,1.6038281813735011e-09,,,,,,,,,,,,,,3.736233282552469e-08,6.554448234957351e-08,1.8917607480517518e-09,,5.0332718770640383e-08,6.129393659293214e-08,5.984333933950481e-08,,,,,,,,
export_e2e2_final_public_cerfon_n128,solovev_cerfon_iter,public,128,257,1000,2000,256,40,fortran,1.6930439576233902e-10,3.6973989838425594e-10,2.673319315545976e-07,6.980898576195344e-07,,1.722818666936312e-08,4.3434572040355866e-08,refined,1.4134505398546795e-06,3.6319228467247205e-06,,,,,,,,,,,1.6038281813735011e-09,,,,,,,,,,,,,,3.757621736105978e-08,6.580688360613024e-08,1.8917607480517518e-09,,5.060314411942102e-08,6.153939702269184e-08,5.993288743066927e-08,,,,,,,,
export_e2e2_final_public_cerfon_n128,solovev_cerfon_iter,public,128,257,1000,2000,256,40,boozer_libneo_python,,,,,5.466402462738574e-08,3.968097508360804e-08,,refined,,,2.9311397492661594e-08,5.253328115165497e-07,1.0158794137977705e-07,1.1947854047631252e-06,1.2830187049911276e-08,1.6682361733718645e-07,6.217352700186948e-07,5.999183814925171e-06,1.8555512107982831e-07,2.687014396155387e-06,1.1528101695468251e-08,8.950279566621713e-08,5.50776453301107e-07,3.122276057367926e-07,1.2536075216729558e-06,3.322822235080136e-08,1.7503673936161754e-07,1.6655058280380658e-06,6.449416303658882e-06,2.230172776279121e-06,1.6973773125311914e-05,1.6877200491594024e-06,2.511323652032438e-06,3.0392993480843344e-06,,,,5.560727378561836e-08,,,,,,,,,,,
export_e2e2_final_public_cerfon_n128,solovev_cerfon_iter,public,128,257,1000,2000,256,40,boozer_neort,,,,,5.485270461561826e-08,4.0270838698685236e-08,,refined,,,,,,,,,,,,,,,,,,,,,,,,,,,,,,5.986189532958264e-08,,,,,,,,,,,
export_e2e2_final_public_cerfon_n128,solovev_cerfon_iter,public,128,257,1000,2000,256,40,boozer_neo2,,,,,5.485256717400939e-08,4.0270742226394696e-08,,refined,,,,,,,,,,,,,,,,,,,,,,,,,,,,,,5.986189233198047e-08,,,,,,,,,,,
export_e2e2_final_public_cerfon_n256,solovev_cerfon_iter,public,256,513,1000,2000,256,40,native,9.597146710931691e-11,1.6264769741807899e-10,4.5621864806214005e-08,1.1139807655127738e-07,,2.5540150222722213e-09,5.638871503874295e-09,refined,2.4121369997912673e-07,5.795658751713106e-07,,,,,,,,,,,,,,,,,,,,,,,,,2.0888169400837647e-09,3.832486434284884e-09,,,,,,,,,,,,,
export_e2e2_final_public_cerfon_n256,solovev_cerfon_iter,public,256,513,1000,2000,256,40,eqdsk,9.588789307428036e-11,1.603795934595356e-10,3.53114479828867e-08,6.900933515231919e-08,,2.299614448272723e-09,5.56498709469099e-09,refined,1.8669979728478868e-07,3.590317581718168e-07,,,,,,,,,,,2.670028642626221e-10,,,,,,,,,,,,,,1.897623951572368e-09,3.7800079680588796e-09,4.076444737322049e-10,,3.0842935982988706e-09,3.5755469141030005e-09,3.6095740285624345e-09,,,,,,,,
export_e2e2_final_public_cerfon_n256,solovev_cerfon_iter,public,256,513,1000,2000,256,40,fortran,9.863953346934695e-11,1.6351325913989518e-10,3.577269490962504e-08,6.987035781161456e-08,,2.314711761746607e-09,5.598132078846404e-09,refined,1.8913849561454703e-07,3.6351136730571355e-07,,,,,,,,,,,2.670028642626221e-10,,,,,,,,,,,,,,1.909217118723384e-09,3.7880092073925555e-09,4.076444737322049e-10,,3.0859453326037567e-09,3.5830315936458135e-09,3.6152159599289746e-09,,,,,,,,
export_e2e2_final_public_cerfon_n256,solovev_cerfon_iter,public,256,513,1000,2000,256,40,boozer_libneo_python,,,,,2.4981714726326054e-08,1.8588631671474493e-08,,refined,,,1.5983731559125664e-08,2.3945700753490294e-07,5.512628933771136e-08,5.554866521447352e-07,9.141712590975694e-09,7.472011026954824e-08,3.3723548620336626e-07,2.800243637202314e-06,1.0077013388249008e-07,1.2123717762331898e-06,1.3595302661428832e-10,4.0693635967385437e-08,2.510547210567811e-07,1.4676644685658082e-07,5.828345816433216e-07,1.4824959946552487e-08,7.839875907215848e-08,7.85067695552899e-07,3.010392531266158e-06,3.0616537598332965e-06,9.12080348224549e-06,7.62481989768915e-07,1.134112892264838e-06,1.3731034175235024e-06,,,,2.2955725320628062e-08,,,,,,,,,,,
export_e2e2_final_public_cerfon_n256,solovev_cerfon_iter,public,256,513,1000,2000,256,40,boozer_neort,,,,,2.6114702919766965e-08,1.9776640778314623e-08,,refined,,,,,,,,,,,,,,,,,,,,,,,,,,,,,,2.2851161407544396e-08,,,,,,,,,,,
export_e2e2_final_public_cerfon_n256,solovev_cerfon_iter,public,256,513,1000,2000,256,40,boozer_neo2,,,,,2.6114792078406137e-08,1.9776701485140946e-08,,refined,,,,,,,,,,,,,,,,,,,,,,,,,,,,,,2.2851165848436494e-08,,,,,,,,,,,
export_e2e2_final_kin6d_a3_n48,solovev_lcfs_A3,kin6d,48,257,1000,2000,256,40,native,0.0,0.0,1.6622985030664918e-06,8.865933611108123e-06,,2.5558737297605975e-07,1.4213984823426118e-06,refined,1.0476540012375802e-05,6.296918380897558e-05,,,,,,,,,,,2.466786936938803e-07,,,,,,,,,,,,,,4.775008994116871e-07,1.6301909573442227e-06,4.847974142352385e-06,,,,,,,,,,,,
export_e2e2_final_kin6d_a3_n48,solovev_lcfs_A3,kin6d,48,257,1000,2000,256,40,eqdsk,0.0,0.0,1.583784009827378e-06,7.159879902883486e-06,,2.579032770120845e-07,1.833452184781301e-06,refined,9.981706967376013e-06,5.085215087669826e-05,,,,,,,,,,,2.778216483534379e-07,,,,,,,,,,,,,,4.773199132362583e-07,1.626242387494562e-06,4.308883016390652e-06,,9.977600951005527e-07,1.5206666488243314e-06,1.9019961180477551e-06,,,,,,,,
export_e2e2_final_kin6d_a3_n48,solovev_lcfs_A3,kin6d,48,257,1000,2000,256,40,fortran,1.255824081720001e-16,3.899150722246449e-16,1.6013898714612815e-06,6.886008791763005e-06,,2.600087220854117e-07,1.8400742518648933e-06,refined,1.0092666890349944e-05,4.8907015587786654e-05,,,,,,,,,,,2.778216483534379e-07,,,,,,,,,,,,,,4.777778859984922e-07,1.6345898366834933e-06,4.308883016390652e-06,,1.0029750686646466e-06,1.528478553169954e-06,1.911937249965412e-06,,,,,,,,
export_e2e2_final_kin6d_a3_n48,solovev_lcfs_A3,kin6d,48,257,1000,2000,256,40,boozer_libneo_python,,,,,1.0365891917542174e-06,7.507717731291827e-07,,refined,,,1.3294000889921529e-07,9.478923492972478e-07,1.3414951373088863e-06,7.700342740521883e-06,2.128579435355255e-07,1.5231647768846088e-06,9.872038646709603e-06,5.46720206575363e-05,6.756517745810778e-07,4.707557676899075e-06,1.2857901587892684e-07,3.8521857239089386e-07,9.478923492972478e-07,3.494647029316241e-06,7.700342740521883e-06,5.856952200478692e-07,1.5231647768846088e-06,2.2127209658160895e-05,5.46720206575363e-05,5.7590097621818374e-05,0.0002898345435611657,2.8967881493535685e-06,4.404353697307073e-06,5.7346247185341426e-06,,,,5.6900894800371304e-06,,,,,,,,,,,
export_e2e2_final_kin6d_a3_n48,solovev_lcfs_A3,kin6d,48,257,1000,2000,256,40,boozer_neort,,,,,1.0492752714712034e-06,7.603156380282474e-07,,refined,,,,,,,,,,,,,,,,,,,,,,,,,,,,,,5.645744679316778e-06,,,,,,,,,,,
export_e2e2_final_kin6d_a3_n48,solovev_lcfs_A3,kin6d,48,257,1000,2000,256,40,boozer_neo2,,,,,1.0492754465290146e-06,7.603157645733573e-07,,refined,,,,,,,,,,,,,,,,,,,,,,,,,,,,,,5.645744679760867e-06,,,,,,,,,,,
export_e2e2_final_kin6d_a3_n96,solovev_lcfs_A3,kin6d,96,513,1000,2000,256,40,native,0.0,0.0,1.4954021107428873e-07,9.881251225912167e-07,,2.253963370304243e-08,1.446243188717356e-07,refined,9.424685168691646e-07,7.018035009054847e-06,,,,,,,,,,,1.548940176121505e-08,,,,,,,,,,,,,,2.4681549529274318e-08,8.456831185988332e-08,1.0948341990779653e-06,,,,,,,,,,,,
export_e2e2_final_kin6d_a3_n96,solovev_lcfs_A3,kin6d,96,513,1000,2000,256,40,eqdsk,0.0,0.0,1.4321050179186057e-07,8.901638558481524e-07,,2.1649254914804847e-08,1.1132910662814496e-07,refined,9.025758908205127e-07,6.322277372884918e-06,,,,,,,,,,,6.673413155411367e-09,,,,,,,,,,,,,,2.4628690349189695e-08,8.393699327651758e-08,4.137189042463518e-07,,5.3225937657330746e-08,7.890464803761432e-08,1.0538197714460296e-07,,,,,,,,
export_e2e2_final_kin6d_a3_n96,solovev_lcfs_A3,kin6d,96,513,1000,2000,256,40,fortran,1.255824081720001e-16,3.899150722246449e-16,1.4444539827969582e-07,9.083501392868179e-07,,2.1753125947346966e-08,1.1586436117778373e-07,refined,9.103587543928991e-07,6.451443174805278e-06,,,,,,,,,,,6.673413155411367e-09,,,,,,,,,,,,,,2.4666719401919643e-08,8.421207131860788e-08,4.137189042463518e-07,,5.3211382855522515e-08,7.916207800384711e-08,1.0535316008475348e-07,,,,,,,,
export_e2e2_final_kin6d_a3_n96,solovev_lcfs_A3,kin6d,96,513,1000,2000,256,40,boozer_libneo_python,,,,,1.1193303974667113e-07,9.770161835686537e-08,,refined,,,2.3972153649910315e-08,2.143248753808667e-07,1.105626972522724e-07,5.479643137886023e-07,1.8402320711639288e-08,7.6869813267377e-08,7.984906481169255e-07,3.5968192756122483e-06,1.308212011877975e-07,1.2122319758383166e-06,2.924239195234435e-08,5.63060161088728e-08,2.143248753808667e-07,2.3324662452970522e-07,5.798447331013559e-07,3.263558371471259e-08,1.0244820499435318e-07,1.4428489373695513e-06,5.2551241459542424e-06,1.116412611202799e-05,7.463817394888728e-05,7.572393438959324e-07,1.1344118348022292e-06,1.4990667395187174e-06,,,,6.230854476818593e-07,,,,,,,,,,,
export_e2e2_final_kin6d_a3_n96,solovev_lcfs_A3,kin6d,96,513,1000,2000,256,40,boozer_neort,,,,,1.0932700394554236e-07,9.444506208048378e-08,,refined,,,,,,,,,,,,,,,,,,,,,,,,,,,,,,6.420817983965321e-07,,,,,,,,,,,
export_e2e2_final_kin6d_a3_n96,solovev_lcfs_A3,kin6d,96,513,1000,2000,256,40,boozer_neo2,,,,,1.0932706963530534e-07,9.444510125508267e-08,,refined,,,,,,,,,,,,,,,,,,,,,,,,,,,,,,6.420818039476472e-07,,,,,,,,,,,
export_e2e2_final_kin6d_cerfon_n48,solovev_cerfon_iter,kin6d,48,257,1000,2000,256,40,native,1.0392094857263267e-08,1.3300056324847832e-07,6.935544517478693e-06,0.0002035775357241319,,5.880641339439768e-07,4.3676046945374845e-06,refined,3.666991956405438e-05,0.001059144299566845,,,,,,,,,,,1.2878824258155674e-06,,,,,,,,,,,,,,1.993167263141515e-06,1.8544328723240554e-05,1.5095192859249096e-05,,,,,,,,,,,,
export_e2e2_final_kin6d_cerfon_n48,solovev_cerfon_iter,kin6d,48,257,1000,2000,256,40,eqdsk,1.0358633835483412e-08,1.3163940586058806e-07,5.808966159874597e-06,8.114055805660581e-05,,6.262116371852745e-07,6.037941394240714e-06,refined,3.0713410504992265e-05,0.00042214658087575335,,,,,,,,,,,1.654143105156436e-06,,,,,,,,,,,,,,1.9882803183112186e-06,1.8352055086676868e-05,1.4357877535786656e-05,,1.1674605780109815e-05,1.7173701992279078e-05,2.3114403864932243e-05,,,,,,,,
export_e2e2_final_kin6d_cerfon_n48,solovev_cerfon_iter,kin6d,48,257,1000,2000,256,40,fortran,1.0346559157065291e-08,1.3107800080929713e-07,5.904953685805805e-06,8.566145463692315e-05,,6.489373606399242e-07,7.423020780442674e-06,refined,3.1220921445636795e-05,0.0004456672597531928,,,,,,,,,,,1.654143105156436e-06,,,,,,,,,,,,,,1.9865299848194712e-06,1.8273191743188543e-05,1.4357877535786656e-05,,1.162481037730867e-05,1.7099930095576532e-05,2.3015815157512165e-05,,,,,,,,
export_e2e2_final_kin6d_cerfon_n48,solovev_cerfon_iter,kin6d,48,257,1000,2000,256,40,boozer_libneo_python,,,,,7.790777532185253e-06,5.941915681101199e-06,,refined,,,1.0655304497778727e-06,9.472556124330392e-06,1.0577969747338888e-05,8.407379812167624e-05,1.5025030965468655e-06,1.3728386678188807e-05,6.720443771737107e-05,0.00043741287261620356,4.6243782356723985e-06,3.347554682768603e-05,1.02243595923035e-06,3.4523318692993794e-06,9.472556124330392e-06,3.346224928939525e-05,8.407379812167624e-05,4.791682067206656e-06,1.3728386678188807e-05,0.00018163930857430574,0.00043741287261620356,0.0005433660845610742,0.0020736563133579985,2.1152321329376278e-05,3.129810468116556e-05,4.1873670050485146e-05,,,,2.735033693679334e-05,,,,,,,,,,,
export_e2e2_final_kin6d_cerfon_n48,solovev_cerfon_iter,kin6d,48,257,1000,2000,256,40,boozer_neort,,,,,8.062845128448293e-06,6.162684886910364e-06,,refined,,,,,,,,,,,,,,,,,,,,,,,,,,,,,,2.8062678917084583e-05,,,,,,,,,,,
export_e2e2_final_kin6d_cerfon_n48,solovev_cerfon_iter,kin6d,48,257,1000,2000,256,40,boozer_neo2,,,,,8.062845023847941e-06,6.162684816647806e-06,,refined,,,,,,,,,,,,,,,,,,,,,,,,,,,,,,2.8062678915752315e-05,,,,,,,,,,,
export_e2e2_final_kin6d_cerfon_n96,solovev_cerfon_iter,kin6d,96,513,1000,2000,256,40,native,6.264770814972747e-10,7.436620924797929e-09,4.3316556032297975e-07,5.676069414280401e-06,,5.9206494622855215e-08,4.7305447266775566e-07,refined,2.290252393294098e-06,2.953062853907612e-05,,,,,,,,,,,8.29058337536992e-08,,,,,,,,,,,,,,1.1938709659379287e-07,1.129959694013641e-06,1.3503384739266266e-06,,,,,,,,,,,,
export_e2e2_final_kin6d_cerfon_n96,solovev_cerfon_iter,kin6d,96,513,1000,2000,256,40,eqdsk,6.358726872166088e-10,7.550840357954345e-09,4.254360492524182e-07,5.718622525081943e-06,,6.161996337028508e-08,4.863554928304222e-07,refined,2.24938442118162e-06,2.9752018119744697e-05,,,,,,,,,,,1.018709283595598e-07,,,,,,,,,,,,,,1.1960696488997412e-07,1.1524701963466864e-06,5.32564842670169e-07,,7.341473138300358e-07,1.0782586519209048e-06,1.453536984108439e-06,,,,,,,,
export_e2e2_final_kin6d_cerfon_n96,solovev_cerfon_iter,kin6d,96,513,1000,2000,256,40,fortran,6.388151425623718e-10,7.760098811870369e-09,4.3035962996110756e-07,5.687004480479534e-06,,6.281105015569292e-08,4.850643806067549e-07,refined,2.2754166298534623e-06,2.958751996143188e-05,,,,,,,,,,,1.018709283595598e-07,,,,,,,,,,,,,,1.200814614128967e-07,1.1831098206777017e-06,5.32564842670169e-07,,7.534933913477815e-07,1.1069201586444422e-06,1.4918402346797421e-06,,,,,,,,
export_e2e2_final_kin6d_cerfon_n96,solovev_cerfon_iter,kin6d,96,513,1000,2000,256,40,boozer_libneo_python,,,,,6.683920969121421e-07,4.843678145548729e-07,,refined,,,1.2603142664025742e-07,1.5112345244070645e-06,5.622231012938602e-07,5.091602897173203e-06,1.0303877650401354e-07,1.1721467662223392e-06,3.5006591852645295e-06,2.645236009948203e-05,4.972380099692227e-07,2.871151215376526e-06,2.8921582462260176e-08,3.803732778483489e-07,1.5112345244070645e-06,1.6834778812026757e-06,5.091602897173203e-06,3.2062609381806823e-07,1.1721467662223392e-06,8.956082638722722e-06,2.645236009948203e-05,4.6016350133468064e-05,0.0001765782962823233,1.8173040393643092e-06,2.6814879456882323e-06,3.5046797511872896e-06,,,,1.7358718067406187e-06,,,,,,,,,,,
export_e2e2_final_kin6d_cerfon_n96,solovev_cerfon_iter,kin6d,96,513,1000,2000,256,40,boozer_neort,,,,,6.849285718565568e-07,4.958352404433929e-07,,refined,,,,,,,,,,,,,,,,,,,,,,,,,,,,,,1.8046310812369626e-06,,,,,,,,,,,
export_e2e2_final_kin6d_cerfon_n96,solovev_cerfon_iter,kin6d,96,513,1000,2000,256,40,boozer_neo2,,,,,6.849288766215456e-07,4.958354579637318e-07,,refined,,,,,,,,,,,,,,,,,,,,,,,,,,,,,,1.8046310803487842e-06,,,,,,,,,,,
export_e2e2_radial_a3_s40,solovev_lcfs_A3,public,128,257,1000,40,256,40,native,0.0,0.0,1.0169790425962808e-07,2.3907378409781594e-07,,1.734927474146533e-09,4.908757118482531e-09,refined,6.409451498544359e-07,1.6979916289809817e-06,,,,,,,,,,,,,,,,,,,,,,,,,1.2295299345813246e-08,3.317269489826147e-08,,,,,,,,,,,,,
export_e2e2_radial_a3_s40,solovev_lcfs_A3,public,128,257,1000,40,256,40,eqdsk,0.0,0.0,7.561855636045404e-08,1.9782653237657106e-07,,1.592835982830886e-09,4.438891105001538e-09,refined,4.76581570594546e-07,1.405038186153935e-06,,,,,,,,,,,1.9878672041784284e-09,,,,,,,,,,,,,,1.0688050235241193e-08,3.2163881599861846e-08,2.9665044865012646e-09,,2.252761022170091e-08,3.007337717741976e-08,2.815907240716342e-08,,,,,,,,
export_e2e2_radial_a3_s40,solovev_lcfs_A3,public,128,257,1000,40,256,40,fortran,1.255824081720001e-16,3.899150722246449e-16,7.68421407092415e-08,1.9856031551263697e-07,,1.7211816069507327e-09,1.3372681412806946e-08,refined,4.842931400659383e-07,1.410249789037242e-06,,,,,,,,,,,1.9878672041784284e-09,,,,,,,,,,,,,,1.078410533945139e-08,3.2149685388989004e-08,2.9665044865012646e-09,,2.2521949194498347e-08,3.006009174910673e-08,2.8146210862001197e-08,,,,,,,,
export_e2e2_radial_a3_s40,solovev_lcfs_A3,public,128,257,1000,40,256,40,boozer_libneo_python,,,,,1.4149818334940314e-08,1.1488182120147888e-08,,refined,,,1.0119302590042226e-08,5.7202540271027916e-08,2.4940178440605612e-08,1.6151187690849953e-07,8.924254302473129e-09,3.3960501704548604e-08,1.6961686298385596e-07,1.1436325806207637e-06,4.331807743339953e-08,3.311368280498774e-07,3.176024554463197e-09,1.6507250700494954e-08,6.302118746070249e-08,4.4153627042404365e-08,2.2487980011350162e-07,1.5613346073279375e-08,4.72846392553514e-08,4.1209208902735343e-07,2.304990178982548e-06,9.569525038303293e-07,2.2056379254973175e-06,2.0381542442660106e-07,3.051768588946402e-07,3.6173645201476035e-07,,,,2.1215281531539176e-08,,,,,,,,,,,
export_e2e2_radial_a3_s40,solovev_lcfs_A3,public,128,257,1000,40,256,40,boozer_neort,,,,,0.0003082368277064688,0.0002183387430250323,,refined,,,,,,,,,,,,,,,,,,,,,,,,,,,,,,8.767143743426686e-06,,,,,,,,,,,
export_e2e2_radial_a3_s40,solovev_lcfs_A3,public,128,257,1000,40,256,40,boozer_neo2,,,,,2.761568012683743e-06,2.7824896778391193e-06,,refined,,,,,,,,,,,,,,,,,,,,,,,,,,,,,,8.767143743426686e-06,,,,,,,,,,,
export_e2e2_radial_a3_s400,solovev_lcfs_A3,public,128,257,1000,400,256,40,native,0.0,0.0,1.0169790425962808e-07,2.3907378409781594e-07,,1.734927474146533e-09,4.908757118482531e-09,refined,6.409451498544359e-07,1.6979916289809817e-06,,,,,,,,,,,,,,,,,,,,,,,,,1.2295299345813246e-08,3.317269489826147e-08,,,,,,,,,,,,,
export_e2e2_radial_a3_s400,solovev_lcfs_A3,public,128,257,1000,400,256,40,eqdsk,0.0,0.0,7.561855636045404e-08,1.9782653237657106e-07,,1.592835982830886e-09,4.438891105001538e-09,refined,4.76581570594546e-07,1.405038186153935e-06,,,,,,,,,,,1.9878672041784284e-09,,,,,,,,,,,,,,1.0688050235241193e-08,3.2163881599861846e-08,2.9665044865012646e-09,,2.252761022170091e-08,3.007337717741976e-08,2.815907240716342e-08,,,,,,,,
export_e2e2_radial_a3_s400,solovev_lcfs_A3,public,128,257,1000,400,256,40,fortran,1.255824081720001e-16,3.899150722246449e-16,7.68421407092415e-08,1.9856031551263697e-07,,1.7211816069507327e-09,1.3372681412806946e-08,refined,4.842931400659383e-07,1.410249789037242e-06,,,,,,,,,,,1.9878672041784284e-09,,,,,,,,,,,,,,1.078410533945139e-08,3.2149685388989004e-08,2.9665044865012646e-09,,2.2521949194498347e-08,3.006009174910673e-08,2.8146210862001197e-08,,,,,,,,
export_e2e2_radial_a3_s400,solovev_lcfs_A3,public,128,257,1000,400,256,40,boozer_libneo_python,,,,,2.0158054942461454e-08,1.5138817811609783e-08,,refined,,,1.0371881066416448e-08,7.091272109332677e-08,2.6488197936190555e-08,2.1388817976074001e-07,9.529811482991171e-09,3.2728493277102675e-08,1.8060882597990997e-07,1.5186412601850885e-06,4.387607792574819e-08,2.7758281216698673e-07,3.176024554463197e-09,1.7333990584468683e-08,7.825028819310239e-08,5.884628551340638e-08,2.9853625517094834e-07,1.7193357252456987e-08,4.568107424759724e-08,5.461368703715322e-07,3.0379139138765124e-06,1.3579495920083596e-06,2.6872851933488895e-06,1.743988286007081e-07,2.589598433466733e-07,2.9673439716493277e-07,,,,4.5758775657489537e-08,,,,,,,,,,,
export_e2e2_radial_a3_s400,solovev_lcfs_A3,public,128,257,1000,400,256,40,boozer_neort,,,,,2.5228151791574264e-08,2.0623238065313525e-08,,refined,,,,,,,,,,,,,,,,,,,,,,,,,,,,,,5.3604922278793765e-08,,,,,,,,,,,
export_e2e2_radial_a3_s400,solovev_lcfs_A3,public,128,257,1000,400,256,40,boozer_neo2,,,,,2.5228223418214948e-08,2.062328245095415e-08,,refined,,,,,,,,,,,,,,,,,,,,,,,,,,,,,,5.360492694173047e-08,,,,,,,,,,,
readers_gpec_kin6d_a3_n48_final,solovev_lcfs_A3,kin6d,48,,,,,,gpec_direct,1.3721022511961715e-16,3.90907838753588e-16,1.3804217136909189e-06,8.826820139332408e-06,4.927977969217263e-07,1.9498836648458226e-07,1.196071627818752e-06,,9.497653058289011e-06,6.269901836633327e-05,,,,,,,,,,,7.95600103575822e-08,,,,,,,,,,,,,,3.845283770076721e-07,1.5780474994978834e-06,5.035301788414159e-06,,1.0522354043640547e-06,1.497946474748879e-06,2.009215332776648e-06,1.9472730613904437e-07,,1.378333126661058e-06,,,,4.859851817196059e-06,
readers_gpec_kin6d_a3_n96_final,solovev_lcfs_A3,kin6d,96,,,,,,gpec_direct,1.3848335616299633e-16,3.9090787099295457e-16,7.153809542285944e-07,4.285186299962933e-06,4.176716407954561e-08,1.680991430554265e-07,1.1703110977661847e-06,,4.922003022243825e-06,3.043869637640953e-05,,,,,,,,,,,3.625710842669605e-09,,,,,,,,,,,,,,2.526161445534834e-08,8.751036342235228e-08,3.025090721253676e-07,,5.659069324259747e-08,8.26678304699513e-08,1.083685614577945e-07,1.506514535348617e-08,,1.3800056556552086e-07,,,,4.283593983966938e-07,
readers_gpec_kin6d_cerfon_n48_final,solovev_cerfon_iter,kin6d,48,,,,,,gpec_direct,1.2613171316066271e-08,1.6629299325126663e-07,6.617092535631141e-06,8.99380746417482e-05,2.648343088525984e-06,6.489917578342002e-07,6.813478997343362e-06,,4.043230832605528e-05,0.00046825053539232365,,,,,,,,,,,7.428721280344774e-07,,,,,,,,,,,,,,2.2275826301371134e-06,2.4482638785875856e-05,1.228585456558573e-05,,1.5585356400893424e-05,2.3267202758137095e-05,3.074993013019167e-05,5.861622986834983e-07,,4.718752617510169e-06,,,,5.236887085202646e-06,
readers_gpec_kin6d_cerfon_n96_final,solovev_cerfon_iter,kin6d,96,,,,,,gpec_direct,7.103809446691801e-10,7.395141863728452e-09,8.047328916382991e-07,6.24532042298065e-06,1.4451005558932294e-07,1.7021548650644164e-07,1.3228614923772157e-06,,4.917148969499334e-06,3.251541294212255e-05,,,,,,,,,,,2.9207925411611768e-08,,,,,,,,,,,,,,1.2480837368734131e-07,1.061791945338414e-06,9.151031554743838e-07,,6.645545962413735e-07,1.0089615993802425e-06,1.3111571121049437e-06,4.1316517538403066e-08,,3.506296071211343e-07,,,,5.132296345689014e-07,
readers_gpec_mars_a3_n128_final,solovev_lcfs_A3,mars,128,,,,,,gpec_direct,1.3546719696328887e-16,3.909078751655879e-16,2.040859320409966e-07,6.506613292931066e-07,4.2336580272889335e-09,3.577615366999086e-08,1.5787765747815722e-07,,1.404163131633078e-06,4.621801925021767e-06,,,,,,,,,,,2.097338080986333e-09,,,,,,,,,,,,,,1.3553154663451093e-08,4.307743503307018e-08,4.948876419774706e-08,,3.0580737386820545e-08,4.0947954471626247e-08,4.031536676718517e-08,2.4970496467031104e-09,,6.372347039831347e-09,,,,4.4734812965074866e-08,
readers_gpec_mars_a3_n64_final,solovev_lcfs_A3,mars,64,,,,,,gpec_direct,1.1473459983128694e-16,1.9545393738261504e-16,1.048532610792131e-06,2.307771067407141e-06,7.60148108741548e-09,5.627441926290609e-08,2.891648934406414e-07,,7.214171079460569e-06,1.6392645796828836e-05,,,,,,,,,,,7.63622276522824e-10,,,,,,,,,,,,,,1.9863641705850113e-07,5.155399607169199e-07,2.6684950593658385e-07,,4.0899682518524827e-07,4.898857901003417e-07,4.6615495136181906e-07,2.2042227124061153e-08,,2.043223294893621e-08,,,,7.123589662594298e-08,
readers_gpec_mars_cerfon_n128_final,solovev_cerfon_iter,mars,128,,,,,,gpec_direct,1.6162443787774097e-10,3.937693331548122e-10,4.5043934592054843e-07,1.1509370143431984e-06,3.203285381484541e-08,6.643793072976199e-08,3.939766929262522e-07,,2.7523143692405326e-06,5.992201228824848e-06,,,,,,,,,,,2.039411639565003e-09,,,,,,,,,,,,,,3.309624151322716e-08,7.666128575291642e-08,3.023536290225337e-07,,5.935287206160211e-08,7.281268965542154e-08,7.31314291346763e-08,1.824622152233794e-08,,4.0504180796362193e-08,,,,2.476990388355915e-07,
readers_gpec_mars_cerfon_n256_final,solovev_cerfon_iter,mars,256,,,,,,gpec_direct,1.1230787126980198e-10,6.13871424335322e-10,3.6631517626237913e-07,2.2436187944607984e-06,8.069976532960263e-09,9.202998967236322e-08,6.672968790049605e-07,,2.238291461551485e-06,1.1681104269923296e-05,,,,,,,,,,,4.259907981918332e-09,,,,,,,,,,,,,,1.7267379160329265e-08,5.8726548711169956e-08,5.115601697802674e-08,,3.7616637915682816e-08,5.578877648737546e-08,7.421708625443557e-08,1.8365602491576133e-09,,8.851670415686735e-09,,,,3.746887000666277e-08,
readers_gpec_public_a3_n128_final,solovev_lcfs_A3,public,128,,,,,,gpec_direct,1.3449943139737918e-16,3.9090787554906347e-16,1.7735151522255073e-07,7.133915084566991e-07,3.7126027095307893e-09,3.309640624769599e-08,1.947628149777892e-07,,1.2202235418129163e-06,5.067389263168623e-06,,,,,,,,,,,1.3511213259320698e-09,,,,,,,,,,,,,,1.149138937127836e-08,3.77235531065588e-08,8.65327843824204e-08,,2.629595641234772e-08,3.58594257621192e-08,3.649883073553184e-08,2.0502846482422874e-09,,7.153144608157044e-09,,,,8.133093420958915e-08,
readers_gpec_public_a3_n64_final,solovev_lcfs_A3,public,64,,,,,,gpec_direct,1.3901519888306283e-16,3.9090787489055178e-16,9.90217271728769e-07,2.2072287330968232e-06,7.614852866432185e-09,4.8588543921195263e-08,2.186959567916882e-07,,6.812946718517827e-06,1.5678469670093986e-05,,,,,,,,,,,5.056906005052042e-10,,,,,,,,,,,,,,1.9562847131465757e-07,5.140575478743392e-07,2.5894051258745776e-07,,4.0621341790281207e-07,4.884774840729911e-07,4.649541806567292e-07,2.1708301847404422e-08,,1.876738584725454e-08,,,,6.713688005532958e-08,
readers_gpec_public_cerfon_n128_final,solovev_cerfon_iter,public,128,,,,,,gpec_direct,1.487518546686181e-10,3.619600005068116e-10,3.671310314966007e-07,1.19096131984039e-06,2.7913559855464303e-08,6.160153849744036e-08,3.9675961869428724e-07,,2.243276489798969e-06,6.200582480136067e-06,,,,,,,,,,,1.4675453074985967e-09,,,,,,,,,,,,,,2.9396876966564346e-08,6.708740239484626e-08,1.6015960579984778e-07,,5.116616952349773e-08,6.371749983191677e-08,6.403857977232974e-08,1.5843407514073903e-08,,2.81135718296142e-08,,,,1.3449363978068618e-07,
readers_gpec_public_cerfon_n256_final,solovev_cerfon_iter,public,256,,,,,,gpec_direct,1.0050722004164378e-10,2.8980980354349905e-10,6.955783616965192e-07,5.682950664953865e-06,3.824860673738434e-09,1.9689117761619036e-07,1.93775764649564e-06,,4.250184703936861e-06,2.958753051326596e-05,,,,,,,,,,,2.2964022905469506e-09,,,,,,,,,,,,,,1.1940288355652553e-08,3.1551771368284744e-08,1.9572689358149375e-08,,2.0351480167768443e-08,2.998251869001933e-08,3.754221611362851e-08,1.1499368531103868e-09,,4.578976036544622e-09,,,,9.989283511480096e-09,
readers_neo2_kin6d_a3_n48_final,solovev_lcfs_A3,kin6d,48,,,,,,neo2_full,2.591566633135708e-07,2.0362868994056122e-06,1.3802140047459846e-06,7.86184316546708e-06,8.125878361061644e-07,3.1914044430547535e-07,2.496573630935219e-06,,1.002863128108677e-05,5.583635218407887e-05,,,,,,,,,,,1.2857901587892684e-07,,,,,,,,,,,,,,6.74399986704743e-07,4.540032692365868e-06,6.372366085471981e-06,,2.792184645272755e-06,4.2490623545221595e-06,5.528251347808322e-06,2.1752162959322557e-07,2.5011843756325367e-06,,,,0.00047733459760490593,2.9104926857481672e-06,1.0493152718578513e-06
readers_neo2_kin6d_a3_n96_final,solovev_lcfs_A3,kin6d,96,,,,,,neo2_full,3.989676922286627e-08,2.448650178390984e-07,1.1609365019352857e-07,5.517305578205898e-07,3.9301634822717417e-08,3.844792204848654e-08,2.115362659199533e-07,,8.072216007806492e-07,3.5184102736026935e-06,,,,,,,,,,,2.924239195234435e-08,,,,,,,,,,,,,,1.2462993472620984e-07,1.0989859327534832e-06,8.796869999105894e-07,,6.864824370067524e-07,1.0288106909728256e-06,1.359166353021024e-06,1.765834013963214e-08,9.313050827528696e-07,,,,0.0005344595762248883,3.393954010055822e-07,1.0931741023330006e-07
readers_neo2_kin6d_cerfon_n48_final,solovev_cerfon_iter,kin6d,48,,,,,,neo2_full,2.0788518003940962e-06,1.7897620242108645e-05,1.0947091565470393e-05,8.3822244171692e-05,6.593154337893786e-06,2.566045348846402e-06,2.2462134010484085e-05,,6.865952309476864e-05,0.00043558731632632915,,,,,,,,,,,1.02243595923035e-06,,,,,,,,,,,,,,4.6494361629681345e-06,3.3195391708592405e-05,5.260158871056575e-05,,2.098641595327244e-05,3.104676064591416e-05,4.15505432637131e-05,1.561439094029992e-06,2.3545839014824805e-05,,,,0.004489270127747136,3.484606873871421e-05,8.062749031704493e-06
readers_neo2_kin6d_cerfon_n96_final,solovev_cerfon_iter,kin6d,96,,,,,,neo2_full,2.420671942481881e-07,2.9495329199356025e-06,6.239610660960195e-07,5.34410610102404e-06,4.380625156395684e-07,2.3779932920337115e-07,2.8572993662563386e-06,,3.6800743786776473e-06,2.743709018949088e-05,,,,,,,,,,,2.8921582573282478e-08,,,,,,,,,,,,,,4.984916096401759e-07,2.8633519592936946e-06,3.2757378427561434e-06,,1.7989357625758373e-06,2.6791222851318963e-06,3.5289122444215337e-06,1.0896233819894341e-07,3.3945614660242656e-06,,,,0.0011306990006761941,3.3186039459787153e-06,6.848847775623996e-07
readers_neo2_mars_a3_n128_final,solovev_lcfs_A3,mars,128,,,,,,neo2_full,1.8942072841502955e-08,8.975146545678482e-08,3.087379553613816e-08,1.7191501811218732e-07,1.863914665407175e-08,1.8559093928773533e-08,9.231754052362902e-08,,1.8128560023062886e-07,1.1869032614872838e-06,,,,,,,,,,,5.662915691928561e-10,,,,,,,,,,,,,,4.005619315496846e-08,2.0959586435845725e-07,1.1115339226819287e-07,,1.3853639702077203e-07,1.9654148863956777e-07,2.2561855195224467e-07,9.063187572888586e-09,2.6546050860749456e-07,,,,0.0004926703020164958,1.3551383237775383e-07,1.4734161967041409e-08
readers_neo2_mars_a3_n64_final,solovev_lcfs_A3,mars,64,,,,,,neo2_full,1.9646439976271385e-08,9.031694224112484e-08,4.408896373806203e-08,2.2776955034652225e-07,1.914751879074824e-08,1.8645965404059358e-08,8.605269348275112e-08,,2.925425787673673e-07,1.5975864242786447e-06,,,,,,,,,,,9.658720712124591e-09,,,,,,,,,,,,,,7.138633395092734e-08,4.48071334823851e-07,2.5659766977881304e-07,,2.814598092371057e-07,4.201754867372287e-07,5.069119588529958e-07,9.35849168764016e-09,3.112293119810738e-07,,,,0.0004929686870858152,1.8958939906887906e-07,1.7560005464926136e-08
readers_neo2_mars_cerfon_n128_final,solovev_cerfon_iter,mars,128,,,,,,neo2_full,3.6337464203865675e-08,4.1732270850039473e-07,8.478938004909953e-08,7.880903025803652e-07,2.16765847208093e-08,3.043713934016838e-08,1.8502017522770509e-07,,4.905104415083428e-07,3.907588273683511e-06,,,,,,,,,,,1.1617213413472882e-08,,,,,,,,,,,,,,1.31689605771357e-07,1.7302853899469704e-06,1.1035656439783992e-06,,1.0867728097441187e-06,1.6174228214538289e-06,1.9572873189988016e-06,1.227510908238985e-08,1.1965587442178511e-06,,,,0.00048219068120847197,3.71049964753567e-07,3.740864886273169e-08
readers_neo2_mars_cerfon_n256_final,solovev_cerfon_iter,mars,256,,,,,,neo2_full,2.9570451095006422e-08,2.570854602246512e-07,6.019644820901564e-08,4.1062024305263186e-07,1.6230380486717826e-08,2.78322160181178e-08,1.866483304331263e-07,,3.3609978290524603e-07,1.997539762090019e-06,,,,,,,,,,,1.1499483587584791e-09,,,,,,,,,,,,,,9.091948015129543e-08,1.0444743616682874e-06,7.219893403132005e-07,,6.565337307140595e-07,9.77091620613102e-07,1.2425359494638855e-06,8.897856488516258e-09,5.87711486717743e-07,,,,0.0005291181238165077,2.501093034901203e-07,2.149267461010137e-08
readers_neo2_public_a3_n128_final,solovev_lcfs_A3,public,128,,,,,,neo2_full,1.757142111769982e-08,9.754424563165714e-08,3.0554440753161876e-08,2.2292429850862665e-07,1.9201444520584236e-08,1.7372209459286743e-08,1.0221651391169199e-07,,1.8568402303558967e-07,1.5633192431365474e-06,,,,,,,,,,,3.176024554463197e-09,,,,,,,,,,,,,,3.7978642542952014e-08,2.2330417340924526e-07,1.188796939777248e-07,,1.404808857019546e-07,2.086893394759315e-07,2.3945522353852056e-07,8.506363074035673e-09,3.256790453738533e-07,,,,0.00047490913024872405,1.4566829453777075e-07,2.3282817523552883e-08
readers_neo2_public_a3_n64_final,solovev_lcfs_A3,public,64,,,,,,neo2_full,1.9241436686501e-08,8.824254940087456e-08,4.237540063201477e-08,2.0595313766675653e-07,1.7401986367508572e-08,1.8373468048572286e-08,5.061911012531104e-08,,2.7986443750016594e-07,1.324060395620568e-06,,,,,,,,,,,4.963130462165566e-09,,,,,,,,,,,,,,6.882398042648138e-08,4.0673702991080275e-07,2.3326988529692727e-07,,2.552919955434163e-07,3.8109371280903304e-07,4.597834555308822e-07,9.261110695708491e-09,2.799317617355081e-07,,,,0.00038641034092945503,1.6844362393797496e-07,1.63056523717887e-08
readers_neo2_public_cerfon_n128_final,solovev_cerfon_iter,public,128,,,,,,neo2_full,4.166642717124721e-08,6.40939183190976e-07,1.0412965493532518e-07,1.1817474896415375e-06,3.350256171103747e-08,2.947610482997365e-08,2.9341659934108184e-07,,6.107671718469676e-07,5.830438153997797e-06,,,,,,,,,,,1.1528101695468251e-08,,,,,,,,,,,,,,1.8133549285159852e-07,2.6255688407014385e-06,1.6669961884208107e-06,,1.6496519495978745e-06,2.4547015167186714e-06,2.9710366357127427e-06,1.1695262708346675e-08,1.7737057195414732e-06,,,,0.0006308759938482567,5.861179430688424e-07,5.478378881501368e-08
readers_neo2_public_cerfon_n256_final,solovev_cerfon_iter,public,256,,,,,,neo2_full,2.7881456712197005e-08,2.9623330993615393e-07,6.044502388434974e-08,5.650604046139535e-07,1.5833920630558205e-08,2.3993639921110565e-08,1.2965798321110202e-07,,3.435767564046975e-07,2.820889936172366e-06,,,,,,,,,,,1.3595302661428832e-10,,,,,,,,,,,,,,1.0054226314929655e-07,1.2301802329295216e-06,7.893334846853506e-07,,7.739311861376663e-07,1.1511571575972823e-06,1.3938582634764884e-06,8.262449608814434e-09,8.604271841744209e-07,,,,0.0005345036466409825,2.699046252052639e-07,2.6183838665976084e-08
readers_mars_hamada_a3_n128_r8,solovev_lcfs_A3,mars,128,,,,,,mars_native,9.349455891580742e-17,1.9563690807943468e-16,2.0428333616064287e-07,4.5383237283206626e-07,3.6435428187469026e-09,3.248395665620299e-08,1.2255211920928832e-07,,1.5085790458104805e-06,3.2242305732601304e-06,,,,,,,,,,,1.340025757023966e-09,,,,,,,,,,,,,,9.170782229819404e-09,3.3952269697121385e-08,1.938386040567508e-08,,2.6259852292653818e-08,3.225170491782947e-08,3.08277848248828e-08,3.248395665594237e-08,,1.5085924318291983e-06,1.2007642172778824e-06,2.414594893596078e-05,,,
readers_mars_hamada_a3_n128_r8,solovev_lcfs_A3,mars,128,,,,,,mars_hamada,,,,,1.5085924318291983e-06,1.2007642172778824e-06,,,,,,,,,,,,,,,,,,,,,,,,,,,,,,,,,,,,,,,,,,2.414594893596078e-05,
readers_mars_hamada_a3_n64_r8,solovev_lcfs_A3,mars,64,,,,,,mars_native,9.341998898113115e-17,1.963433823443527e-16,1.692813575017259e-06,3.582554766779704e-06,6.328304643445303e-08,2.661176216554259e-07,9.82102036063321e-07,,1.2531409740542276e-05,2.5464517986556712e-05,,,,,,,,,,,2.1570145336546886e-08,,,,,,,,,,,,,,1.6714581555920705e-07,6.762722932805722e-07,3.78437196135728e-07,,5.242718314479866e-07,6.424985300457209e-07,6.148933896499287e-07,2.661176216567759e-07,,5.086606443271281e-06,3.997274760841041e-06,9.661656935766594e-05,,,
readers_mars_hamada_a3_n64_r8,solovev_lcfs_A3,mars,64,,,,,,mars_hamada,,,,,5.086606443271281e-06,3.997274760841041e-06,,,,,,,,,,,,,,,,,,,,,,,,,,,,,,,,,,,,,,,,,,9.661656935766594e-05,
readers_mars_hamada_cerfon_n128_r8,solovev_cerfon_iter,mars,128,,,,,,mars_native,1.5180367933887415e-10,3.374848113752661e-10,6.927290170003657e-07,1.4143932531352243e-06,1.6624727313919867e-08,1.166077819365514e-07,4.583813055890495e-07,,4.36561436508429e-06,7.3651349588302236e-06,,,,,,,,,,,4.551179988432352e-09,,,,,,,,,,,,,,2.9471733352249482e-08,7.05015519999431e-08,4.382130225355496e-08,,5.601478630934409e-08,6.697099225183578e-08,6.272143315833034e-08,1.1660778193663557e-07,,5.665079246897428e-06,4.123627285941612e-06,2.5985217434909558e-05,,,
readers_mars_hamada_cerfon_n128_r8,solovev_cerfon_iter,mars,128,,,,,,mars_hamada,,,,,5.665079246897428e-06,4.123627285941612e-06,,,,,,,,,,,,,,,,,,,,,,,,,,,,,,,,,,,,,,,,,,2.5985217434909558e-05,
readers_mars_hamada_cerfon_n256_r8,solovev_cerfon_iter,mars,256,,,,,,mars_native,1.1169256468833738e-11,2.766825131276221e-11,9.190894714307007e-08,2.4569279427985163e-07,1.0377457913080283e-09,1.4454902143866258e-08,5.8073232663873886e-08,,5.793105531467943e-07,1.2793898169981128e-06,,,,,,,,,,,2.902527107551123e-10,,,,,,,,,,,,,,2.1216598568538877e-09,5.737154867536707e-09,3.761325251261383e-09,,4.387635366143172e-09,5.440987160820754e-09,5.662341817647132e-09,1.4454902144014771e-08,,1.421977546702199e-06,1.0348107959238894e-06,6.499764175549316e-06,,,
readers_mars_hamada_cerfon_n256_r8,solovev_cerfon_iter,mars,256,,,,,,mars_hamada,,,,,1.421977546702199e-06,1.0348107959238894e-06,,,,,,,,,,,,,,,,,,,,,,,,,,,,,,,,,,,,,,,,,,6.499764175549316e-06,
