case,degree,n,max_area,dof,iterations,wall_s,driver_wall_s,psi_l2,psi_max,bpol_l2,bpol_max,btor_l2,btor_max,b_l2,b_max,q_max,axis_rel,volume_rel,phi_edge_rel,force_rms,accuracy_passed,residual,flux_consistency,kin6d_commit,iter_tc24_commit,binary_sha256,producer_sha256,input_hash,raw_root
solovev_lcfs_A3,2,96,0.009148041887969591,5113,336,0.051485544,3.038530264981091,5.668566174081835e-06,1.6997340429810362e-05,0.0002635468670563956,0.000794126376216254,0.0,0.0,3.658402166611136e-05,0.0001111241859019934,5.257860094341656e-05,4.085072768659945e-07,4.385081803767263e-08,1.046530957410843e-07,0.0032115662167155968,False,9.341020661387916e-11,2.290404757632203e-06,7951c6afc2b04b4fdd0ddc9f411d3ac8b53ced55,1031f4b507d3482a4514f665d56b86be59772be4,f79eacc625825a1b3f558cfa1a354e8a5bda33a1b39071ec3f22c53d81d5aade,ec0ed2c68dd61d561892e6051016d57291a5fa1ae782c27761254ea5139a1c06,42ff28debea11d100f494332457d2a5cd99cfc6429e214875c3490d757c16c4d,/home/ert/data/iter_tc24/phase1/kin6d/runs/p3lane-7951c6a-a3-p2-n96
solovev_lcfs_A3,2,192,0.0022870104719923978,20629,679,0.349472718,8.566114675952122,6.841624376383717e-07,2.1408644456246857e-06,6.431489744897406e-05,0.00023460812140180484,0.0,0.0,8.927814729907255e-06,3.2829329534411694e-05,1.702449825774104e-05,1.259290026869193e-08,2.741490990479127e-09,6.544666398866405e-09,0.001149810379267745,False,9.843561796548197e-11,2.2546215769914113e-06,7951c6afc2b04b4fdd0ddc9f411d3ac8b53ced55,1031f4b507d3482a4514f665d56b86be59772be4,f79eacc625825a1b3f558cfa1a354e8a5bda33a1b39071ec3f22c53d81d5aade,ec0ed2c68dd61d561892e6051016d57291a5fa1ae782c27761254ea5139a1c06,d407cb867a91852c4e14d8e96cd95dc196ca585be5db46d9bbf7a25a454fd173,/home/ert/data/iter_tc24/phase1/kin6d/runs/p3lane-7951c6a-a3-p2-n192
solovev_lcfs_A3,2,384,0.0005717526179980994,82977,1362,2.958643351,30.039145129034296,8.368340385048655e-08,2.1647513785003976e-07,1.572634877270787e-05,4.5308207039108345e-05,0.0,0.0,2.1830389814744214e-06,6.340096202180308e-06,4.256018705559527e-06,7.832802938903254e-09,1.7157792731503586e-10,4.0975089257921754e-10,0.0005292088021582103,False,9.759288335465225e-11,2.2693206989110593e-06,7951c6afc2b04b4fdd0ddc9f411d3ac8b53ced55,1031f4b507d3482a4514f665d56b86be59772be4,f79eacc625825a1b3f558cfa1a354e8a5bda33a1b39071ec3f22c53d81d5aade,ec0ed2c68dd61d561892e6051016d57291a5fa1ae782c27761254ea5139a1c06,54789ed8e9f84dae71543b52983b2d599367468bf1873613a2488152757c7824,/home/ert/data/iter_tc24/phase1/kin6d/runs/p3lane-7951c6a-a3-p2-n384
solovev_lcfs_A3,2,576,0.00025411227466582206,187193,2008,9.785507455,66.04777404782362,2.4311875297970322e-08,5.787696633215839e-08,6.972822288495107e-06,2.6647383694786793e-05,0.0,0.0,9.679260638741057e-07,3.728838265781087e-06,3.867216698461207e-06,4.45690065320542e-09,3.4148557736969504e-11,8.148812027683735e-11,0.0002749781279391647,True,9.978447906895326e-11,2.2929570611118777e-06,7951c6afc2b04b4fdd0ddc9f411d3ac8b53ced55,1031f4b507d3482a4514f665d56b86be59772be4,f79eacc625825a1b3f558cfa1a354e8a5bda33a1b39071ec3f22c53d81d5aade,ec0ed2c68dd61d561892e6051016d57291a5fa1ae782c27761254ea5139a1c06,d8dbf34777299a6efaf61fcfeb8cc881983b94c90e2ad6dba4bd26867a2d57ed,/home/ert/data/iter_tc24/phase1/kin6d/runs/p3lane-7951c6a-a3-p2-n576
solovev_lcfs_A3,3,48,0.036592167551878364,2854,312,0.031519325,2.3377134539186954,3.175276718765773e-07,8.764800452741261e-07,7.829841281159869e-06,9.011258829252157e-05,0.0,0.0,1.086892385675258e-06,1.2609690741214048e-05,5.3968417795239735e-06,2.296547678769166e-08,1.0373666731448895e-07,2.4667868882548616e-07,0.00020076174427636036,True,9.794939395110652e-11,2.2854345540501697e-06,7951c6afc2b04b4fdd0ddc9f411d3ac8b53ced55,1031f4b507d3482a4514f665d56b86be59772be4,f79eacc625825a1b3f558cfa1a354e8a5bda33a1b39071ec3f22c53d81d5aade,ec0ed2c68dd61d561892e6051016d57291a5fa1ae782c27761254ea5139a1c06,04bd2106c06da713d6fc5cce63622ebb98b6dd7a767e62204db3033d65283dc6,/home/ert/data/iter_tc24/phase1/kin6d/runs/p3lane-7951c6a-a3-p3-n48
solovev_lcfs_A3,3,96,0.009148041887969591,11575,638,0.20727942,4.747569133993238,1.854642337702762e-08,6.297586621640458e-08,7.595016546554659e-07,7.946775650209141e-06,0.0,0.0,1.0542954010307865e-07,1.1120131519656236e-06,3.82209580372819e-06,1.7671079560933611e-09,6.4941305284951036e-09,1.548939056686568e-08,1.89833244208051e-05,True,9.560490525876923e-11,2.292570065121069e-06,7951c6afc2b04b4fdd0ddc9f411d3ac8b53ced55,1031f4b507d3482a4514f665d56b86be59772be4,f79eacc625825a1b3f558cfa1a354e8a5bda33a1b39071ec3f22c53d81d5aade,ec0ed2c68dd61d561892e6051016d57291a5fa1ae782c27761254ea5139a1c06,bee63e9559509671623a2515ad9485278b22d77337640f89fcb2f7ca1b78cb0c,/home/ert/data/iter_tc24/phase1/kin6d/runs/p3lane-7951c6a-a3-p3-n96
solovev_lcfs_A3,3,192,0.0022870104719923978,46558,1291,1.407518675,12.998092046007514,1.0758065017700966e-09,3.4260244777854607e-09,7.997115882589885e-08,6.050660908710649e-07,0.0,0.0,1.1101124592479646e-08,8.466848448645251e-08,3.8046514750164164e-06,2.0071904334079723e-10,4.0575937005258794e-10,9.686198122718903e-10,2.8413775022080456e-06,True,9.517872802078465e-11,2.2925572420451346e-06,7951c6afc2b04b4fdd0ddc9f411d3ac8b53ced55,1031f4b507d3482a4514f665d56b86be59772be4,f79eacc625825a1b3f558cfa1a354e8a5bda33a1b39071ec3f22c53d81d5aade,ec0ed2c68dd61d561892e6051016d57291a5fa1ae782c27761254ea5139a1c06,a5daff9f1b32006f8f237061fa5f5ce951e1e044bee2af79b9b42f0133b5c7e0,/home/ert/data/iter_tc24/phase1/kin6d/runs/p3lane-7951c6a-a3-p3-n192
solovev_lcfs_A3,3,384,0.0005717526179980994,186985,2630,11.543163803,48.020628690952435,6.577612171246058e-11,1.9421421344633693e-10,8.604471776545732e-09,4.728298681390066e-08,0.0,0.0,1.1944220222175236e-09,6.616432313637911e-09,3.794031566063388e-06,9.981321706529736e-12,2.5132621359998307e-11,5.989042365124324e-11,4.732802433088904e-07,True,9.963975008179618e-11,2.2926718294957737e-06,7951c6afc2b04b4fdd0ddc9f411d3ac8b53ced55,1031f4b507d3482a4514f665d56b86be59772be4,f79eacc625825a1b3f558cfa1a354e8a5bda33a1b39071ec3f22c53d81d5aade,ec0ed2c68dd61d561892e6051016d57291a5fa1ae782c27761254ea5139a1c06,2896476d61094a7f541aad5be34989b1241ae7ad521ab943b619844a6cb2d067,/home/ert/data/iter_tc24/phase1/kin6d/runs/p3lane-7951c6a-a3-p3-n384
solovev_cerfon_iter,2,96,0.008430835403952775,7501,407,0.083095081,7.288925507105887,5.114444356596971e-06,2.3188925517888445e-05,0.0002486376212591176,0.0010537454085010132,2.5357381442427158e-08,1.8069931582676043e-07,3.946884165780224e-05,0.00020223346598451957,5.5754267759560165e-05,1.0905864113853297e-07,4.152398282645921e-07,5.625370132954472e-07,0.002647972660907081,False,9.297830320077793e-11,2.051141409831203e-06,7951c6afc2b04b4fdd0ddc9f411d3ac8b53ced55,1031f4b507d3482a4514f665d56b86be59772be4,f79eacc625825a1b3f558cfa1a354e8a5bda33a1b39071ec3f22c53d81d5aade,ec0ed2c68dd61d561892e6051016d57291a5fa1ae782c27761254ea5139a1c06,a70f1fe1420714e5bf6bec08f005bd39acffbd64b4a006d833bf82026b4747b8,/home/ert/data/iter_tc24/phase1/kin6d/runs/p3lane-7951c6a-cerfon-p2-n96
solovev_cerfon_iter,2,192,0.0021077088509881938,30241,821,0.603054125,14.392021971056238,5.514273130410837e-07,1.977854808394906e-06,5.8378652436314666e-05,0.00021442059888625856,2.665939321136786e-09,1.4177976900056098e-08,9.267050605336622e-06,4.1151325257120844e-05,9.46656321445661e-06,4.140387836581116e-08,2.6029455381297093e-08,3.527913236644606e-08,0.0015400397041672672,False,9.905632548418716e-11,2.6062435809492968e-06,7951c6afc2b04b4fdd0ddc9f411d3ac8b53ced55,1031f4b507d3482a4514f665d56b86be59772be4,f79eacc625825a1b3f558cfa1a354e8a5bda33a1b39071ec3f22c53d81d5aade,ec0ed2c68dd61d561892e6051016d57291a5fa1ae782c27761254ea5139a1c06,1aa6266a17a01b5d94c2aafb091defd5b4d40b754415bce3db7bb0a5c3339325,/home/ert/data/iter_tc24/phase1/kin6d/runs/p3lane-7951c6a-cerfon-p2-n192
solovev_cerfon_iter,2,384,0.0005269272127470484,121529,1667,4.700475749,43.89261937700212,6.799573542868527e-08,2.0732346514691151e-07,1.4700537261068567e-05,4.1689000990121986e-05,3.2466636960919504e-10,1.057296546314125e-09,2.333569084396173e-06,8.000899334390404e-06,4.792361224764759e-06,2.137340795204685e-08,1.6304636705092039e-09,2.2102301679506165e-09,0.0005774358972153922,False,9.769171220670104e-11,2.60618736747098e-06,7951c6afc2b04b4fdd0ddc9f411d3ac8b53ced55,1031f4b507d3482a4514f665d56b86be59772be4,f79eacc625825a1b3f558cfa1a354e8a5bda33a1b39071ec3f22c53d81d5aade,ec0ed2c68dd61d561892e6051016d57291a5fa1ae782c27761254ea5139a1c06,2c1df0dcdb5c36504cb1360ec35a960079babe5dc2d0b226fb9e63c6a1f498dd,/home/ert/data/iter_tc24/phase1/kin6d/runs/p3lane-7951c6a-cerfon-p2-n384
solovev_cerfon_iter,2,576,0.00023418987233202155,273725,2522,22.379480236,105.62380064185709,1.985767595919513e-08,5.840585377651089e-08,6.578069766907325e-06,1.9462104839737692e-05,9.557761015398545e-11,3.5048980211682357e-10,1.0442053843547306e-06,3.735142074944119e-06,4.899861765425401e-06,1.6391879015748202e-08,3.2424361936683905e-10,4.3964316678057315e-10,0.0002789615433145457,True,9.994483002090735e-11,2.525823743493305e-06,7951c6afc2b04b4fdd0ddc9f411d3ac8b53ced55,1031f4b507d3482a4514f665d56b86be59772be4,f79eacc625825a1b3f558cfa1a354e8a5bda33a1b39071ec3f22c53d81d5aade,ec0ed2c68dd61d561892e6051016d57291a5fa1ae782c27761254ea5139a1c06,fe49baf305aacfd29373d214c69612b626d1dbba473446c93e761e7030f393bb,/home/ert/data/iter_tc24/phase1/kin6d/runs/p3lane-7951c6a-cerfon-p2-n576
solovev_cerfon_iter,3,48,0.0337233416158111,4078,382,0.049519869,6.360196587862447,2.1587477953151823e-06,1.777398579364407e-05,2.8455978846195336e-05,0.0003479464502099526,1.2115002821270814e-08,1.2741035340729668e-07,4.517129102670486e-06,6.677755149551977e-05,1.1813005440419749e-05,5.0538494938289495e-08,9.532606189874542e-07,1.2878811731414572e-06,0.0002099829347841388,False,9.654288786377126e-11,8.264022817172645e-07,7951c6afc2b04b4fdd0ddc9f411d3ac8b53ced55,967492bd201c87b0ffd40ba1261adc65f32ef66d,f79eacc625825a1b3f558cfa1a354e8a5bda33a1b39071ec3f22c53d81d5aade,ec0ed2c68dd61d561892e6051016d57291a5fa1ae782c27761254ea5139a1c06,43e5be493f9873479ec3bf6ab1fac8ee87440ea9cbb5cabdb62fbf704af050aa,/home/ert/data/iter_tc24/phase1/kin6d/runs/p3lane-7951c6a-cerfon-p3-n48
solovev_cerfon_iter,3,96,0.008430835403952775,16948,774,0.330434706,9.691490261116996,1.120187705652453e-07,6.882497223164944e-07,2.12400511634292e-06,3.069283362674699e-05,6.246913518717509e-10,4.933622316346913e-09,3.371659710609553e-07,5.890529113084241e-06,5.220479895409267e-06,7.345756650787656e-09,6.120280293767528e-08,8.290582134886165e-08,2.1253654738641638e-05,True,9.583406109263013e-11,2.4981300799087336e-06,7951c6afc2b04b4fdd0ddc9f411d3ac8b53ced55,967492bd201c87b0ffd40ba1261adc65f32ef66d,f79eacc625825a1b3f558cfa1a354e8a5bda33a1b39071ec3f22c53d81d5aade,ec0ed2c68dd61d561892e6051016d57291a5fa1ae782c27761254ea5139a1c06,91012892602458535985d1f3de5e8b085722abb99f7b02df1f0921be4def5aae,/home/ert/data/iter_tc24/phase1/kin6d/runs/p3lane-7951c6a-cerfon-p3-n96
solovev_cerfon_iter,3,192,0.0021077088509881938,68185,1561,2.421731421,21.73833949584514,7.181056323644909e-09,4.0158383052531634e-08,8.864561498463386e-08,1.350126258521261e-06,4.022798136674405e-11,2.862538007189746e-10,1.4071695814648393e-08,2.591145184671526e-07,4.835512583099849e-06,1.4125218334339238e-09,3.848236582015602e-09,5.216396342848451e-09,4.633586667815128e-06,True,9.491680494292609e-11,2.48092052634874e-06,7951c6afc2b04b4fdd0ddc9f411d3ac8b53ced55,967492bd201c87b0ffd40ba1261adc65f32ef66d,f79eacc625825a1b3f558cfa1a354e8a5bda33a1b39071ec3f22c53d81d5aade,ec0ed2c68dd61d561892e6051016d57291a5fa1ae782c27761254ea5139a1c06,6c090cc291e5381ebaa268aeee7ea19698c1e16cd57a4eca56208d6d2bb6ad78,/home/ert/data/iter_tc24/phase1/kin6d/runs/p3lane-7951c6a-cerfon-p3-n192
solovev_cerfon_iter,3,384,0.0005269272127470484,273727,3235,24.089169262,78.88357104011811,4.4613511561249635e-10,2.4122168495871012e-09,7.884290615468664e-09,4.373203823435156e-08,2.5006745597925065e-12,1.7291591694204094e-11,1.2515578262445266e-09,8.39299646960256e-09,4.809380707130525e-06,3.409914590899085e-11,2.384285927648822e-10,3.231333913670341e-10,6.927900154545961e-07,True,9.979800277195558e-11,2.5114281858584775e-06,7951c6afc2b04b4fdd0ddc9f411d3ac8b53ced55,967492bd201c87b0ffd40ba1261adc65f32ef66d,f79eacc625825a1b3f558cfa1a354e8a5bda33a1b39071ec3f22c53d81d5aade,ec0ed2c68dd61d561892e6051016d57291a5fa1ae782c27761254ea5139a1c06,52966accee2c4397de933883c2f5c343d7b9ff0242ffb790ced57e1e3f902f90,/home/ert/data/iter_tc24/phase1/kin6d/runs/p3lane-7951c6a-cerfon-p3-n384
