case,code,dof,psi_l2,psi_max,Bphi_l2,Bphi_max,bpol_l2,bpol_max,b_l2,b_max,bmod_l2,bmod_max
E1_A40,chease_mars,66048,3.360059017100475e-07,6.793747801761133e-07,7.663130253598436e-09,1.2543251875249444e-08,2.5497467644640297e-07,3.9765349558343814e-07,8.246836839384686e-09,1.4112663162644655e-08,7.661905449486402e-09,1.2449296460647314e-08
E2_A40,chease_mars,1088,3.8952398295095113e-07,6.804757212586199e-07,7.378641320914894e-09,1.2135070426516496e-08,1.1041036184328016e-06,2.314382739059687e-06,1.512617920412166e-08,3.858386693792456e-08,7.376657441237374e-09,1.216911782626451e-08
E1_A20,chease_mars,1088,1.443452300619947e-07,2.7582738327431457e-07,6.707088140388062e-09,1.4689786398396913e-08,4.817469204356419e-07,1.1182059973811487e-06,1.33215854009835e-08,3.880971300061711e-08,6.705623180615968e-09,1.4710390391532299e-08
E2_A40,chease_mars,4224,3.818770048946406e-07,6.450235320905401e-07,7.548891616182808e-09,1.2133354530765136e-08,2.646675823711704e-07,4.026371776455397e-07,8.185168627561601e-09,1.2490746471137699e-08,7.548063622822488e-09,1.216121822318987e-08
E1_A20,chease_mars,4224,1.320374690908036e-07,2.2756072872384283e-07,6.709172858924538e-09,1.4622130149764806e-08,1.1528719869039273e-07,1.51689067787925e-07,7.250919091853323e-09,1.540451429145085e-08,6.707209464253786e-09,1.4683983406710952e-08
E1_A3p1,chease_mars,1088,1.109229883849016e-06,3.0480217820703024e-06,3.2473652940008695e-08,1.3437847837755938e-07,1.0386894194648724e-05,2.2993134583332812e-05,1.5326723724062807e-06,4.309587578170972e-06,7.049047901489952e-08,5.045048912231391e-07
E2_A40,chease_mars,16640,3.8178351064930284e-07,6.437650990439393e-07,7.54926610793231e-09,1.2300970307138889e-08,2.6459501585386834e-07,4.0267606032455084e-07,8.18517839205561e-09,1.266682647689109e-08,7.548387033783122e-09,1.2329231896067815e-08
E1_A3p1,chease_mars,4224,4.712794851518188e-08,1.470432677841781e-07,1.102250313558173e-08,2.7932326184493973e-08,4.5547688590457976e-07,1.4035220247379324e-06,6.807326993125722e-08,2.6313865050017284e-07,1.0354723717511123e-08,3.1640379538505176e-08
E1_A20,chease_mars,16640,1.3161866633714742e-07,2.2760855943527668e-07,6.709347915221468e-09,1.4627638049875734e-08,1.1537726528607706e-07,1.4658528650521367e-07,7.2518988434569825e-09,1.5281382778028954e-08,6.707293724136301e-09,1.4683219405652412e-08
E1_A3p1,chease_mars,16640,4.4871435167667725e-08,9.084353265284219e-08,1.0320672028143593e-08,1.8648949448299947e-08,4.659893329562445e-08,1.499306504809832e-07,1.230680657818617e-08,3.0629311922686845e-08,1.0233675349119642e-08,1.942788780643081e-08
E2_A40,chease_mars,66048,3.8168223923586107e-07,6.436784879448452e-07,7.548885069564612e-09,1.2133792700747179e-08,2.6466871220967945e-07,4.022442341117811e-07,8.18516781623963e-09,1.2489395783176604e-08,7.54805797802636e-09,1.2161344379122737e-08
E1_A20,chease_mars,66048,1.318128619124004e-07,2.2776996606608457e-07,6.709855632717687e-09,1.4622384686756194e-08,1.1534670537819388e-07,1.5068543129362914e-07,7.2520907621757e-09,1.533457348233769e-08,6.707258213588157e-09,1.4679372653295202e-08
E1_A3p1,chease_mars,66048,4.619856080061005e-08,8.69911625585639e-08,1.0340134330648369e-08,1.875762782287946e-08,4.665777011586593e-08,1.497679433578339e-07,1.2327621851121457e-08,3.0581214963916966e-08,1.0247164850012468e-08,1.9510431283884914e-08
E1_A40,chease_public,1088,3.333569870892944e-07,6.932992342881181e-07,7.664611685275012e-09,1.2532586539844312e-08,3.353087493558914e-07,6.789561448873688e-07,8.649445715708032e-09,1.657761966420805e-08,7.66306327011246e-09,1.2470431260712382e-08
E1_A40,chease_public,4224,3.3594621979910564e-07,6.765486710443775e-07,7.663803615567076e-09,1.2537407991507138e-08,2.551656963274269e-07,3.979773536004943e-07,8.248307068775493e-09,1.4112459340157796e-08,7.662610228062622e-09,1.2446071048207604e-08
E1_A40,chease_public,16640,3.3599815792401324e-07,6.714261464752809e-07,7.663306380954485e-09,1.2526743642781478e-08,2.551681397653591e-07,3.8448926120808544e-07,8.24785594642507e-09,1.4003546663444983e-08,7.662374806937524e-09,1.2440016985526748e-08
E1_A40,chease_public,66048,3.359685937167354e-07,6.703587881586664e-07,7.663308798193709e-09,1.2525323244137845e-08,2.551702343046587e-07,3.84719280389969e-07,8.247867456859316e-09,1.4004335942175753e-08,7.662377379532672e-09,1.2438838626479558e-08
E1_A20,chease_public,1088,1.4477738411895775e-07,2.7586267031993094e-07,6.706521469431378e-09,1.4700235139786797e-08,4.831340509709797e-07,1.1146512751032237e-06,1.3349951490503374e-08,3.877381718089069e-08,6.703641077612981e-09,1.471512038071635e-08
E1_A20,chease_public,4224,1.3146145230567861e-07,2.2785130383761548e-07,6.709988151668822e-09,1.4621957487596748e-08,1.1561753926857855e-07,1.5734229201101302e-07,7.254675193866977e-09,1.5331374923620125e-08,6.707262284413104e-09,1.468019571989343e-08
E1_A20,chease_public,16640,1.319126919989571e-07,2.2790457224576045e-07,6.7089100716869015e-09,1.4621478042708712e-08,1.1576135675037612e-07,1.6001843979916344e-07,7.254988131108836e-09,1.5304461378488464e-08,6.707298874925231e-09,1.4681173687791858e-08
E1_A20,chease_public,66048,1.3179757699550448e-07,2.2813912523931124e-07,6.709553356299643e-09,1.4622431838631314e-08,1.1580097661737625e-07,1.5808430503568414e-07,7.2559436240235865e-09,1.535295427847093e-08,6.707301251876719e-09,1.4681514853788284e-08
E2_A40,chease_public,1088,3.8942978810031987e-07,6.805199207738923e-07,7.3782871341115815e-09,1.2319126318406509e-08,1.1043851273257554e-06,2.3150907337029508e-06,1.5128945662359203e-08,3.857162405943487e-08,7.376459503683324e-09,1.2350261679473623e-08
E2_A20,chease_public,1088,2.6781007755250644e-07,6.294641648920604e-07,7.621120542817763e-09,1.5201058805150814e-08,2.3097005417709273e-06,5.300538695815772e-06,5.5756991510908616e-08,1.6833237386304397e-07,7.621423636868537e-09,1.5293084755556708e-08
E2_A20,chease_public,4224,1.4325112578750024e-07,2.403250326870045e-07,7.852477579934683e-09,1.5174554205739825e-08,1.2212239149860706e-07,1.6634349829792785e-07,8.375859572096984e-09,1.6018942868591124e-08,7.847466005375357e-09,1.513669577427904e-08
E2_A40,chease_public,4224,3.8224230522808454e-07,6.448963792708982e-07,7.548753369954894e-09,1.2136044839956901e-08,2.643630234645665e-07,3.566143311919832e-07,8.183633223890976e-09,1.249354322949762e-08,7.547770318416781e-09,1.2163412552719228e-08
E2_A40,chease_public,16640,3.8466249793909554e-07,6.799293166147709e-07,7.378392134566594e-09,1.2142500696635841e-08,2.655888962906044e-07,3.564952045261245e-07,8.032566969858603e-09,1.2502179605604823e-08,7.3763606793912584e-09,1.2170384463877315e-08
E2_A20,chease_public,16640,1.4345446471616268e-07,2.3927636180161725e-07,7.85404353118098e-09,1.515377516247533e-08,1.2191020667863554e-07,1.8421163230228684e-07,8.375559284061078e-09,1.5960103023426495e-08,7.849676485439345e-09,1.5144848902539614e-08
E1_A10,chease_public,1088,1.536461806690893e-07,4.266268417189054e-07,8.40822022055162e-09,1.2512450863193394e-08,1.1977779371223936e-06,2.968234864061616e-06,5.766473114079496e-08,1.904197672449663e-07,8.433438276269304e-09,1.3058284180543054e-08
E2_A40,chease_public,66048,3.8196689715165203e-07,6.432465123138173e-07,7.548801138270396e-09,1.2133383460514337e-08,2.6429452238538505e-07,3.5594766295309603e-07,8.183360804464635e-09,1.2489282043476556e-08,7.54772211447023e-09,1.2160247543528003e-08
E2_A3p1,chease_public,1088,6.671140035669324e-06,1.2886295025170997e-05,8.750413916661359e-08,2.0564430200610348e-07,4.795750827298437e-05,9.557897226794856e-05,7.304194543751386e-06,1.4952110350987771e-05,3.4841391927541087e-07,1.3571091933852775e-06
E1_A10,chease_public,4224,9.490997093985453e-08,1.6828408228296335e-07,8.231339227183135e-09,1.2197085521080161e-08,7.283306742526114e-08,1.4760936189588305e-07,8.92386292416083e-09,1.269594271884618e-08,8.218183933155717e-09,1.2253723024845774e-08
E2_A3p1,chease_public,4224,8.890511996475934e-08,2.2507351051576267e-07,1.0514652379303916e-08,2.3020255493290127e-08,8.526147701135374e-07,3.2377700273195575e-06,1.3026404139078032e-07,5.065657978535736e-07,9.470877711163254e-09,3.151862075074907e-08
E2_A20,chease_public,66048,1.4322869697122577e-07,2.390821355049224e-07,7.854070695303149e-09,1.5166419626262534e-08,1.2195076401866394e-07,1.955742632210863e-07,8.375922386487694e-09,1.5982557990589368e-08,7.849695282586066e-09,1.5133916183379948e-08
E1_A10,chease_public,16640,9.40775038531661e-08,1.5982284910341856e-07,7.969436127799894e-09,1.2198725207776723e-08,7.234595569044271e-08,1.7574988368618583e-07,8.674185312567755e-09,1.2656395369394539e-08,7.96355175180005e-09,1.224766414391108e-08
E2_A3p1,chease_public,16640,4.477306912984818e-08,9.280716339291344e-08,9.571466767911283e-09,2.2836300618536085e-08,9.488032145250086e-08,5.6013651228327e-07,1.7270913921644567e-08,8.764759540703547e-08,9.389370782000412e-09,2.316727816110836e-08
E2_A20,chease_mars,1088,2.678524370276747e-07,6.305518158944778e-07,7.621225539091757e-09,1.5195273148699263e-08,2.310229707238358e-06,5.302395545242557e-06,5.576954159842427e-08,1.683910877136851e-07,7.621421525925096e-09,1.5308304680853138e-08
E2_A20,chease_mars,4224,1.4302062689214305e-07,2.3945572848804563e-07,7.855223904374113e-09,1.5136727217205738e-08,1.208546264681377e-07,1.64303239310785e-07,8.367913601776953e-09,1.5964086259915432e-08,7.851485421258475e-09,1.5136143608057583e-08
E2_A20,chease_mars,16640,1.43213060106486e-07,2.3850144794736424e-07,7.854313101778985e-09,1.5149394141280227e-08,1.217682838179981e-07,1.904801102218524e-07,8.374631211326791e-09,1.5988767038651874e-08,7.849705033580061e-09,1.5132708684475794e-08
E1_A10,chease_public,66048,9.43679385368655e-08,1.593588160104374e-07,7.971991362985573e-09,1.2198584037829868e-08,7.268581659182695e-08,1.756712232958575e-07,8.682969120795419e-09,1.2658382529703226e-08,7.966110948421096e-09,1.2244351737873032e-08
E2_A3p1,chease_public,66048,4.339674406842286e-08,9.974136332029714e-08,9.528567566363092e-09,2.2841877923310647e-08,8.954614370530022e-08,5.641985366370093e-07,1.6573079108736836e-08,8.828317342402701e-08,9.334265330844339e-09,2.3293481719147724e-08
E1_A10,chease_mars,1088,1.5328502468093822e-07,4.2623435413437044e-07,8.40647788457013e-09,1.2500938324403966e-08,1.196745574814554e-06,2.9687237947255047e-06,5.761583107919124e-08,1.9045121251210245e-07,8.431477526527197e-09,1.3058850394332898e-08
E2_A3p1,chease_mars,1088,6.675092545864412e-06,1.289296499903934e-05,8.742434224026557e-08,2.03762621681376e-07,4.797163691362578e-05,9.559833044030728e-05,7.3063452230117366e-06,1.4955138801007529e-05,3.4845043168830025e-07,1.3616434887188066e-06
E1_A10,chease_mars,4224,9.363701052089571e-08,1.6002977897327262e-07,7.980517526507964e-09,1.2188070870518873e-08,7.199135215785463e-08,9.894577553224609e-08,8.677656678360722e-09,1.2634539368597664e-08,7.97317910216662e-09,1.224188912320432e-08
E2_A3p1,chease_mars,4224,7.789434557261816e-08,1.6599192363600216e-07,1.2568861363394476e-08,4.051993674950142e-08,8.552915752715525e-07,3.2465729162745394e-06,1.3084752337206462e-07,5.079803825599262e-07,1.1830183560473301e-08,3.1372778777163854e-08
E2_A20,chease_mars,66048,1.431184660777772e-07,2.386517123183655e-07,7.854643990187048e-09,1.5166962011157615e-08,1.2177574687848704e-07,1.8597998222633638e-07,8.375003422046942e-09,1.5994210993581276e-08,7.850269688031822e-09,1.51343080082665e-08
E1_A10,chease_mars,16640,9.433643582998445e-08,1.597517129845029e-07,7.975928212467923e-09,1.2204264196819885e-08,7.196711812081346e-08,9.81335863311673e-08,8.672989564914864e-09,1.2669679272556636e-08,7.968619775710652e-09,1.2259986817883477e-08
E2_A3p1,chease_mars,16640,4.6539460222543466e-08,9.507734636275655e-08,9.598246795789348e-09,2.165765376440647e-08,9.931893811743466e-08,5.081354393188025e-07,1.7854365436355067e-08,7.950046054036917e-08,9.443518091465859e-09,2.199833695127608e-08
E1_A10,chease_mars,66048,9.45367308749726e-08,1.5954462905142403e-07,7.97314286143815e-09,1.2187380421525833e-08,7.177718278016186e-08,9.532154710166649e-08,8.666861467310401e-09,1.260905125379047e-08,7.965792163627929e-09,1.2238220525461474e-08
E2_A3p1,chease_mars,66048,4.3535494163246103e-08,9.975210322732425e-08,9.625721334665758e-09,2.3035793631065717e-08,1.0138685771533097e-07,5.180218871493455e-07,1.813617079935525e-08,8.10466681991269e-08,9.435144363491065e-09,2.3470157774099782e-08
E1_A3p1,chease_public,1088,1.108919941126345e-06,3.04801271914376e-06,3.2310269343378176e-08,1.2215466945047948e-07,1.0385674619450612e-05,2.2993149614439034e-05,1.5324891186888178e-06,4.309582060129466e-06,7.042354951865872e-08,5.050208664091984e-07
E1_A3p1,chease_public,4224,4.730901837372386e-08,1.4780336386248967e-07,1.1377588064005276e-08,3.2917639448484746e-08,4.549603206029925e-07,1.4038137503355059e-06,6.805523717362924e-08,2.6317044724755573e-07,1.0754588206993801e-08,3.327084240863706e-08
E1_A3p1,chease_public,16640,4.565851985139658e-08,8.87111411723541e-08,1.033112351504444e-08,1.8723414649664074e-08,4.964969925579445e-08,1.920496306476661e-07,1.2572160025046367e-08,3.6058034898682557e-08,1.025711740991829e-08,1.9503177527115918e-08
E1_A3p1,chease_public,66048,4.569828020960276e-08,8.653777133478005e-08,1.0327952949319008e-08,1.875805183811387e-08,4.96725942583998e-08,1.920209217572199e-07,1.2571579973759436e-08,3.605224526640545e-08,1.025005230667667e-08,1.9532329887455386e-08
E1_A40,chease_mars,1088,3.33026419788795e-07,6.727964743541549e-07,7.663677422211412e-09,1.2550062955311516e-08,3.335754670884709e-07,5.838733390694486e-07,8.639029542607254e-09,1.4616215214162483e-08,7.662432032389545e-09,1.2475888058559483e-08
E2_A10,chease_public,1088,6.058714530256461e-07,1.0854856112690319e-06,7.4132823095509845e-09,1.4195917319218109e-08,5.764729346205771e-06,1.2760776566601424e-05,2.7556223177166216e-07,7.769332066652072e-07,7.820372921038085e-09,1.9970676970808297e-08
E2_A10,chease_public,4224,6.593068329806963e-08,1.1626792979088017e-07,5.5567323465434286e-09,1.1554809419115433e-08,5.9080482379841296e-08,2.3958089587510653e-07,6.227096195297064e-09,1.6342384357610033e-08,5.545184875950843e-09,1.1701001864898323e-08
E2_A10,chease_public,16640,6.469058753797417e-08,1.1083758227043731e-07,5.544992916433698e-09,1.0848746634161506e-08,5.950131352775217e-08,2.578099789533339e-07,6.225804466484961e-09,1.7353531228426522e-08,5.532183004434881e-09,1.0584652942047024e-08
E2_A10,chease_public,66048,6.437429689722373e-08,1.1182868540579565e-07,5.545529393192389e-09,1.0638696863740307e-08,5.980837149442437e-08,2.577419036311625e-07,6.232995034362064e-09,1.7355050275592177e-08,5.532906250712634e-09,1.0489063643550236e-08
E2_A10,chease_mars,1088,6.057761598491421e-07,1.0853144226564137e-06,7.41370223740948e-09,1.4208204712718697e-08,5.7660578904588116e-06,1.2762327658748967e-05,2.756257034770909e-07,7.770275273829965e-07,7.818060331739663e-09,1.987061220189122e-08
E2_A10,chease_mars,4224,6.572168155819567e-08,1.1357868557418598e-07,5.5433534944947935e-09,1.1563874049025026e-08,5.872711965695785e-08,2.662763929772172e-07,6.207536353222481e-09,1.779716376091029e-08,5.522490416367718e-09,1.1706024006757184e-08
E2_A10,chease_mars,16640,6.498884512812508e-08,1.1087877541716651e-07,5.5467085280679816e-09,1.1030953516702978e-08,5.826195747258913e-08,2.7339038988722204e-07,6.200514017832393e-09,1.831629517911833e-08,5.533644998083885e-09,1.0767815019432648e-08
E2_A10,chease_mars,66048,6.435747065015463e-08,1.1250706580008771e-07,5.5465467906271365e-09,1.0706859402759006e-08,5.818222194618536e-08,2.723973332861656e-07,6.1986598476245595e-09,1.8203878590064826e-08,5.5336831293328e-09,1.04761728971336e-08
E1_A40,kin6d,595,2.878448061855466e-06,4.979184565914483e-06,7.48270610761297e-09,1.579712143290164e-08,1.7858471751922175e-05,7.9968691415951e-05,2.1366923015011686e-07,1.310754093897867e-06,7.8603014790908e-09,2.6211758101892914e-08
E1_A40,kin6d,2422,3.8679496012770904e-07,6.236002989747871e-07,7.66073854642054e-09,1.4137464391174862e-08,5.989568093280507e-07,2.4873755013481907e-06,1.0486703720601878e-08,4.2280641768119045e-08,7.641467562263864e-09,1.4370289399881667e-08
E1_A40,kin6d,9946,3.383926540034911e-07,6.963640391601872e-07,7.659818122765222e-09,1.2580299589801902e-08,2.6018193477170516e-07,4.977947364409606e-07,8.26698938471742e-09,1.447059270755007e-08,7.662369680102005e-09,1.2508467217965213e-08
E1_A40,kin6d,40636,3.361551775660793e-07,6.80441726191249e-07,7.66292805225832e-09,1.2611662437453657e-08,2.5499627853008253e-07,3.964639331351783e-07,8.246744475089122e-09,1.4164740150015815e-08,7.661665120219054e-09,1.250286465860972e-08
E2_A40,kin6d,595,2.8882772542602846e-06,4.695413482229573e-06,6.89249314862353e-09,1.5421350551907837e-08,1.7800531690855378e-05,8.145546439607087e-05,2.1300023509069136e-07,1.3185568925439555e-06,7.195002499179589e-09,2.2509923313949347e-08
E1_A20,kin6d,595,2.8790654465856317e-06,5.314359582477152e-06,9.875967487725941e-09,5.480653918610485e-08,1.757715755594168e-05,8.203881606447574e-05,4.201132887042574e-07,2.670585740548403e-06,1.5207711879477664e-08,1.233040313030636e-07
E1_A3p1,kin6d,613,3.241571950292829e-06,1.3432058164005626e-05,2.9769253770371323e-07,2.2385825724541582e-06,1.882976853412565e-05,0.00010462267985647907,2.7934396425912263e-06,1.9608736975615204e-05,6.108881517913073e-07,3.518353905993507e-06
E2_A40,kin6d,2422,4.346182283587564e-07,7.607860037521205e-07,7.570050993287683e-09,1.2172876108730624e-08,6.307054433588953e-07,3.1509481396117564e-06,1.0686198782197923e-08,5.1862182243077435e-08,7.544329818210411e-09,1.220129869430125e-08
E1_A20,kin6d,2422,2.1396149088389635e-07,3.396491807299596e-07,6.71264220386421e-09,1.4642191012013746e-08,5.517035569365607e-07,1.924747855987446e-06,1.4792453770373329e-08,6.27793253681304e-08,6.725049174181219e-09,1.4696637675750343e-08
E1_A3p1,kin6d,2395,2.1712958426818692e-07,1.2573643231339897e-06,2.2138638275217715e-08,2.1445009363590822e-07,8.817297964639143e-07,2.988585489680151e-06,1.319080460628873e-07,5.692151511836811e-07,2.4228612640372655e-08,1.2170054036544377e-07
E2_A40,kin6d,9946,3.738102192084324e-07,6.213726524065968e-07,7.551223589430438e-09,1.2136674072506156e-08,2.688511017570281e-07,4.848789395608169e-07,8.20679249594847e-09,1.2500999898391131e-08,7.54772569163816e-09,1.216396735137896e-08
E1_A20,kin6d,9766,1.3127246790911979e-07,2.2222388052034e-07,6.70485632243787e-09,1.462430120518817e-08,1.2547036940024116e-07,3.3371007077728167e-07,7.342869585386796e-09,1.5369611486429197e-08,6.703652437272708e-09,1.4681918907053352e-08
E1_A3p1,kin6d,9937,4.940019300455865e-08,9.848256888036268e-08,1.0430140584224857e-08,1.9142006664563547e-08,9.72874193018328e-08,3.5496952686539147e-07,1.767517896347936e-08,6.654301209030776e-08,1.0464745875570905e-08,2.0406354396320057e-08
E2_A40,kin6d,40636,3.8121086076476144e-07,6.432566227021929e-07,7.549435993250814e-09,1.2288663142048415e-08,2.646391488932265e-07,4.2105262630458174e-07,8.185539126577624e-09,1.2659126968178365e-08,7.548391507661178e-09,1.2317358861948946e-08
E1_A20,kin6d,40483,1.321842456503195e-07,2.2733215754661154e-07,6.709794389817758e-09,1.4623988363367569e-08,1.1535101253391718e-07,1.4971717622206202e-07,7.252073245302957e-09,1.5360566582644062e-08,6.707252174151561e-09,1.467757671674102e-08
E1_A3p1,kin6d,40753,4.573346245251865e-08,8.653751579637022e-08,1.034722980652452e-08,1.8604392927019987e-08,4.879813174529631e-08,1.6658893992918146e-07,1.2512411269864806e-08,3.1363340746949635e-08,1.0243203897594742e-08,1.92521188055589e-08
E2_A20,kin6d,595,2.7871033152754668e-06,5.295776499315307e-06,7.679902317665882e-09,5.347090556823063e-08,1.7304975210894933e-05,8.268835856387592e-05,4.1390113266101096e-07,2.624691638119913e-06,1.4667385817806752e-08,1.0065297124988587e-07
E2_A20,kin6d,2422,2.401741068167717e-07,5.524131864285284e-07,7.996034551251383e-09,1.665093580933221e-08,6.518563089745207e-07,4.229457341591917e-06,1.7518545793402755e-08,1.3506303011030193e-07,8.01567856680433e-09,1.6758669176374003e-08
E2_A20,kin6d,9766,1.5757378770509884e-07,2.6556076678031357e-07,7.844014532863515e-09,1.5244250220638855e-08,1.3626416824310066e-07,5.913547744391484e-07,8.491873667749069e-09,2.0017037166542508e-08,7.853580467909626e-09,1.5148506310081732e-08
E1_A10,kin6d,595,2.7843581278202237e-06,5.525329639829623e-06,1.8773686122868736e-08,1.7783895685734325e-07,1.6086714433522804e-05,8.402435095673966e-05,7.664354695052538e-07,5.385234976085156e-06,4.6293703449092923e-08,3.7635668618363575e-07
E2_A3p1,kin6d,613,7.315507219590773e-06,5.8294499448366644e-05,7.053569071258632e-07,6.362284398843889e-06,4.383402010896664e-05,0.00019409590878904928,6.711999080277143e-06,3.038096745788813e-05,1.4996533376572724e-06,9.886147078861023e-06
E1_A10,kin6d,2440,1.8408489568543474e-07,2.847171317686694e-07,7.839962510785107e-09,1.4600934903580457e-08,5.408701790790218e-07,2.5251336942906994e-06,2.692545927836446e-08,1.6210669690456265e-07,7.955666296141907e-09,1.6200197338372003e-08
E2_A3p1,kin6d,2395,4.861448513615949e-07,2.018924037279228e-06,5.7429296897657274e-08,2.963279012062218e-07,3.952693917947262e-06,1.9147318678861188e-05,6.046450334847183e-07,2.9953548619356514e-06,1.3465348104281644e-07,8.983120906854903e-07
E2_A20,kin6d,40483,1.4353832126928959e-07,2.3949974619530253e-07,7.855347103422941e-09,1.5191812567480196e-08,1.217641010869684e-07,1.887781313240485e-07,8.375565649198865e-09,1.5976452612262594e-08,7.850226114051233e-09,1.513422887977541e-08
E1_A10,kin6d,9640,9.806960789869964e-08,1.734048672863098e-07,8.226859185359707e-09,1.2183942547340986e-08,8.320489690259574e-08,2.1152220361182098e-07,9.123225775307374e-09,1.3893687934636186e-08,8.215468060532127e-09,1.2239294556780636e-08
E2_A3p1,kin6d,9937,1.0870039230115143e-07,1.2554925293714879e-06,1.5182442509624435e-08,1.7737292232247602e-07,3.2045678201514344e-07,1.992823531107018e-06,5.105862792915406e-08,3.502247769119234e-07,1.2409501711608888e-08,8.71689106836947e-08
E1_A10,kin6d,40177,9.435965455185886e-08,1.608190490209665e-07,7.97069800665999e-09,1.2190754612780803e-08,7.139167872744416e-08,8.54873824057393e-08,8.657389174819235e-09,1.2657101194391232e-08,7.963356988918241e-09,1.224654343080999e-08
E2_A3p1,kin6d,40753,4.180129707227556e-08,9.819767864048796e-08,9.748117911044785e-09,2.0421662967653014e-08,9.226023180864243e-08,4.653582827555978e-07,1.703659804569826e-08,7.28129647668206e-08,9.333750081247831e-09,2.0651776207676554e-08
E2_A10,kin6d,595,2.843226155242153e-06,4.700514382304494e-06,1.9138762039993058e-08,2.5882369019530883e-07,2.0294285308394944e-05,0.00010304707122845758,9.699340343662022e-07,6.27445241364541e-06,5.8335244927234015e-08,3.655316283935878e-07
E2_A10,kin6d,2440,2.0603128491280135e-07,5.377184294546983e-07,6.9419309091798615e-09,2.2401719256149653e-08,8.529223656701604e-07,6.395537559348326e-06,4.134182292343568e-08,3.8938805264880987e-07,7.229930403451093e-09,2.7152837364678e-08
E2_A10,kin6d,9640,7.96883232943382e-08,4.0348507219033824e-07,5.465327604975854e-09,1.810886171790421e-08,1.1057363411356454e-07,9.01889430004573e-07,7.597285569858687e-09,5.586070108250832e-08,5.4346302681638316e-09,1.5956760749433303e-08
E2_A10,kin6d,40177,6.3884866207407e-08,1.0860044865640075e-07,5.5438276116835965e-09,1.0729060132152953e-08,5.849650071585958e-08,2.630827339310488e-07,6.2029851508954615e-09,1.7618638341004368e-08,5.530311157860797e-09,1.0465576294588705e-08
E1_A40,chease_mars,4224,3.363383014885783e-07,6.793975613821071e-07,7.663615933707125e-09,1.2543114100971645e-08,2.550007222403348e-07,3.9769363938164486e-07,8.247403215448492e-09,1.4114361804583247e-08,7.662379079958037e-09,1.2451536339863982e-08
E1_A40,chease_mars,16640,3.3613514219517645e-07,6.793898775934072e-07,7.662936102914903e-09,1.2542402675853983e-08,2.549945937993055e-07,3.9775660768487835e-07,8.246744506694734e-09,1.4113524528514048e-08,7.661670338166446e-09,1.2449553996921253e-08
