code,case,dof,boundary_samples,wall_s,producer_reported_s,native_converged,workdir,psi_l2,psi_max,bpol_l2,bpol_max,btor_l2,btor_max,b_l2,b_max,q_max,axis_rel,volume_rel,phi_edge_rel,force_rms,accuracy_passed,axis_R,axis_Z,q_axis,volume,phi_edge,run_tag,resolution,code_commit,majorant,majorant_flux,majorant_balance,estimator_s
vmecpp,E1_A20,1518,4097,2.064557614037767,1.671875952044502,True,/home/ert/data/iter_tc24/phase1/vmecpp/runs/phase2_20261009_v2_vmecpp_E1_A20_00/native,9.239996587214502e-06,1.557448271698339e-05,1.6350787560043918e-05,2.8125810082193182e-05,1.609256902436465e-08,1.2000514831194122e-07,3.8260410137541914e-07,9.218344594098431e-07,1.0491427292741864e-08,1.3823553132944637e-06,3.539118655850271e-10,5.544193987336029e-16,4.928291298671685e-07,False,6.20192975986687,0.0,1.5011961299464218,11.761015388514096,1.6019973718973228,phase2_20261009_v2_vmecpp_E1_A20_00,"{""ftol"": 1e-20, ""mpol"": 16, ""ns"": 33, ""ntheta"": 64, ""tcon0"": 1.0}",a4150a4e2101bd47868d040f3adee5d0304ce89b,,,,
vmecpp,E1_A20,2990,4097,3.145047976868227,2.726205938961357,True,/home/ert/data/iter_tc24/phase1/vmecpp/runs/phase2_20261009_v2_vmecpp_E1_A20_01/native,2.7988338880683355e-06,5.242470916949631e-06,5.425102964898885e-06,1.1908917035365432e-05,3.923222799100792e-09,4.3342594540535805e-08,1.2689432436660135e-07,3.894610500352645e-07,7.655442510852939e-09,5.958138709590101e-07,3.539118655850271e-10,6.930242484170036e-16,1.418622256217154e-07,False,6.2019346379483915,0.0,1.501196131067776,11.761015388514096,1.601997371897323,phase2_20261009_v2_vmecpp_E1_A20_01,"{""ftol"": 1e-20, ""mpol"": 16, ""ns"": 65, ""ntheta"": 64, ""tcon0"": 1.0}",a4150a4e2101bd47868d040f3adee5d0304ce89b,,,,
vmecpp,E1_A20,5934,4097,8.651856779120862,8.236721575027332,True,/home/ert/data/iter_tc24/phase1/vmecpp/runs/phase2_20261009_v2_vmecpp_E1_A20_02/native,7.956564472227946e-07,1.7020396515039638e-06,1.76854946685665e-06,4.942313086383676e-06,1.0463241342901337e-09,1.4411988266989855e-08,4.136021723831712e-08,1.6107600209173633e-07,4.572138539253747e-09,2.4995357239817756e-07,3.539118655850271e-10,9.70233947783805e-16,3.8777208470746095e-08,True,6.201936782952635,0.0,1.5011961328293997,11.761015388514096,1.6019973718973235,phase2_20261009_v2_vmecpp_E1_A20_02,"{""ftol"": 1e-20, ""mpol"": 16, ""ns"": 129, ""ntheta"": 64, ""tcon0"": 1.0}",a4150a4e2101bd47868d040f3adee5d0304ce89b,,,,
vmecpp,E1_A20,11822,4097,21.773758884053677,21.240812382893637,True,/home/ert/data/iter_tc24/phase1/vmecpp/runs/phase2_20261009_v3_vmecpp_E1_A20_03/native,2.2046730246607297e-07,5.525014655279544e-07,5.820637586409984e-07,2.058319851986686e-06,4.4352232050214757e-10,4.695560220637264e-09,1.3615313380778082e-08,6.698145424536549e-08,1.0747941916454837e-09,1.047991715666234e-07,3.539118655850271e-10,9.70233947783805e-16,1.1985166171863118e-08,True,6.201937683191278,0.0,1.5011961322907004,11.761015388514096,1.6019973718973235,phase2_20261009_v3_vmecpp_E1_A20_03,"{""ftol"": 1e-18, ""mpol"": 16, ""ns"": 257, ""ntheta"": 64, ""tcon0"": 1.0}",a4150a4e2101bd47868d040f3adee5d0304ce89b,,,,
desc,E1_A20,12,,32.59265891299583,30.84633325203322,True,/home/ert/data/iter_tc24/phase1/desc/runs/phase2_20261009_v1_desc_E1_A20_00/native,4.922676999663234e-06,7.561571005391693e-06,1.3903052884066274e-05,4.021013463452666e-05,9.48384764918696e-09,5.6650670908929214e-08,3.251782720881619e-07,1.3082152497006864e-06,2.0681035988282085e-11,3.012086771382236e-07,3.5391473530152876e-10,0.0,4.505954374700377e-08,False,6.201940201226918,0.0,1.5011961315914102,11.761015388514062,1.601997371897322,phase2_20261009_v1_desc_E1_A20_00,"{""L"": 4, ""M"": 4, ""N"": 0, ""continuation"": false, ""continuation_steps"": [4], ""cpu"": 16, ""maxiter"": 200}",2888389dcce56f5827a4ec54f9f9ef226f3ee5ed,,,,
desc,E1_A20,27,,32.735265291063115,31.000507461139932,True,/home/ert/data/iter_tc24/phase1/desc/runs/phase2_20261009_v1_desc_E1_A20_01/native,4.402119660032477e-09,6.332537820334527e-09,1.9489832551976753e-08,9.751536955005265e-08,3.530680027402778e-10,4.4368246629438177e-10,5.76375786600309e-10,3.199445563167871e-09,2.0681035988282085e-11,4.757587498595798e-10,3.539126207735802e-10,0.0,5.336097945478833e-10,True,6.201938330198651,0.0,1.5011961315914102,11.761015388514087,1.601997371897322,phase2_20261009_v1_desc_E1_A20_01,"{""L"": 6, ""M"": 6, ""N"": 0, ""continuation"": false, ""continuation_steps"": [4], ""cpu"": 16, ""maxiter"": 200}",2888389dcce56f5827a4ec54f9f9ef226f3ee5ed,,,,
desc,E1_A20,48,4097,59.29152604192495,57.52291190600954,True,/home/ert/data/iter_tc24/phase1/desc/runs/phase2_20261009_v1_desc_E1_A20_02/native,1.234035709850944e-09,2.7651029413984747e-09,7.638968602421945e-09,9.929968209672761e-08,3.54920134509028e-10,3.6037774326100655e-10,3.972335111020589e-10,3.2423785343993985e-09,2.0681035988282085e-11,4.2315492226005945e-10,3.5390990209478914e-10,0.0,5.982777507427181e-10,True,6.2019383305248965,0.0,1.5011961315914102,11.761015388514119,1.601997371897322,phase2_20261009_v1_desc_E1_A20_02,"{""L"": 8, ""M"": 8, ""N"": 0, ""continuation"": true, ""continuation_steps"": [4], ""cpu"": 16, ""maxiter"": 200}",2888389dcce56f5827a4ec54f9f9ef226f3ee5ed,,,,
desc,E1_A20,75,4097,63.32918086601421,61.29346182313748,True,/home/ert/data/iter_tc24/phase1/desc/runs/phase2_20261009_v1_desc_E1_A20_03/native,8.051297591115588e-10,1.7006381376168966e-09,7.61595902120897e-09,1.0076242663448882e-07,3.5525160227874086e-10,3.78321338322914e-10,3.972881550368533e-10,3.288956829661031e-09,2.0681035988282085e-11,3.173018271550341e-11,3.539127718112908e-10,0.0,7.484269354734335e-10,True,6.201938333346066,0.0,1.5011961315914102,11.761015388514085,1.601997371897322,phase2_20261009_v1_desc_E1_A20_03,"{""L"": 10, ""M"": 10, ""N"": 0, ""continuation"": true, ""continuation_steps"": [4], ""cpu"": 16, ""maxiter"": 200}",2888389dcce56f5827a4ec54f9f9ef226f3ee5ed,,,,
chease_mars,E1_A20,1088,,1.3202894490677863,1.2267117488663644,True,/home/ert/data/iter_tc24/phase1/chease_mars/runs/phase2_20261009_v1_chease_mars_E1_A20_00/native,4.53878411751505e-08,9.842877142317164e-08,4.749006873202124e-07,1.1134028053419973e-06,9.051651150744187e-11,2.5345228442755745e-10,1.110309059812108e-08,3.61901770931372e-08,4.727684205744793e-09,8.302691131128767e-10,1.7628030788464292e-08,8.697398875693522e-10,5.0811276992843164e-08,True,6.201938328,-1.67769534e-12,1.501195625,11.7610156,1.601997370504001,phase2_20261009_v1_chease_mars_E1_A20_00,"{""export_n"": 257, ""folded"": true, ""ns"": 16, ""nt"": 16, ""relax"": 0.0, ""smooth"": 1}",104053d51ef2fa83820a46791eaf32efc27a5c4e,,,,
chease_mars,E1_A20,4224,,2.112353093922138,1.9792972980067134,True,/home/ert/data/iter_tc24/phase1/chease_mars/runs/phase2_20261009_v1_chease_mars_E1_A20_01/native,2.58688856940116e-09,5.611163289120001e-09,6.110181014025428e-08,1.629420983582956e-07,8.516538415360323e-11,1.9110347782781025e-10,1.4310367073870687e-09,5.296267837206393e-09,4.007029115856855e-09,3.732587445968514e-09,6.226963098271925e-10,5.453861048651866e-10,5.0465162684379594e-08,True,6.20193831,5.570739004e-13,1.501196006,11.7610154,1.6019973710236148,phase2_20261009_v1_chease_mars_E1_A20_01,"{""export_n"": 257, ""folded"": true, ""ns"": 32, ""nt"": 32, ""relax"": 0.0, ""smooth"": 1}",104053d51ef2fa83820a46791eaf32efc27a5c4e,,,,
chease_mars,E1_A20,16640,,5.835016747005284,5.735374209936708,True,/home/ert/data/iter_tc24/phase1/chease_mars/runs/phase2_20261009_v1_chease_mars_E1_A20_02/native,6.522774186797652e-10,8.824576087267993e-10,2.2201254740227717e-08,1.0370765694034292e-07,8.516581325641661e-11,1.918008718108855e-10,5.259809241152323e-10,3.3709213787377374e-09,3.987448022810459e-09,9.433738507380383e-10,6.226963098271925e-10,4.5051150107144787e-10,5.041153943255938e-08,True,6.201938339,-1.638633419e-11,1.5011961,11.7610154,1.6019973711756037,phase2_20261009_v1_chease_mars_E1_A20_02,"{""export_n"": 257, ""folded"": true, ""ns"": 64, ""nt"": 64, ""relax"": 0.0, ""smooth"": 1}",104053d51ef2fa83820a46791eaf32efc27a5c4e,,,,
chease_mars,E1_A20,66048,,22.113626099890098,22.01758653204888,True,/home/ert/data/iter_tc24/phase1/chease_mars/runs/phase2_20261009_v1_chease_mars_E1_A20_03/native,6.306863091330794e-10,7.150210886545036e-10,2.101177511076993e-08,1.0314448446074427e-07,8.516351628313832e-11,1.916866311241446e-10,4.985587222086211e-10,3.352616104878501e-09,4.0070044426217695e-09,4.13119931910843e-09,6.226963098271925e-10,4.3600927564907364e-10,5.0427807109140316e-08,True,6.201938343,-2.365176763e-08,1.50119611,11.7610154,1.6019973711988362,phase2_20261009_v1_chease_mars_E1_A20_03,"{""export_n"": 257, ""folded"": true, ""ns"": 128, ""nt"": 128, ""relax"": 0.0, ""smooth"": 1}",104053d51ef2fa83820a46791eaf32efc27a5c4e,,,,
chease_public,E1_A20,1088,2049,1.171469597145915,1.0791393769904971,True,/home/ert/data/iter_tc24/phase1/chease_public/runs/phase2_20261009_v2_chease_public_E1_A20_00/native,4.535671084459533e-08,9.824379769932595e-08,4.7476460282783427e-07,1.1171183278503067e-06,9.051459569678547e-11,2.531557685028366e-10,1.109990916350988e-08,3.6310894523910074e-08,5.370440368495544e-09,4.970368595306321e-11,6.226963098271925e-10,8.579259032065876e-10,5.082921457182395e-08,True,6.201938333,2.700315846e-10,1.501195625,11.7610154,1.601997370522927,phase2_20261009_v2_chease_public_E1_A20_00,"{""export_n"": 257, ""folded"": true, ""ns"": 16, ""nt"": 16, ""relax"": 0.0, ""smooth"": 1}",b942066c64a6dfe1baaba546945473fb6db97828,,,,
chease_public,E1_A20,4224,2049,2.7867517068516463,2.6834535631351173,True,/home/ert/data/iter_tc24/phase1/chease_public/runs/phase2_20261009_v2_chease_public_E1_A20_01/native,3.3279096823161493e-09,6.291519930410648e-09,5.982521292642648e-08,1.568932259859259e-07,8.515914002082617e-11,1.922814156201053e-10,1.4012447084267768e-09,5.099755162997896e-09,4.007029115856855e-09,6.694351504497959e-10,6.226963098271925e-10,5.427819969493348e-10,5.0415458942920166e-08,True,6.201938329,1.449079022e-10,1.501196006,11.7610154,1.6019973710277866,phase2_20261009_v2_chease_public_E1_A20_01,"{""export_n"": 257, ""folded"": true, ""ns"": 32, ""nt"": 32, ""relax"": 0.0, ""smooth"": 1}",b942066c64a6dfe1baaba546945473fb6db97828,,,,
chease_public,E1_A20,16640,2049,6.884030875051394,6.790353897958994,True,/home/ert/data/iter_tc24/phase1/chease_public/runs/phase2_20261009_v2_chease_public_E1_A20_02/native,1.515988921355763e-09,2.0402032299027043e-09,2.1241256633600097e-08,1.0379283525486166e-07,8.51838942428335e-11,1.9063631786473584e-10,5.038492454046994e-10,3.3736889533496222e-09,4.007004294877847e-09,9.487336074045223e-10,6.226963098271925e-10,4.453091066434311e-10,5.043682069936856e-08,True,6.201938328,2.847475316e-09,1.5011961,11.7610154,1.601997371183938,phase2_20261009_v2_chease_public_E1_A20_02,"{""export_n"": 257, ""folded"": true, ""ns"": 64, ""nt"": 64, ""relax"": 0.0, ""smooth"": 1}",b942066c64a6dfe1baaba546945473fb6db97828,,,,
chease_public,E1_A20,66048,2049,21.214357434073463,21.12117912597023,True,/home/ert/data/iter_tc24/phase1/chease_public/runs/phase2_20261009_v2_chease_public_E1_A20_03/native,2.485175298603965e-09,3.28047464229432e-09,2.0309935023229723e-08,1.0352129361971651e-07,8.518982607496036e-11,1.8953103523723002e-10,4.824041877714617e-10,3.3648626902312604e-09,4.007004590365692e-09,7.059120761913272e-10,6.226963098271925e-10,4.3242439981686216e-10,5.042169616546044e-08,True,6.201938329,1.396961018e-09,1.501196117,11.7610154,1.6019973712045792,phase2_20261009_v2_chease_public_E1_A20_03,"{""export_n"": 257, ""folded"": true, ""ns"": 128, ""nt"": 128, ""relax"": 0.0, ""smooth"": 1}",b942066c64a6dfe1baaba546945473fb6db97828,,,,
kin6d,E1_A20,595,,0.9295068259816617,0.008490847,True,/home/ert/data/iter_tc24/phase1/kin6d/runs/phase2_20261009_v1_kin6d_E1_A20_00/native,2.7353600541730063e-06,4.6910295104105985e-06,2.075625009600886e-05,0.00012520809588474068,1.7624211640753998e-09,5.202928125499411e-09,4.852643853877891e-07,4.069761479755204e-06,1.3809090044836312e-05,1.6135494320566515e-08,1.4426911155881367e-06,1.4443937126572922e-06,8.564918183560924e-06,False,6.2019384330119305,-6.459062514008185e-09,1.5011943873603566,11.761032360188876,1.6019996858122536,phase2_20261009_v1_kin6d_E1_A20_00,"{""angular_points"": 128, ""boundary_nodes"": 24, ""curved"": true, ""degree"": 3, ""max_area"": 0.0032932950796690534, ""radial_points"": 513}",b2e8c97fc19f3bf62f0d3d6925713b5a494b4604,4.055008053685614e-06,3.648359950747142e-06,4.0664810293847233e-07,0.018941305
kin6d,E1_A20,2422,,1.9984359028749168,0.029413735,True,/home/ert/data/iter_tc24/phase1/kin6d/runs/phase2_20261009_v1_kin6d_E1_A20_01/native,1.6308548847629068e-07,3.013071015521554e-07,1.7267171900667672e-06,1.5229345907026553e-05,1.0502870715599735e-10,3.3331210106201327e-10,4.036912559598385e-08,4.950143498380904e-07,1.5910319535757434e-06,4.6278190397874967e-10,9.015627432782452e-08,9.026265673884834e-08,1.141553360775327e-06,True,6.201938336019125,4.164178962588749e-11,1.5011948112238396,11.761016453005789,1.6019975164978608,phase2_20261009_v1_kin6d_E1_A20_01,"{""angular_points"": 128, ""boundary_nodes"": 48, ""curved"": true, ""degree"": 3, ""max_area"": 0.0008233237699172633, ""radial_points"": 513}",b2e8c97fc19f3bf62f0d3d6925713b5a494b4604,3.786400206352755e-07,3.449280408008862e-07,3.371197983438928e-08,0.11460266
kin6d,E1_A20,9766,,4.939948178129271,0.167135001,True,/home/ert/data/iter_tc24/phase1/kin6d/runs/phase2_20261009_v1_kin6d_E1_A20_02/native,9.33278062250411e-09,1.2119659388614899e-08,1.14428888728646e-07,1.1243554008205631e-06,6.011475160921264e-12,1.2796550229999094e-11,2.6752442368670975e-09,3.654602594634009e-08,2.0121916294235867e-07,4.2558668667314485e-11,5.307975205307922e-09,5.31420335653027e-09,1.837595675091742e-07,True,6.201938333413191,-3.839650385834004e-12,1.5011962723317192,11.761015455103637,1.6019973804106618,phase2_20261009_v1_kin6d_E1_A20_02,"{""angular_points"": 128, ""boundary_nodes"": 96, ""curved"": true, ""degree"": 3, ""max_area"": 0.00020583094247931584, ""radial_points"": 513}",b2e8c97fc19f3bf62f0d3d6925713b5a494b4604,3.276584637414144e-08,2.9681012183680107e-08,3.0848341904613317e-09,0.856973954
kin6d,E1_A20,40483,,20.710165282944217,1.189101992,True,/home/ert/data/iter_tc24/phase1/kin6d/runs/phase2_20261009_v1_kin6d_E1_A20_03/native,0.0,0.0,0.0,0.0,0.0,0.0,0.0,0.0,4.1852499503762373e-10,0.0,0.0,0.0,1.273399784282131e-08,True,6.201938333149277,3.2786159854733543e-13,1.5011961315914102,11.761015392676459,1.601997371897322,phase2_20261009_v1_kin6d_E1_A20_03,"{""angular_points"": 128, ""boundary_nodes"": 192, ""curved"": true, ""degree"": 3, ""max_area"": 5.145773561982896e-05, ""radial_points"": 513}",b2e8c97fc19f3bf62f0d3d6925713b5a494b4604,2.8663974370620597e-09,2.591598033422013e-09,2.747994036400468e-10,10.234969323
