case,code,dof,wall_s,native_converged,psi_l2,bpol_l2,bpol_max,btor_l2,btor_max,q_max,axis_rel,volume_rel,phi_edge_rel,accuracy_passed
E1_A10,vmecpp,11822,7.313897741958499,True,7.180936135899821e-07,2.3755274053160705e-06,8.138994315272842e-06,2.277192726252481e-09,3.0732249656417186e-08,1.0514787949920176e-09,8.633382154720105e-07,3.539124697358691e-10,3.3147601527337582e-15,True
E1_A10,desc,75,60.80129306996241,True,8.824713722527431e-10,7.1066692794031134e-09,6.64773262559394e-08,3.5821845904867017e-10,3.855095079795114e-10,5.2737408958908576e-11,7.840420306478596e-10,3.53911714547316e-10,0.0,True
E1_A10,chease_public,66048,22.168138155015185,True,1.0735278995943972e-09,9.51586634221722e-09,6.896891122389748e-08,8.156277012670375e-11,1.6823177695751725e-10,5.300777678263045e-09,1.9956947132828063e-09,6.226949504877961e-10,3.169610949095738e-10,True
E1_A10,chease_mars,66048,19.553883061977103,True,6.133210538998344e-10,9.383853127021776e-09,6.714066619578158e-08,8.158059809185197e-11,1.6428906539375716e-10,5.300777090722456e-09,5.3220162699080005e-09,6.226949504877961e-10,3.240512287612649e-10,True
E1_A10,kin6d,40177,21.273076795972884,True,0.0,0.0,0.0,0.0,0.0,3.3052330836329874e-10,0.0,0.0,0.0,True
E1_A20,vmecpp,11822,21.773758884053677,True,2.2046730246607297e-07,5.820637586409984e-07,2.058319851986686e-06,4.4352232050214757e-10,4.695560220637264e-09,1.0747941916454837e-09,1.047991715666234e-07,3.539118655850271e-10,9.70233947783805e-16,True
E1_A20,desc,75,63.32918086601421,True,8.051297591115588e-10,7.61595902120897e-09,1.0076242663448882e-07,3.5525160227874086e-10,3.78321338322914e-10,2.0681035988282085e-11,3.173018271550341e-11,3.539127718112908e-10,0.0,True
E1_A20,chease_mars,66048,22.113626099890098,True,6.306863091330794e-10,2.101177511076993e-08,1.0314448446074427e-07,8.516351628313832e-11,1.916866311241446e-10,4.0070044426217695e-09,4.13119931910843e-09,6.226963098271925e-10,4.3600927564907364e-10,True
E1_A20,chease_public,66048,21.214357434073463,True,2.485175298603965e-09,2.0309935023229723e-08,1.0352129361971651e-07,8.518982607496036e-11,1.8953103523723002e-10,4.007004590365692e-09,7.059120761913272e-10,6.226963098271925e-10,4.3242439981686216e-10,True
E1_A20,kin6d,40483,20.710165282944217,True,0.0,0.0,0.0,0.0,0.0,4.1852499503762373e-10,0.0,0.0,0.0,True
E1_A3p1,vmecpp,23598,20.37085252185352,True,6.025327222305143e-07,2.445197732457552e-06,1.5231983592776185e-05,2.8066558491258682e-08,3.49941519568649e-07,5.259730546932442e-09,6.2605475297784304e-06,3.539279587135014e-10,2.640991187432368e-15,False
E1_A3p1,desc,75,63.4740519230254,True,1.0674028167422419e-08,6.376681677932571e-08,2.2989890520600287e-07,2.132482111645204e-09,1.1832589909448695e-08,2.2248990982496484e-09,3.454297010555002e-11,3.539277264779176e-10,0.0,True
E1_A3p1,chease_mars,66048,21.15982996392995,True,6.456203881811789e-10,2.53214354983318e-08,1.8085152849764612e-07,8.011815978625678e-11,1.6786511064774034e-10,3.5375632757593338e-09,3.0725303549558835e-09,9.259261757122776e-09,6.506628272262268e-10,True
E1_A3p1,chease_public,66048,20.659807330928743,False,5.995086302629556e-10,2.3331736348148625e-08,1.807489597053408e-07,7.979588990069943e-11,1.6377069474848166e-10,3.5374056275167242e-09,3.9732910003143075e-09,9.545672096782248e-10,6.598043134917715e-10,False
E1_A3p1,kin6d,40753,22.69811812788248,True,0.0,0.0,0.0,0.0,0.0,3.0581032089332176e-08,0.0,0.0,0.0,True
E1_A40,vmecpp,11822,58.590846123872325,True,1.083041286621502e-07,2.466274330771414e-07,7.098010045456945e-07,3.5725785582404635e-10,1.1005475773506996e-09,6.482553407002501e-10,1.7731228256074238e-08,3.5393074529884557e-10,4.161828456704732e-15,True
E1_A40,desc,75,63.49287933809683,True,1.5469037665809583e-09,1.064139349786681e-08,8.510056192596867e-08,3.543719106395199e-10,3.636988208936183e-10,9.681293263403064e-12,1.342010225036811e-10,3.539358805810064e-10,0.0,True
E1_A40,chease_mars,66048,19.91436789301224,True,6.192880637597491e-10,1.2575322311359251e-08,8.70959795723647e-08,8.040452454288598e-11,1.743826359317857e-10,4.152972744248573e-09,4.522824577668382e-09,6.226730500197436e-10,4.3764289792462545e-10,True
E1_A40,chease_public,66048,21.928956232964993,True,1.240911327483859e-09,1.2554970995605884e-08,8.854872449524301e-08,8.040454630814629e-11,1.7415118406529252e-10,4.152972744248573e-09,3.0703437345533753e-10,6.226730500197436e-10,4.341046500983503e-10,True
E1_A40,kin6d,40636,17.592025147983804,True,0.0,0.0,0.0,0.0,0.0,2.9088395468277543e-10,0.0,0.0,0.0,True
E2_A10,vmecpp,23598,75.32573614316061,True,7.180655746760296e-07,2.737385741374528e-06,1.518853059197704e-05,2.2177600175582365e-09,6.353098582818624e-08,5.986600034174449e-10,1.6002607321982667e-06,3.539124697358691e-10,8.720508592089992e-15,False
E2_A10,desc,75,71.76585925696418,True,2.76830627660405e-09,2.1891909445705527e-08,1.8070846055023094e-07,3.6058782963021583e-10,5.055333676660266e-10,2.2106524720711785e-10,2.9308628504653818e-09,3.5391216766044787e-10,1.3842077130301577e-16,True
E2_A10,chease_public,66048,20.456530994037166,True,1.8627532730918736e-09,1.62473260554614e-08,1.849668754664633e-07,0.0,0.0,3.063444770354485e-09,1.5825202514530254e-09,6.226949504877961e-10,2.071518058235013e-10,True
E2_A10,chease_mars,66048,18.597521489020437,True,6.288151146540535e-10,1.7289588875328866e-08,1.8556382665776207e-07,0.0,0.0,3.0675227172990443e-09,5.515474863606008e-09,5.754305384602539e-09,2.0538112731699311e-10,True
E2_A10,kin6d,40177,22.06966786389239,True,0.0,0.0,0.0,0.0,0.0,3.411817143597768e-09,0.0,0.0,0.0,True
E2_A20,vmecpp,23598,76.92339510517195,True,3.5420702569739886e-07,1.1447915751038397e-06,5.308409029273337e-06,5.097631042316416e-10,1.0049021263434049e-08,2.8984577766941026e-10,2.6405288540410266e-07,3.539118655850271e-10,6.101998309190557e-15,True
E2_A20,desc,75,56.13781201397069,True,2.0140087500864095e-09,1.6309507109070745e-08,1.744646633398286e-07,3.5545919299633293e-10,3.598344365043893e-10,6.684613904750244e-11,1.0920962660543759e-09,3.539129228490014e-10,0.0,True
E2_A20,chease_public,66048,22.281932642916217,True,1.6935817037272816e-09,2.1334091485253115e-08,1.475800117190652e-07,0.0,0.0,2.5842701898801854e-09,5.901090738672546e-10,6.226963098271925e-10,4.443134011574368e-10,True
E2_A20,chease_mars,66048,19.9069379249122,True,6.317223999015542e-10,2.2572750041319557e-08,1.470275521430504e-07,0.0,0.0,2.58427107427041e-09,5.222662332486149e-09,6.226963098271925e-10,4.3900369185598276e-10,True
E2_A20,kin6d,40483,19.09818227402866,True,0.0,0.0,0.0,0.0,0.0,2.4863171921767063e-10,0.0,0.0,0.0,True
E2_A3p1,vmecpp,23598,18.382884634891525,True,2.1765720837661456e-06,1.0124151378420334e-05,9.120843024725789e-05,7.889069096130529e-08,1.3620148988718591e-06,4.1490249218632736e-08,2.6516106318185777e-05,3.539279587135014e-10,5.8146861245586494e-15,False
E2_A3p1,desc,75,58.18888595094904,True,5.64266043025074e-08,2.990381175169327e-07,1.0662404686169592e-06,8.378620899874489e-09,4.892801602299951e-08,2.335601021363368e-09,9.265859591475423e-08,3.5392830706687716e-10,0.0,True
E2_A3p1,chease_public,66048,21.71916769607924,True,9.899186649728732e-10,8.689892017813061e-08,6.303538673015187e-07,0.0,0.0,3.728732288783459e-08,2.854961730326735e-09,9.545672096782248e-10,9.553780580157386e-10,True
E2_A3p1,chease_mars,66048,19.553126737009734,True,1.2538511973064118e-09,9.963573880060598e-08,6.312596049572733e-07,0.0,0.0,3.72802269235466e-08,1.3284336865627285e-09,6.836583850668263e-08,9.012304548196789e-10,True
E2_A3p1,kin6d,40753,22.764018319081515,True,0.0,0.0,0.0,0.0,0.0,5.797350021626235e-07,0.0,0.0,0.0,True
E2_A40,vmecpp,11822,60.4948701991234,True,6.276167889908936e-07,1.419874285743878e-06,4.178870194401937e-06,4.1240076474583965e-10,5.709260349355541e-09,6.313136007485478e-10,1.0318652984148701e-07,3.5393074529884557e-10,3.4686719601069455e-15,True
E2_A40,desc,75,63.20219287695363,True,1.313881994144321e-09,1.0180118331216257e-08,1.1551340039743056e-07,3.5440129929856024e-10,3.610047741121665e-10,1.429093625595145e-11,6.164549361957767e-11,3.539358805810064e-10,0.0,True
E2_A40,chease_mars,66048,20.116126698907465,True,6.179835602406682e-10,1.2822171733017514e-08,1.1575620105176815e-07,0.0,0.0,4.116543017225054e-09,4.7077961711453944e-09,6.226730500197436e-10,3.9239476420900384e-10,True
E2_A40,chease_public,66048,21.927491792012006,True,1.6713965406477053e-09,1.2640364432270436e-08,1.1584706199682759e-07,0.0,0.0,4.116543017225054e-09,7.993252790520722e-10,6.226730500197436e-10,3.924448518321078e-10,True
E2_A40,kin6d,40636,19.22584557114169,True,0.0,0.0,0.0,0.0,0.0,2.6643532192594375e-10,0.0,0.0,0.0,True
