case,code,repeat,order,dof,producer_s,process_s,native_converged,accuracy_passed,source_commit,binary_sha256,raw_root,psi_l2,psi_max,bpol_l2,bpol_max,btor_l2,btor_max,b_l2,b_max,q_max,axis_rel,volume_rel,phi_edge_rel,force_rms,peak_rss_kib
E2_A10,kin6d,1,1,2440,0.43097312399186194,1.3163864612579346,True,True,f6a33c91610e49e7eba63c0b4f8dcc099e8a77e1,66037bab430bd3696ca902b411f37a2ad9f9e75b5dedef5d92638e71ee43448c,/mnt/storage/codex-equilibrium-20261010/remaining_exports/scratch/current_cost_prep/quiet_runs/costquiet_E2_A10_kin6d_r1,1.723942003599745e-07,3.4589471479627734e-07,2.742708722834243e-06,1.994754502422623e-05,0.0,0.0,1.2825473474808763e-07,1.2135594877857463e-06,1.2936563727159954e-06,2.4735505323661246e-09,9.015627402574897e-08,9.038332967665024e-08,8.636543663970193e-06,89468
E2_A10,chease_public,1,2,1088,1.171184569830075,1.9182653427124023,True,True,b942066c64a6dfe1baaba546945473fb6db97828,d7a21f4ebbcd1476f9b798eed6071c54f375cc63ad9e079cd1a50e9d2361770f,/mnt/storage/codex-equilibrium-20261010/remaining_exports/scratch/current_cost_prep/quiet_runs/costquiet_E2_A10_chease_public_r1,5.710034785690514e-07,9.844037485593764e-07,5.936286206458087e-06,1.2794672584702078e-05,0.0,0.0,2.775930256317e-07,7.783963535071496e-07,8.069611230544447e-08,4.8010194208106076e-09,6.226949504877961e-10,9.328362369309949e-09,2.9214528935707986e-07,132868
E2_A10,chease_mars,1,3,1088,1.9690445479936898,3.0241503715515137,True,True,a97e2afb7407cc6b93347b152d67061b28eb7921,fc3889fd5486a70ceecfeeb74a9be733e06f8f2e87f9ce8d40af46a28b0f1472,/mnt/storage/codex-equilibrium-20261010/remaining_exports/scratch/current_cost_prep/quiet_runs/costquiet_E2_A10_chease_mars_r1,5.710441594130754e-07,9.842554272873456e-07,5.94106806392556e-06,1.2788483019175111e-05,0.0,0.0,2.7781663518089787e-07,7.780197955918071e-07,8.455204043067361e-08,7.0129063181701814e-09,4.032539978221194e-07,9.03808722926973e-09,2.9223692277204415e-07,3703168
E1_A40,kin6d,1,4,2422,0.4259961359202862,1.3163158893585205,True,True,f6a33c91610e49e7eba63c0b4f8dcc099e8a77e1,66037bab430bd3696ca902b411f37a2ad9f9e75b5dedef5d92638e71ee43448c,/mnt/storage/codex-equilibrium-20261010/remaining_exports/scratch/current_cost_prep/quiet_runs/costquiet_E1_A40_kin6d_r1,1.6322023647230693e-07,3.130655163899806e-07,1.7217840120904502e-06,1.5650333423617117e-05,2.6305465795451422e-11,8.677499882467953e-11,2.0147551781689406e-08,2.565562727863443e-07,1.6127565740785287e-06,3.3957287512733644e-11,9.015624804726078e-08,9.018286517411205e-08,2.848027607201841e-07,88792
E1_A40,chease_public,1,5,1088,1.1677728239446878,1.8714237213134766,True,True,b942066c64a6dfe1baaba546945473fb6db97828,d7a21f4ebbcd1476f9b798eed6071c54f375cc63ad9e079cd1a50e9d2361770f,/mnt/storage/codex-equilibrium-20261010/remaining_exports/scratch/current_cost_prep/quiet_runs/costquiet_E1_A40_chease_public_r1,2.0371966556488806e-08,3.661471376318166e-08,2.1779094122079956e-07,4.7582537806698226e-07,8.042741851151096e-11,1.7601685610212356e-10,2.5497592993656797e-09,7.800352923728541e-09,3.628063370878024e-09,3.325337168976143e-11,6.226730500197436e-10,3.1415145922589997e-10,4.505429850705224e-08,132828
E1_A40,chease_mars,1,6,1088,1.919125857995823,2.874364137649536,True,True,a97e2afb7407cc6b93347b152d67061b28eb7921,fc3889fd5486a70ceecfeeb74a9be733e06f8f2e87f9ce8d40af46a28b0f1472,/mnt/storage/codex-equilibrium-20261010/remaining_exports/scratch/current_cost_prep/quiet_runs/costquiet_E1_A40_chease_mars_r1,2.0511679743560652e-08,3.917291855353643e-08,2.1815652594133104e-07,4.725655245480174e-07,1.2059843288710362e-10,2.1293557006445433e-09,2.5556152881422225e-09,7.746898655895387e-09,3.628063370878024e-09,3.057228383274279e-09,4.023739915539542e-09,3.198256961437712e-10,4.512862809919299e-08,3704656
E2_A3p1,kin6d,1,7,2395,0.42355833295732737,1.3173377513885498,True,True,f6a33c91610e49e7eba63c0b4f8dcc099e8a77e1,66037bab430bd3696ca902b411f37a2ad9f9e75b5dedef5d92638e71ee43448c,/mnt/storage/codex-equilibrium-20261010/remaining_exports/scratch/current_cost_prep/quiet_runs/costquiet_E2_A3p1_kin6d_r1,2.719836342247223e-07,1.0053663224052182e-06,7.610013613957416e-06,4.189638677340009e-05,0.0,0.0,1.1340101076016822e-06,6.526649947403784e-06,3.1258014666031474e-06,1.528347605052166e-07,9.015625264001588e-08,9.270213082245334e-08,0.0002106970437760081,89024
E2_A3p1,chease_public,1,8,4224,2.370944526977837,3.119499683380127,True,True,b942066c64a6dfe1baaba546945473fb6db97828,d7a21f4ebbcd1476f9b798eed6071c54f375cc63ad9e079cd1a50e9d2361770f,/mnt/storage/codex-equilibrium-20261010/remaining_exports/scratch/current_cost_prep/quiet_runs/costquiet_E2_A3p1_chease_public_r1,2.836217239498486e-07,5.470558923595116e-07,5.389368999369981e-06,1.0377902219339508e-05,0.0,0.0,8.03099603878701e-07,1.616677240936139e-06,1.4375126581975887e-07,5.419268221106256e-08,1.0881985836819756e-09,1.9731654121739354e-08,5.08508520058036e-06,212848
E2_A3p1,chease_mars,1,9,16640,5.784078516997397,6.727715015411377,True,True,a97e2afb7407cc6b93347b152d67061b28eb7921,fc3889fd5486a70ceecfeeb74a9be733e06f8f2e87f9ce8d40af46a28b0f1472,/mnt/storage/codex-equilibrium-20261010/remaining_exports/scratch/current_cost_prep/quiet_runs/costquiet_E2_A3p1_chease_mars_r1,1.6269732902469493e-08,3.320977270377761e-08,6.481224694360748e-07,1.2992611207400467e-06,0.0,0.0,9.658030439738762e-08,2.0239985302803307e-07,4.17058866359352e-08,8.593288144686539e-09,2.7468518421665184e-07,5.077524307101048e-09,1.2639550863330523e-06,3704676
E1_A3p1,kin6d,1,10,9937,1.6959604627918452,2.5677337646484375,True,True,f6a33c91610e49e7eba63c0b4f8dcc099e8a77e1,66037bab430bd3696ca902b411f37a2ad9f9e75b5dedef5d92638e71ee43448c,/mnt/storage/codex-equilibrium-20261010/remaining_exports/scratch/current_cost_prep/quiet_runs/costquiet_E1_A3p1_kin6d_r1,9.537995152678298e-09,1.5858549213583366e-08,2.020414073373699e-07,1.6713800736062094e-06,2.406832690161677e-10,5.389136108465261e-10,2.9162510402803114e-08,3.123517576776322e-07,1.0708654074868432e-07,3.5470679055264844e-08,5.307950726082328e-09,5.5685144790603596e-09,6.292544264562462e-06,89448
E1_A3p1,chease_public,1,11,4224,2.319203126942739,3.118901252746582,True,True,b942066c64a6dfe1baaba546945473fb6db97828,d7a21f4ebbcd1476f9b798eed6071c54f375cc63ad9e079cd1a50e9d2361770f,/mnt/storage/codex-equilibrium-20261010/remaining_exports/scratch/current_cost_prep/quiet_runs/costquiet_E1_A3p1_chease_public_r1,4.7934233885533396e-08,1.2070191057522752e-07,1.1574759569601086e-06,2.6388740696767197e-06,1.3679702145760908e-09,4.762603985398838e-09,1.6706915371666745e-07,4.931592066747769e-07,2.1533380285314357e-08,6.271746947699182e-09,9.545672096782248e-10,4.1433511226038556e-09,1.1473384698271121e-06,212608
E1_A3p1,chease_mars,1,12,4224,2.6196737939026207,3.5212790966033936,True,True,a97e2afb7407cc6b93347b152d67061b28eb7921,fc3889fd5486a70ceecfeeb74a9be733e06f8f2e87f9ce8d40af46a28b0f1472,/mnt/storage/codex-equilibrium-20261010/remaining_exports/scratch/current_cost_prep/quiet_runs/costquiet_E1_A3p1_chease_mars_r1,4.799213411719312e-08,1.2109655885731725e-07,1.163425739576508e-06,2.642873324229358e-06,1.70969573301204e-09,2.445758605776111e-08,1.6793095053752904e-07,4.939065956427818e-07,2.098949153972983e-08,4.858163180526344e-09,1.5429563343405037e-07,4.1475017449846585e-09,1.157496506766152e-06,3703684
E1_A10,kin6d,1,13,2440,0.4165896449703723,1.2660017013549805,True,True,f6a33c91610e49e7eba63c0b4f8dcc099e8a77e1,66037bab430bd3696ca902b411f37a2ad9f9e75b5dedef5d92638e71ee43448c,/mnt/storage/codex-equilibrium-20261010/remaining_exports/scratch/current_cost_prep/quiet_runs/costquiet_E1_A10_kin6d_r1,1.6344934575019295e-07,3.111835354688728e-07,1.8163287758103318e-06,1.5077858457574483e-05,4.1887663669259295e-10,1.3762238813362986e-09,8.464795834604235e-08,9.643568203727467e-07,1.5147447118625588e-06,6.6815688198557755e-09,9.015627402574897e-08,9.05817646765188e-08,3.2592418240735036e-06,89140
E1_A10,chease_public,1,14,1088,1.1652899549808353,1.8668057918548584,True,True,b942066c64a6dfe1baaba546945473fb6db97828,d7a21f4ebbcd1476f9b798eed6071c54f375cc63ad9e079cd1a50e9d2361770f,/mnt/storage/codex-equilibrium-20261010/remaining_exports/scratch/current_cost_prep/quiet_runs/costquiet_E1_A10_chease_public_r1,1.195899629866665e-07,2.8490080783791546e-07,1.2136529926382561e-06,2.940451757975052e-06,3.2785264811640327e-10,1.3122116975310194e-09,5.6561188894707925e-08,1.8806681482395323e-07,2.158720270719215e-08,3.181429215251555e-10,1.5029718782215523e-09,1.7353457212292917e-09,7.791354788755583e-08,132896
E1_A10,chease_mars,1,15,1088,1.9160150731913745,2.8207921981811523,True,True,a97e2afb7407cc6b93347b152d67061b28eb7921,fc3889fd5486a70ceecfeeb74a9be733e06f8f2e87f9ce8d40af46a28b0f1472,/mnt/storage/codex-equilibrium-20261010/remaining_exports/scratch/current_cost_prep/quiet_runs/costquiet_E1_A10_chease_mars_r1,1.197017449823882e-07,2.859950870896364e-07,1.2143459262959212e-06,2.9379684412305114e-06,1.3053590940641007e-09,2.895344513276184e-08,5.66075537296552e-08,1.8790798423397722e-07,1.9614991390714962e-08,4.964137706448808e-10,5.801569872148936e-08,1.8025661567115987e-09,8.636400478606937e-08,3708056
E2_A40,kin6d,1,16,2422,0.4164379199501127,1.2671678066253662,True,True,f6a33c91610e49e7eba63c0b4f8dcc099e8a77e1,66037bab430bd3696ca902b411f37a2ad9f9e75b5dedef5d92638e71ee43448c,/mnt/storage/codex-equilibrium-20261010/remaining_exports/scratch/current_cost_prep/quiet_runs/costquiet_E2_A40_kin6d_r1,1.6331878102685114e-07,2.7233290919974145e-07,1.8014406098494627e-06,1.6429492477339126e-05,0.0,0.0,2.1075091017184642e-08,2.6575404085092146e-07,1.6002167484468378e-06,2.896354171322369e-11,9.015624804726078e-08,9.017033895072806e-08,2.979277218980043e-07,89164
E2_A40,chease_public,1,17,1088,1.166559058940038,1.866901159286499,True,True,b942066c64a6dfe1baaba546945473fb6db97828,d7a21f4ebbcd1476f9b798eed6071c54f375cc63ad9e079cd1a50e9d2361770f,/mnt/storage/codex-equilibrium-20261010/remaining_exports/scratch/current_cost_prep/quiet_runs/costquiet_E2_A40_chease_public_r1,1.0127539683647326e-07,1.7909168255565002e-07,1.0885043123627957e-06,2.3167838788013793e-06,0.0,0.0,1.2734434502151534e-08,3.747496633988868e-08,8.239754868452528e-09,3.397591033311243e-11,6.226730500197436e-10,3.916623194379077e-10,3.4517375489251276e-09,132668
E2_A40,chease_mars,1,18,1088,1.8700701799243689,2.820180892944336,True,True,a97e2afb7407cc6b93347b152d67061b28eb7921,fc3889fd5486a70ceecfeeb74a9be733e06f8f2e87f9ce8d40af46a28b0f1472,/mnt/storage/codex-equilibrium-20261010/remaining_exports/scratch/current_cost_prep/quiet_runs/costquiet_E2_A40_chease_mars_r1,1.0174386448836985e-07,1.8267964808996097e-07,1.088925640312582e-06,2.327679729125937e-06,0.0,0.0,1.2739363626565229e-08,3.765121136122771e-08,7.72956433935522e-09,2.869890219510893e-09,2.6585862025176357e-08,3.9866418065657953e-10,3.465327526189797e-09,3705220
E1_A20,kin6d,1,19,2422,0.40935127693228424,1.2659201622009277,True,True,f6a33c91610e49e7eba63c0b4f8dcc099e8a77e1,66037bab430bd3696ca902b411f37a2ad9f9e75b5dedef5d92638e71ee43448c,/mnt/storage/codex-equilibrium-20261010/remaining_exports/scratch/current_cost_prep/quiet_runs/costquiet_E1_A20_kin6d_r1,1.6308548847629068e-07,3.013071015521554e-07,1.7267171900667672e-06,1.5229345907026553e-05,1.0502870715599735e-10,3.3331210106201327e-10,4.036912559598385e-08,4.950143498380904e-07,1.5969672660542634e-06,4.6278190397874967e-10,9.015627629131475e-08,9.026265618442895e-08,1.141553360775327e-06,88720
E1_A20,chease_public,1,20,1088,1.1693910679314286,1.86708664894104,True,True,b942066c64a6dfe1baaba546945473fb6db97828,d7a21f4ebbcd1476f9b798eed6071c54f375cc63ad9e079cd1a50e9d2361770f,/mnt/storage/codex-equilibrium-20261010/remaining_exports/scratch/current_cost_prep/quiet_runs/costquiet_E1_A20_chease_public_r1,4.535671084459533e-08,9.824379769932595e-08,4.7476460282783427e-07,1.1171183278503067e-06,9.051459569678547e-11,2.531557685028366e-10,1.109990916350988e-08,3.6310894523910074e-08,5.370440368495544e-09,4.970368595306321e-11,6.226963098271925e-10,8.579259032065876e-10,5.082921457182395e-08,132968
E1_A20,chease_mars,1,21,1088,1.917614173842594,2.8707187175750732,True,True,a97e2afb7407cc6b93347b152d67061b28eb7921,fc3889fd5486a70ceecfeeb74a9be733e06f8f2e87f9ce8d40af46a28b0f1472,/mnt/storage/codex-equilibrium-20261010/remaining_exports/scratch/current_cost_prep/quiet_runs/costquiet_E1_A20_chease_mars_r1,4.538794246333081e-08,9.842876406449266e-08,4.7486646850839284e-07,1.1134033943543103e-06,3.407577721246103e-10,7.892402607854606e-09,1.1107147279200633e-08,3.6190196237831444e-08,4.727684205744793e-09,8.302691020399787e-10,1.7628030788464292e-08,8.697398875693522e-10,5.185491483238943e-08,3705552
E2_A20,kin6d,1,22,2422,0.4438400571234524,1.3665518760681152,True,True,f6a33c91610e49e7eba63c0b4f8dcc099e8a77e1,66037bab430bd3696ca902b411f37a2ad9f9e75b5dedef5d92638e71ee43448c,/mnt/storage/codex-equilibrium-20261010/remaining_exports/scratch/current_cost_prep/quiet_runs/costquiet_E2_A20_kin6d_r1,1.6509525066373313e-07,2.699663141756365e-07,2.030337688474875e-06,1.669199870217966e-05,0.0,0.0,4.7510816837867934e-08,5.298454487188059e-07,1.542401439536013e-06,4.6078991795843014e-11,9.015627629131475e-08,9.021270242449913e-08,1.3981873038332926e-06,89240
E2_A20,chease_public,1,23,1088,1.4385588499717414,2.2181026935577393,True,True,b942066c64a6dfe1baaba546945473fb6db97828,d7a21f4ebbcd1476f9b798eed6071c54f375cc63ad9e079cd1a50e9d2361770f,/mnt/storage/codex-equilibrium-20261010/remaining_exports/scratch/current_cost_prep/quiet_runs/costquiet_E2_A20_chease_public_r1,2.2090767924411985e-07,4.164101499483556e-07,2.358520030582241e-06,5.2965664003710745e-06,0.0,0.0,5.519043153142069e-08,1.681261573970231e-07,2.980643475529943e-08,2.8866812539702014e-10,6.226963098271925e-10,2.0407474606633983e-09,2.9489817249081155e-08,132652
E2_A20,chease_mars,1,24,1088,2.0760325158480555,3.076082706451416,True,True,a97e2afb7407cc6b93347b152d67061b28eb7921,fc3889fd5486a70ceecfeeb74a9be733e06f8f2e87f9ce8d40af46a28b0f1472,/mnt/storage/codex-equilibrium-20261010/remaining_exports/scratch/current_cost_prep/quiet_runs/costquiet_E2_A20_chease_mars_r1,2.210690441520289e-07,4.1739327203765635e-07,2.3604196602725625e-06,5.311361171188438e-06,0.0,0.0,5.523488372220105e-08,1.685957801259893e-07,2.8070736329672895e-08,6.0860754810821246e-09,1.0140931025991999e-07,2.0216678987683573e-09,2.9550807574352626e-08,3705352
E1_A10,chease_public,2,25,1088,1.1707383310422301,1.9176380634307861,True,True,b942066c64a6dfe1baaba546945473fb6db97828,d7a21f4ebbcd1476f9b798eed6071c54f375cc63ad9e079cd1a50e9d2361770f,/mnt/storage/codex-equilibrium-20261010/remaining_exports/scratch/current_cost_prep/quiet_runs/costquiet_E1_A10_chease_public_r2,1.195899629866665e-07,2.8490080783791546e-07,1.2136529926382561e-06,2.940451757975052e-06,3.2785264811640327e-10,1.3122116975310194e-09,5.6561188894707925e-08,1.8806681482395323e-07,2.158720270719215e-08,3.181429215251555e-10,1.5029718782215523e-09,1.7353457212292917e-09,7.791354788755583e-08,132932
E1_A10,chease_mars,2,26,1088,1.9712999749463052,2.9209132194519043,True,True,a97e2afb7407cc6b93347b152d67061b28eb7921,fc3889fd5486a70ceecfeeb74a9be733e06f8f2e87f9ce8d40af46a28b0f1472,/mnt/storage/codex-equilibrium-20261010/remaining_exports/scratch/current_cost_prep/quiet_runs/costquiet_E1_A10_chease_mars_r2,1.197017449823882e-07,2.859950870896364e-07,1.2143459262959212e-06,2.9379684412305114e-06,1.3053590940641007e-09,2.895344513276184e-08,5.66075537296552e-08,1.8790798423397722e-07,1.9614991390714962e-08,4.964137706448808e-10,5.801569872148936e-08,1.8025661567115987e-09,8.636400478606937e-08,3705168
E1_A10,kin6d,2,27,2440,0.4282940439879894,1.3163886070251465,True,True,f6a33c91610e49e7eba63c0b4f8dcc099e8a77e1,66037bab430bd3696ca902b411f37a2ad9f9e75b5dedef5d92638e71ee43448c,/mnt/storage/codex-equilibrium-20261010/remaining_exports/scratch/current_cost_prep/quiet_runs/costquiet_E1_A10_kin6d_r2,1.6344934575019295e-07,3.111835354688728e-07,1.8163287758103318e-06,1.5077858457574483e-05,4.1887663669259295e-10,1.3762238813362986e-09,8.464795834604235e-08,9.643568203727467e-07,1.5147447118625588e-06,6.6815688198557755e-09,9.015627402574897e-08,9.05817646765188e-08,3.2592418240735036e-06,89856
E2_A40,chease_public,2,28,1088,1.1677170188631862,1.917590856552124,True,True,b942066c64a6dfe1baaba546945473fb6db97828,d7a21f4ebbcd1476f9b798eed6071c54f375cc63ad9e079cd1a50e9d2361770f,/mnt/storage/codex-equilibrium-20261010/remaining_exports/scratch/current_cost_prep/quiet_runs/costquiet_E2_A40_chease_public_r2,1.0127539683647326e-07,1.7909168255565002e-07,1.0885043123627957e-06,2.3167838788013793e-06,0.0,0.0,1.2734434502151534e-08,3.747496633988868e-08,8.239754868452528e-09,3.397591033311243e-11,6.226730500197436e-10,3.916623194379077e-10,3.4517375489251276e-09,132720
E2_A40,chease_mars,2,29,1088,2.023466970073059,3.072291612625122,True,True,a97e2afb7407cc6b93347b152d67061b28eb7921,fc3889fd5486a70ceecfeeb74a9be733e06f8f2e87f9ce8d40af46a28b0f1472,/mnt/storage/codex-equilibrium-20261010/remaining_exports/scratch/current_cost_prep/quiet_runs/costquiet_E2_A40_chease_mars_r2,1.0174386448836985e-07,1.8267964808996097e-07,1.088925640312582e-06,2.327679729125937e-06,0.0,0.0,1.2739363626565229e-08,3.765121136122771e-08,7.72956433935522e-09,2.869890219510893e-09,2.6585862025176357e-08,3.9866418065657953e-10,3.465327526189797e-09,3706408
E2_A40,kin6d,2,30,2422,0.41042072512209415,1.3164172172546387,True,True,f6a33c91610e49e7eba63c0b4f8dcc099e8a77e1,66037bab430bd3696ca902b411f37a2ad9f9e75b5dedef5d92638e71ee43448c,/mnt/storage/codex-equilibrium-20261010/remaining_exports/scratch/current_cost_prep/quiet_runs/costquiet_E2_A40_kin6d_r2,1.6331878102685114e-07,2.7233290919974145e-07,1.8014406098494627e-06,1.6429492477339126e-05,0.0,0.0,2.1075091017184642e-08,2.6575404085092146e-07,1.6002167484468378e-06,2.896354171322369e-11,9.015624804726078e-08,9.017033895072806e-08,2.979277218980043e-07,89816
E1_A40,chease_public,2,31,1088,1.2650440230499953,2.018533229827881,True,True,b942066c64a6dfe1baaba546945473fb6db97828,d7a21f4ebbcd1476f9b798eed6071c54f375cc63ad9e079cd1a50e9d2361770f,/mnt/storage/codex-equilibrium-20261010/remaining_exports/scratch/current_cost_prep/quiet_runs/costquiet_E1_A40_chease_public_r2,2.0371966556488806e-08,3.661471376318166e-08,2.1779094122079956e-07,4.7582537806698226e-07,8.042741851151096e-11,1.7601685610212356e-10,2.5497592993656797e-09,7.800352923728541e-09,3.628063370878024e-09,3.325337168976143e-11,6.226730500197436e-10,3.1415145922589997e-10,4.505429850705224e-08,132852
E1_A40,chease_mars,2,32,1088,1.9181577630806714,2.8714067935943604,True,True,a97e2afb7407cc6b93347b152d67061b28eb7921,fc3889fd5486a70ceecfeeb74a9be733e06f8f2e87f9ce8d40af46a28b0f1472,/mnt/storage/codex-equilibrium-20261010/remaining_exports/scratch/current_cost_prep/quiet_runs/costquiet_E1_A40_chease_mars_r2,2.0511679743560652e-08,3.917291855353643e-08,2.1815652594133104e-07,4.725655245480174e-07,1.2059843288710362e-10,2.1293557006445433e-09,2.5556152881422225e-09,7.746898655895387e-09,3.628063370878024e-09,3.057228383274279e-09,4.023739915539542e-09,3.198256961437712e-10,4.512862809919299e-08,3706440
E1_A40,kin6d,2,33,2422,0.41428097896277905,1.316349744796753,True,True,f6a33c91610e49e7eba63c0b4f8dcc099e8a77e1,66037bab430bd3696ca902b411f37a2ad9f9e75b5dedef5d92638e71ee43448c,/mnt/storage/codex-equilibrium-20261010/remaining_exports/scratch/current_cost_prep/quiet_runs/costquiet_E1_A40_kin6d_r2,1.6322023647230693e-07,3.130655163899806e-07,1.7217840120904502e-06,1.5650333423617117e-05,2.6305465795451422e-11,8.677499882467953e-11,2.0147551781689406e-08,2.565562727863443e-07,1.6127565740785287e-06,3.3957287512733644e-11,9.015624804726078e-08,9.018286517411205e-08,2.848027607201841e-07,90316
E2_A10,chease_public,2,34,1088,1.1684127051848918,1.917726993560791,True,True,b942066c64a6dfe1baaba546945473fb6db97828,d7a21f4ebbcd1476f9b798eed6071c54f375cc63ad9e079cd1a50e9d2361770f,/mnt/storage/codex-equilibrium-20261010/remaining_exports/scratch/current_cost_prep/quiet_runs/costquiet_E2_A10_chease_public_r2,5.710034785690514e-07,9.844037485593764e-07,5.936286206458087e-06,1.2794672584702078e-05,0.0,0.0,2.775930256317e-07,7.783963535071496e-07,8.069611230544447e-08,4.8010194208106076e-09,6.226949504877961e-10,9.328362369309949e-09,2.9214528935707986e-07,132956
E2_A10,chease_mars,2,35,1088,1.970589797012508,2.9725453853607178,True,True,a97e2afb7407cc6b93347b152d67061b28eb7921,fc3889fd5486a70ceecfeeb74a9be733e06f8f2e87f9ce8d40af46a28b0f1472,/mnt/storage/codex-equilibrium-20261010/remaining_exports/scratch/current_cost_prep/quiet_runs/costquiet_E2_A10_chease_mars_r2,5.710441594130754e-07,9.842554272873456e-07,5.94106806392556e-06,1.2788483019175111e-05,0.0,0.0,2.7781663518089787e-07,7.780197955918071e-07,8.455204043067361e-08,7.0129063181701814e-09,4.032539978221194e-07,9.03808722926973e-09,2.9223692277204415e-07,3705344
E2_A10,kin6d,2,36,2440,0.42535764281637967,1.3174114227294922,True,True,f6a33c91610e49e7eba63c0b4f8dcc099e8a77e1,66037bab430bd3696ca902b411f37a2ad9f9e75b5dedef5d92638e71ee43448c,/mnt/storage/codex-equilibrium-20261010/remaining_exports/scratch/current_cost_prep/quiet_runs/costquiet_E2_A10_kin6d_r2,1.723942003599745e-07,3.4589471479627734e-07,2.742708722834243e-06,1.994754502422623e-05,0.0,0.0,1.2825473474808763e-07,1.2135594877857463e-06,1.2936563727159954e-06,2.4735505323661246e-09,9.015627402574897e-08,9.038332967665024e-08,8.636543663970193e-06,89164
E1_A20,chease_public,2,37,1088,1.1684467610903084,1.9195165634155273,True,True,b942066c64a6dfe1baaba546945473fb6db97828,d7a21f4ebbcd1476f9b798eed6071c54f375cc63ad9e079cd1a50e9d2361770f,/mnt/storage/codex-equilibrium-20261010/remaining_exports/scratch/current_cost_prep/quiet_runs/costquiet_E1_A20_chease_public_r2,4.535671084459533e-08,9.824379769932595e-08,4.7476460282783427e-07,1.1171183278503067e-06,9.051459569678547e-11,2.531557685028366e-10,1.109990916350988e-08,3.6310894523910074e-08,5.370440368495544e-09,4.970368595306321e-11,6.226963098271925e-10,8.579259032065876e-10,5.082921457182395e-08,132808
E1_A20,chease_mars,2,38,1088,1.9890959940385073,2.9709596633911133,True,True,a97e2afb7407cc6b93347b152d67061b28eb7921,fc3889fd5486a70ceecfeeb74a9be733e06f8f2e87f9ce8d40af46a28b0f1472,/mnt/storage/codex-equilibrium-20261010/remaining_exports/scratch/current_cost_prep/quiet_runs/costquiet_E1_A20_chease_mars_r2,4.538794246333081e-08,9.842876406449266e-08,4.7486646850839284e-07,1.1134033943543103e-06,3.407577721246103e-10,7.892402607854606e-09,1.1107147279200633e-08,3.6190196237831444e-08,4.727684205744793e-09,8.302691020399787e-10,1.7628030788464292e-08,8.697398875693522e-10,5.185491483238943e-08,3703716
E1_A20,kin6d,2,39,2422,0.4289162899367511,1.3665270805358887,True,True,f6a33c91610e49e7eba63c0b4f8dcc099e8a77e1,66037bab430bd3696ca902b411f37a2ad9f9e75b5dedef5d92638e71ee43448c,/mnt/storage/codex-equilibrium-20261010/remaining_exports/scratch/current_cost_prep/quiet_runs/costquiet_E1_A20_kin6d_r2,1.6308548847629068e-07,3.013071015521554e-07,1.7267171900667672e-06,1.5229345907026553e-05,1.0502870715599735e-10,3.3331210106201327e-10,4.036912559598385e-08,4.950143498380904e-07,1.5969672660542634e-06,4.6278190397874967e-10,9.015627629131475e-08,9.026265618442895e-08,1.141553360775327e-06,90036
E2_A3p1,chease_public,2,40,4224,2.4218179469462484,3.1697044372558594,True,True,b942066c64a6dfe1baaba546945473fb6db97828,d7a21f4ebbcd1476f9b798eed6071c54f375cc63ad9e079cd1a50e9d2361770f,/mnt/storage/codex-equilibrium-20261010/remaining_exports/scratch/current_cost_prep/quiet_runs/costquiet_E2_A3p1_chease_public_r2,2.836217239498486e-07,5.470558923595116e-07,5.389368999369981e-06,1.0377902219339508e-05,0.0,0.0,8.03099603878701e-07,1.616677240936139e-06,1.4375126581975887e-07,5.419268221106256e-08,1.0881985836819756e-09,1.9731654121739354e-08,5.08508520058036e-06,212640
E2_A3p1,chease_mars,2,41,16640,5.884899375960231,6.877973794937134,True,True,a97e2afb7407cc6b93347b152d67061b28eb7921,fc3889fd5486a70ceecfeeb74a9be733e06f8f2e87f9ce8d40af46a28b0f1472,/mnt/storage/codex-equilibrium-20261010/remaining_exports/scratch/current_cost_prep/quiet_runs/costquiet_E2_A3p1_chease_mars_r2,1.6269732902469493e-08,3.320977270377761e-08,6.481224694360748e-07,1.2992611207400467e-06,0.0,0.0,9.658030439738762e-08,2.0239985302803307e-07,4.17058866359352e-08,8.593288144686539e-09,2.7468518421665184e-07,5.077524307101048e-09,1.2639550863330523e-06,3704720
E2_A3p1,kin6d,2,42,2395,0.4222737639211118,1.31667160987854,True,True,f6a33c91610e49e7eba63c0b4f8dcc099e8a77e1,66037bab430bd3696ca902b411f37a2ad9f9e75b5dedef5d92638e71ee43448c,/mnt/storage/codex-equilibrium-20261010/remaining_exports/scratch/current_cost_prep/quiet_runs/costquiet_E2_A3p1_kin6d_r2,2.719836342247223e-07,1.0053663224052182e-06,7.610013613957416e-06,4.189638677340009e-05,0.0,0.0,1.1340101076016822e-06,6.526649947403784e-06,3.1258014666031474e-06,1.528347605052166e-07,9.015625264001588e-08,9.270213082245334e-08,0.0002106970437760081,88980
E1_A3p1,chease_public,2,43,4224,2.5231073731556535,3.2709646224975586,True,True,b942066c64a6dfe1baaba546945473fb6db97828,d7a21f4ebbcd1476f9b798eed6071c54f375cc63ad9e079cd1a50e9d2361770f,/mnt/storage/codex-equilibrium-20261010/remaining_exports/scratch/current_cost_prep/quiet_runs/costquiet_E1_A3p1_chease_public_r2,4.7934233885533396e-08,1.2070191057522752e-07,1.1574759569601086e-06,2.6388740696767197e-06,1.3679702145760908e-09,4.762603985398838e-09,1.6706915371666745e-07,4.931592066747769e-07,2.1533380285314357e-08,6.271746947699182e-09,9.545672096782248e-10,4.1433511226038556e-09,1.1473384698271121e-06,212804
E1_A3p1,chease_mars,2,44,4224,2.674098951043561,3.6224582195281982,True,True,a97e2afb7407cc6b93347b152d67061b28eb7921,fc3889fd5486a70ceecfeeb74a9be733e06f8f2e87f9ce8d40af46a28b0f1472,/mnt/storage/codex-equilibrium-20261010/remaining_exports/scratch/current_cost_prep/quiet_runs/costquiet_E1_A3p1_chease_mars_r2,4.799213411719312e-08,1.2109655885731725e-07,1.163425739576508e-06,2.642873324229358e-06,1.70969573301204e-09,2.445758605776111e-08,1.6793095053752904e-07,4.939065956427818e-07,2.098949153972983e-08,4.858163180526344e-09,1.5429563343405037e-07,4.1475017449846585e-09,1.157496506766152e-06,3705456
E1_A3p1,kin6d,2,45,9937,1.712488792836666,2.618732452392578,True,True,f6a33c91610e49e7eba63c0b4f8dcc099e8a77e1,66037bab430bd3696ca902b411f37a2ad9f9e75b5dedef5d92638e71ee43448c,/mnt/storage/codex-equilibrium-20261010/remaining_exports/scratch/current_cost_prep/quiet_runs/costquiet_E1_A3p1_kin6d_r2,9.537995152678298e-09,1.5858549213583366e-08,2.020414073373699e-07,1.6713800736062094e-06,2.406832690161677e-10,5.389136108465261e-10,2.9162510402803114e-08,3.123517576776322e-07,1.0708654074868432e-07,3.5470679055264844e-08,5.307950726082328e-09,5.5685144790603596e-09,6.292544264562462e-06,89212
E2_A20,chease_public,2,46,1088,1.167577822925523,1.9172396659851074,True,True,b942066c64a6dfe1baaba546945473fb6db97828,d7a21f4ebbcd1476f9b798eed6071c54f375cc63ad9e079cd1a50e9d2361770f,/mnt/storage/codex-equilibrium-20261010/remaining_exports/scratch/current_cost_prep/quiet_runs/costquiet_E2_A20_chease_public_r2,2.2090767924411985e-07,4.164101499483556e-07,2.358520030582241e-06,5.2965664003710745e-06,0.0,0.0,5.519043153142069e-08,1.681261573970231e-07,2.980643475529943e-08,2.8866812539702014e-10,6.226963098271925e-10,2.0407474606633983e-09,2.9489817249081155e-08,132848
E2_A20,chease_mars,2,47,1088,2.021163295954466,3.0243523120880127,True,True,a97e2afb7407cc6b93347b152d67061b28eb7921,fc3889fd5486a70ceecfeeb74a9be733e06f8f2e87f9ce8d40af46a28b0f1472,/mnt/storage/codex-equilibrium-20261010/remaining_exports/scratch/current_cost_prep/quiet_runs/costquiet_E2_A20_chease_mars_r2,2.210690441520289e-07,4.1739327203765635e-07,2.3604196602725625e-06,5.311361171188438e-06,0.0,0.0,5.523488372220105e-08,1.685957801259893e-07,2.8070736329672895e-08,6.0860754810821246e-09,1.0140931025991999e-07,2.0216678987683573e-09,2.9550807574352626e-08,3704884
E2_A20,kin6d,2,48,2422,0.42973568686284125,1.4183599948883057,True,True,f6a33c91610e49e7eba63c0b4f8dcc099e8a77e1,66037bab430bd3696ca902b411f37a2ad9f9e75b5dedef5d92638e71ee43448c,/mnt/storage/codex-equilibrium-20261010/remaining_exports/scratch/current_cost_prep/quiet_runs/costquiet_E2_A20_kin6d_r2,1.6509525066373313e-07,2.699663141756365e-07,2.030337688474875e-06,1.669199870217966e-05,0.0,0.0,4.7510816837867934e-08,5.298454487188059e-07,1.542401439536013e-06,4.6078991795843014e-11,9.015627629131475e-08,9.021270242449913e-08,1.3981873038332926e-06,89184
E2_A40,chease_mars,3,49,1088,1.9671236369758844,2.9251232147216797,True,True,a97e2afb7407cc6b93347b152d67061b28eb7921,fc3889fd5486a70ceecfeeb74a9be733e06f8f2e87f9ce8d40af46a28b0f1472,/mnt/storage/codex-equilibrium-20261010/remaining_exports/scratch/current_cost_prep/quiet_runs/costquiet_E2_A40_chease_mars_r3,1.0174386448836985e-07,1.8267964808996097e-07,1.088925640312582e-06,2.327679729125937e-06,0.0,0.0,1.2739363626565229e-08,3.765121136122771e-08,7.72956433935522e-09,2.869890219510893e-09,2.6585862025176357e-08,3.9866418065657953e-10,3.465327526189797e-09,3703316
E2_A40,kin6d,3,50,2422,0.4143830370157957,1.316370964050293,True,True,f6a33c91610e49e7eba63c0b4f8dcc099e8a77e1,66037bab430bd3696ca902b411f37a2ad9f9e75b5dedef5d92638e71ee43448c,/mnt/storage/codex-equilibrium-20261010/remaining_exports/scratch/current_cost_prep/quiet_runs/costquiet_E2_A40_kin6d_r3,1.6331878102685114e-07,2.7233290919974145e-07,1.8014406098494627e-06,1.6429492477339126e-05,0.0,0.0,2.1075091017184642e-08,2.6575404085092146e-07,1.6002167484468378e-06,2.896354171322369e-11,9.015624804726078e-08,9.017033895072806e-08,2.979277218980043e-07,89620
E2_A40,chease_public,3,51,1088,1.1650413570459932,1.917607307434082,True,True,b942066c64a6dfe1baaba546945473fb6db97828,d7a21f4ebbcd1476f9b798eed6071c54f375cc63ad9e079cd1a50e9d2361770f,/mnt/storage/codex-equilibrium-20261010/remaining_exports/scratch/current_cost_prep/quiet_runs/costquiet_E2_A40_chease_public_r3,1.0127539683647326e-07,1.7909168255565002e-07,1.0885043123627957e-06,2.3167838788013793e-06,0.0,0.0,1.2734434502151534e-08,3.747496633988868e-08,8.239754868452528e-09,3.397591033311243e-11,6.226730500197436e-10,3.916623194379077e-10,3.4517375489251276e-09,132688
E1_A40,chease_mars,3,52,1088,1.9683656711131334,2.921414852142334,True,True,a97e2afb7407cc6b93347b152d67061b28eb7921,fc3889fd5486a70ceecfeeb74a9be733e06f8f2e87f9ce8d40af46a28b0f1472,/mnt/storage/codex-equilibrium-20261010/remaining_exports/scratch/current_cost_prep/quiet_runs/costquiet_E1_A40_chease_mars_r3,2.0511679743560652e-08,3.917291855353643e-08,2.1815652594133104e-07,4.725655245480174e-07,1.2059843288710362e-10,2.1293557006445433e-09,2.5556152881422225e-09,7.746898655895387e-09,3.628063370878024e-09,3.057228383274279e-09,4.023739915539542e-09,3.198256961437712e-10,4.512862809919299e-08,3704640
E1_A40,kin6d,3,53,2422,0.4105072838719934,1.2661349773406982,True,True,f6a33c91610e49e7eba63c0b4f8dcc099e8a77e1,66037bab430bd3696ca902b411f37a2ad9f9e75b5dedef5d92638e71ee43448c,/mnt/storage/codex-equilibrium-20261010/remaining_exports/scratch/current_cost_prep/quiet_runs/costquiet_E1_A40_kin6d_r3,1.6322023647230693e-07,3.130655163899806e-07,1.7217840120904502e-06,1.5650333423617117e-05,2.6305465795451422e-11,8.677499882467953e-11,2.0147551781689406e-08,2.565562727863443e-07,1.6127565740785287e-06,3.3957287512733644e-11,9.015624804726078e-08,9.018286517411205e-08,2.848027607201841e-07,90204
E1_A40,chease_public,3,54,1088,1.1665994960349053,1.9173808097839355,True,True,b942066c64a6dfe1baaba546945473fb6db97828,d7a21f4ebbcd1476f9b798eed6071c54f375cc63ad9e079cd1a50e9d2361770f,/mnt/storage/codex-equilibrium-20261010/remaining_exports/scratch/current_cost_prep/quiet_runs/costquiet_E1_A40_chease_public_r3,2.0371966556488806e-08,3.661471376318166e-08,2.1779094122079956e-07,4.7582537806698226e-07,8.042741851151096e-11,1.7601685610212356e-10,2.5497592993656797e-09,7.800352923728541e-09,3.628063370878024e-09,3.325337168976143e-11,6.226730500197436e-10,3.1415145922589997e-10,4.505429850705224e-08,132912
E1_A20,chease_mars,3,55,1088,1.917760024080053,2.8711283206939697,True,True,a97e2afb7407cc6b93347b152d67061b28eb7921,fc3889fd5486a70ceecfeeb74a9be733e06f8f2e87f9ce8d40af46a28b0f1472,/mnt/storage/codex-equilibrium-20261010/remaining_exports/scratch/current_cost_prep/quiet_runs/costquiet_E1_A20_chease_mars_r3,4.538794246333081e-08,9.842876406449266e-08,4.7486646850839284e-07,1.1134033943543103e-06,3.407577721246103e-10,7.892402607854606e-09,1.1107147279200633e-08,3.6190196237831444e-08,4.727684205744793e-09,8.302691020399787e-10,1.7628030788464292e-08,8.697398875693522e-10,5.185491483238943e-08,3708080
E1_A20,kin6d,3,56,2422,0.4114191639237106,1.265991449356079,True,True,f6a33c91610e49e7eba63c0b4f8dcc099e8a77e1,66037bab430bd3696ca902b411f37a2ad9f9e75b5dedef5d92638e71ee43448c,/mnt/storage/codex-equilibrium-20261010/remaining_exports/scratch/current_cost_prep/quiet_runs/costquiet_E1_A20_kin6d_r3,1.6308548847629068e-07,3.013071015521554e-07,1.7267171900667672e-06,1.5229345907026553e-05,1.0502870715599735e-10,3.3331210106201327e-10,4.036912559598385e-08,4.950143498380904e-07,1.5969672660542634e-06,4.6278190397874967e-10,9.015627629131475e-08,9.026265618442895e-08,1.141553360775327e-06,88852
E1_A20,chease_public,3,57,1088,1.165904909139499,1.919114589691162,True,True,b942066c64a6dfe1baaba546945473fb6db97828,d7a21f4ebbcd1476f9b798eed6071c54f375cc63ad9e079cd1a50e9d2361770f,/mnt/storage/codex-equilibrium-20261010/remaining_exports/scratch/current_cost_prep/quiet_runs/costquiet_E1_A20_chease_public_r3,4.535671084459533e-08,9.824379769932595e-08,4.7476460282783427e-07,1.1171183278503067e-06,9.051459569678547e-11,2.531557685028366e-10,1.109990916350988e-08,3.6310894523910074e-08,5.370440368495544e-09,4.970368595306321e-11,6.226963098271925e-10,8.579259032065876e-10,5.082921457182395e-08,133004
E1_A3p1,chease_mars,3,58,4224,2.7324626948684454,3.6741156578063965,True,True,a97e2afb7407cc6b93347b152d67061b28eb7921,fc3889fd5486a70ceecfeeb74a9be733e06f8f2e87f9ce8d40af46a28b0f1472,/mnt/storage/codex-equilibrium-20261010/remaining_exports/scratch/current_cost_prep/quiet_runs/costquiet_E1_A3p1_chease_mars_r3,4.799213411719312e-08,1.2109655885731725e-07,1.163425739576508e-06,2.642873324229358e-06,1.70969573301204e-09,2.445758605776111e-08,1.6793095053752904e-07,4.939065956427818e-07,2.098949153972983e-08,4.858163180526344e-09,1.5429563343405037e-07,4.1475017449846585e-09,1.157496506766152e-06,3704968
E1_A3p1,kin6d,3,59,9937,1.6962202619761229,2.5725271701812744,True,True,f6a33c91610e49e7eba63c0b4f8dcc099e8a77e1,66037bab430bd3696ca902b411f37a2ad9f9e75b5dedef5d92638e71ee43448c,/mnt/storage/codex-equilibrium-20261010/remaining_exports/scratch/current_cost_prep/quiet_runs/costquiet_E1_A3p1_kin6d_r3,9.537995152678298e-09,1.5858549213583366e-08,2.020414073373699e-07,1.6713800736062094e-06,2.406832690161677e-10,5.389136108465261e-10,2.9162510402803114e-08,3.123517576776322e-07,1.0708654074868432e-07,3.5470679055264844e-08,5.307950726082328e-09,5.5685144790603596e-09,6.292544264562462e-06,89708
E1_A3p1,chease_public,3,60,4224,2.4211212801747024,3.1215035915374756,True,True,b942066c64a6dfe1baaba546945473fb6db97828,d7a21f4ebbcd1476f9b798eed6071c54f375cc63ad9e079cd1a50e9d2361770f,/mnt/storage/codex-equilibrium-20261010/remaining_exports/scratch/current_cost_prep/quiet_runs/costquiet_E1_A3p1_chease_public_r3,4.7934233885533396e-08,1.2070191057522752e-07,1.1574759569601086e-06,2.6388740696767197e-06,1.3679702145760908e-09,4.762603985398838e-09,1.6706915371666745e-07,4.931592066747769e-07,2.1533380285314357e-08,6.271746947699182e-09,9.545672096782248e-10,4.1433511226038556e-09,1.1473384698271121e-06,212584
E2_A20,chease_mars,3,61,1088,1.9698694359976798,2.973355293273926,True,True,a97e2afb7407cc6b93347b152d67061b28eb7921,fc3889fd5486a70ceecfeeb74a9be733e06f8f2e87f9ce8d40af46a28b0f1472,/mnt/storage/codex-equilibrium-20261010/remaining_exports/scratch/current_cost_prep/quiet_runs/costquiet_E2_A20_chease_mars_r3,2.210690441520289e-07,4.1739327203765635e-07,2.3604196602725625e-06,5.311361171188438e-06,0.0,0.0,5.523488372220105e-08,1.685957801259893e-07,2.8070736329672895e-08,6.0860754810821246e-09,1.0140931025991999e-07,2.0216678987683573e-09,2.9550807574352626e-08,3708116
E2_A20,kin6d,3,62,2422,0.4149116261396557,1.2662489414215088,True,True,f6a33c91610e49e7eba63c0b4f8dcc099e8a77e1,66037bab430bd3696ca902b411f37a2ad9f9e75b5dedef5d92638e71ee43448c,/mnt/storage/codex-equilibrium-20261010/remaining_exports/scratch/current_cost_prep/quiet_runs/costquiet_E2_A20_kin6d_r3,1.6509525066373313e-07,2.699663141756365e-07,2.030337688474875e-06,1.669199870217966e-05,0.0,0.0,4.7510816837867934e-08,5.298454487188059e-07,1.542401439536013e-06,4.6078991795843014e-11,9.015627629131475e-08,9.021270242449913e-08,1.3981873038332926e-06,89096
E2_A20,chease_public,3,63,1088,1.1677656301762909,1.9174206256866455,True,True,b942066c64a6dfe1baaba546945473fb6db97828,d7a21f4ebbcd1476f9b798eed6071c54f375cc63ad9e079cd1a50e9d2361770f,/mnt/storage/codex-equilibrium-20261010/remaining_exports/scratch/current_cost_prep/quiet_runs/costquiet_E2_A20_chease_public_r3,2.2090767924411985e-07,4.164101499483556e-07,2.358520030582241e-06,5.2965664003710745e-06,0.0,0.0,5.519043153142069e-08,1.681261573970231e-07,2.980643475529943e-08,2.8866812539702014e-10,6.226963098271925e-10,2.0407474606633983e-09,2.9489817249081155e-08,132936
E2_A10,chease_mars,3,64,1088,1.9193624740000814,2.8708431720733643,True,True,a97e2afb7407cc6b93347b152d67061b28eb7921,fc3889fd5486a70ceecfeeb74a9be733e06f8f2e87f9ce8d40af46a28b0f1472,/mnt/storage/codex-equilibrium-20261010/remaining_exports/scratch/current_cost_prep/quiet_runs/costquiet_E2_A10_chease_mars_r3,5.710441594130754e-07,9.842554272873456e-07,5.94106806392556e-06,1.2788483019175111e-05,0.0,0.0,2.7781663518089787e-07,7.780197955918071e-07,8.455204043067361e-08,7.0129063181701814e-09,4.032539978221194e-07,9.03808722926973e-09,2.9223692277204415e-07,3704864
E2_A10,kin6d,3,65,2440,0.42155558709055185,1.2668778896331787,True,True,f6a33c91610e49e7eba63c0b4f8dcc099e8a77e1,66037bab430bd3696ca902b411f37a2ad9f9e75b5dedef5d92638e71ee43448c,/mnt/storage/codex-equilibrium-20261010/remaining_exports/scratch/current_cost_prep/quiet_runs/costquiet_E2_A10_kin6d_r3,1.723942003599745e-07,3.4589471479627734e-07,2.742708722834243e-06,1.994754502422623e-05,0.0,0.0,1.2825473474808763e-07,1.2135594877857463e-06,1.2936563727159954e-06,2.4735505323661246e-09,9.015627402574897e-08,9.038332967665024e-08,8.636543663970193e-06,88956
E2_A10,chease_public,3,66,1088,1.1667140400968492,1.8671469688415527,True,True,b942066c64a6dfe1baaba546945473fb6db97828,d7a21f4ebbcd1476f9b798eed6071c54f375cc63ad9e079cd1a50e9d2361770f,/mnt/storage/codex-equilibrium-20261010/remaining_exports/scratch/current_cost_prep/quiet_runs/costquiet_E2_A10_chease_public_r3,5.710034785690514e-07,9.844037485593764e-07,5.936286206458087e-06,1.2794672584702078e-05,0.0,0.0,2.775930256317e-07,7.783963535071496e-07,8.069611230544447e-08,4.8010194208106076e-09,6.226949504877961e-10,9.328362369309949e-09,2.9214528935707986e-07,133044
E2_A3p1,chease_mars,3,67,16640,5.7808318950701505,6.7338573932647705,True,True,a97e2afb7407cc6b93347b152d67061b28eb7921,fc3889fd5486a70ceecfeeb74a9be733e06f8f2e87f9ce8d40af46a28b0f1472,/mnt/storage/codex-equilibrium-20261010/remaining_exports/scratch/current_cost_prep/quiet_runs/costquiet_E2_A3p1_chease_mars_r3,1.6269732902469493e-08,3.320977270377761e-08,6.481224694360748e-07,1.2992611207400467e-06,0.0,0.0,9.658030439738762e-08,2.0239985302803307e-07,4.17058866359352e-08,8.593288144686539e-09,2.7468518421665184e-07,5.077524307101048e-09,1.2639550863330523e-06,3705436
E2_A3p1,kin6d,3,68,2395,0.4174131420440972,1.2662067413330078,True,True,f6a33c91610e49e7eba63c0b4f8dcc099e8a77e1,66037bab430bd3696ca902b411f37a2ad9f9e75b5dedef5d92638e71ee43448c,/mnt/storage/codex-equilibrium-20261010/remaining_exports/scratch/current_cost_prep/quiet_runs/costquiet_E2_A3p1_kin6d_r3,2.719836342247223e-07,1.0053663224052182e-06,7.610013613957416e-06,4.189638677340009e-05,0.0,0.0,1.1340101076016822e-06,6.526649947403784e-06,3.1258014666031474e-06,1.528347605052166e-07,9.015625264001588e-08,9.270213082245334e-08,0.0002106970437760081,89084
E2_A3p1,chease_public,3,69,4224,2.3185915970243514,3.0695459842681885,True,True,b942066c64a6dfe1baaba546945473fb6db97828,d7a21f4ebbcd1476f9b798eed6071c54f375cc63ad9e079cd1a50e9d2361770f,/mnt/storage/codex-equilibrium-20261010/remaining_exports/scratch/current_cost_prep/quiet_runs/costquiet_E2_A3p1_chease_public_r3,2.836217239498486e-07,5.470558923595116e-07,5.389368999369981e-06,1.0377902219339508e-05,0.0,0.0,8.03099603878701e-07,1.616677240936139e-06,1.4375126581975887e-07,5.419268221106256e-08,1.0881985836819756e-09,1.9731654121739354e-08,5.08508520058036e-06,212540
E1_A10,chease_mars,3,70,1088,2.718368889996782,3.6716880798339844,True,True,a97e2afb7407cc6b93347b152d67061b28eb7921,fc3889fd5486a70ceecfeeb74a9be733e06f8f2e87f9ce8d40af46a28b0f1472,/mnt/storage/codex-equilibrium-20261010/remaining_exports/scratch/current_cost_prep/quiet_runs/costquiet_E1_A10_chease_mars_r3,1.197017449823882e-07,2.859950870896364e-07,1.2143459262959212e-06,2.9379684412305114e-06,1.3053590940641007e-09,2.895344513276184e-08,5.66075537296552e-08,1.8790798423397722e-07,1.9614991390714962e-08,4.964137706448808e-10,5.801569872148936e-08,1.8025661567115987e-09,8.636400478606937e-08,3706332
E1_A10,kin6d,3,71,2440,0.4171220238786191,1.266157865524292,True,True,f6a33c91610e49e7eba63c0b4f8dcc099e8a77e1,66037bab430bd3696ca902b411f37a2ad9f9e75b5dedef5d92638e71ee43448c,/mnt/storage/codex-equilibrium-20261010/remaining_exports/scratch/current_cost_prep/quiet_runs/costquiet_E1_A10_kin6d_r3,1.6344934575019295e-07,3.111835354688728e-07,1.8163287758103318e-06,1.5077858457574483e-05,4.1887663669259295e-10,1.3762238813362986e-09,8.464795834604235e-08,9.643568203727467e-07,1.5147447118625588e-06,6.6815688198557755e-09,9.015627402574897e-08,9.05817646765188e-08,3.2592418240735036e-06,89784
E1_A10,chease_public,3,72,1088,1.168290306115523,1.8678691387176514,True,True,b942066c64a6dfe1baaba546945473fb6db97828,d7a21f4ebbcd1476f9b798eed6071c54f375cc63ad9e079cd1a50e9d2361770f,/mnt/storage/codex-equilibrium-20261010/remaining_exports/scratch/current_cost_prep/quiet_runs/costquiet_E1_A10_chease_public_r3,1.195899629866665e-07,2.8490080783791546e-07,1.2136529926382561e-06,2.940451757975052e-06,3.2785264811640327e-10,1.3122116975310194e-09,5.6561188894707925e-08,1.8806681482395323e-07,2.158720270719215e-08,3.181429215251555e-10,1.5029718782215523e-09,1.7353457212292917e-09,7.791354788755583e-08,132764
