case,code,dof,repeats,producer_min_s,producer_median_s,producer_max_s,all_native_converged,all_accuracy_passed,max_peak_rss_kib,source_commit,binary_sha256
E1_A10,kin6d,2440,3,0.4165896449703723,0.4171220238786191,0.4282940439879894,True,True,89856,f6a33c91610e49e7eba63c0b4f8dcc099e8a77e1,66037bab430bd3696ca902b411f37a2ad9f9e75b5dedef5d92638e71ee43448c
E1_A10,chease_public,1088,3,1.1652899549808353,1.168290306115523,1.1707383310422301,True,True,132932,b942066c64a6dfe1baaba546945473fb6db97828,d7a21f4ebbcd1476f9b798eed6071c54f375cc63ad9e079cd1a50e9d2361770f
E1_A10,chease_mars,1088,3,1.9160150731913745,1.9712999749463052,2.718368889996782,True,True,3708056,a97e2afb7407cc6b93347b152d67061b28eb7921,fc3889fd5486a70ceecfeeb74a9be733e06f8f2e87f9ce8d40af46a28b0f1472
E1_A20,kin6d,2422,3,0.40935127693228424,0.4114191639237106,0.4289162899367511,True,True,90036,f6a33c91610e49e7eba63c0b4f8dcc099e8a77e1,66037bab430bd3696ca902b411f37a2ad9f9e75b5dedef5d92638e71ee43448c
E1_A20,chease_public,1088,3,1.165904909139499,1.1684467610903084,1.1693910679314286,True,True,133004,b942066c64a6dfe1baaba546945473fb6db97828,d7a21f4ebbcd1476f9b798eed6071c54f375cc63ad9e079cd1a50e9d2361770f
E1_A20,chease_mars,1088,3,1.917614173842594,1.917760024080053,1.9890959940385073,True,True,3708080,a97e2afb7407cc6b93347b152d67061b28eb7921,fc3889fd5486a70ceecfeeb74a9be733e06f8f2e87f9ce8d40af46a28b0f1472
E1_A3p1,kin6d,9937,3,1.6959604627918452,1.6962202619761229,1.712488792836666,True,True,89708,f6a33c91610e49e7eba63c0b4f8dcc099e8a77e1,66037bab430bd3696ca902b411f37a2ad9f9e75b5dedef5d92638e71ee43448c
E1_A3p1,chease_public,4224,3,2.319203126942739,2.4211212801747024,2.5231073731556535,True,True,212804,b942066c64a6dfe1baaba546945473fb6db97828,d7a21f4ebbcd1476f9b798eed6071c54f375cc63ad9e079cd1a50e9d2361770f
E1_A3p1,chease_mars,4224,3,2.6196737939026207,2.674098951043561,2.7324626948684454,True,True,3705456,a97e2afb7407cc6b93347b152d67061b28eb7921,fc3889fd5486a70ceecfeeb74a9be733e06f8f2e87f9ce8d40af46a28b0f1472
E1_A40,kin6d,2422,3,0.4105072838719934,0.41428097896277905,0.4259961359202862,True,True,90316,f6a33c91610e49e7eba63c0b4f8dcc099e8a77e1,66037bab430bd3696ca902b411f37a2ad9f9e75b5dedef5d92638e71ee43448c
E1_A40,chease_public,1088,3,1.1665994960349053,1.1677728239446878,1.2650440230499953,True,True,132912,b942066c64a6dfe1baaba546945473fb6db97828,d7a21f4ebbcd1476f9b798eed6071c54f375cc63ad9e079cd1a50e9d2361770f
E1_A40,chease_mars,1088,3,1.9181577630806714,1.919125857995823,1.9683656711131334,True,True,3706440,a97e2afb7407cc6b93347b152d67061b28eb7921,fc3889fd5486a70ceecfeeb74a9be733e06f8f2e87f9ce8d40af46a28b0f1472
E2_A10,kin6d,2440,3,0.42155558709055185,0.42535764281637967,0.43097312399186194,True,True,89468,f6a33c91610e49e7eba63c0b4f8dcc099e8a77e1,66037bab430bd3696ca902b411f37a2ad9f9e75b5dedef5d92638e71ee43448c
E2_A10,chease_public,1088,3,1.1667140400968492,1.1684127051848918,1.171184569830075,True,True,133044,b942066c64a6dfe1baaba546945473fb6db97828,d7a21f4ebbcd1476f9b798eed6071c54f375cc63ad9e079cd1a50e9d2361770f
E2_A10,chease_mars,1088,3,1.9193624740000814,1.9690445479936898,1.970589797012508,True,True,3705344,a97e2afb7407cc6b93347b152d67061b28eb7921,fc3889fd5486a70ceecfeeb74a9be733e06f8f2e87f9ce8d40af46a28b0f1472
E2_A20,kin6d,2422,3,0.4149116261396557,0.42973568686284125,0.4438400571234524,True,True,89240,f6a33c91610e49e7eba63c0b4f8dcc099e8a77e1,66037bab430bd3696ca902b411f37a2ad9f9e75b5dedef5d92638e71ee43448c
E2_A20,chease_public,1088,3,1.167577822925523,1.1677656301762909,1.4385588499717414,True,True,132936,b942066c64a6dfe1baaba546945473fb6db97828,d7a21f4ebbcd1476f9b798eed6071c54f375cc63ad9e079cd1a50e9d2361770f
E2_A20,chease_mars,1088,3,1.9698694359976798,2.021163295954466,2.0760325158480555,True,True,3708116,a97e2afb7407cc6b93347b152d67061b28eb7921,fc3889fd5486a70ceecfeeb74a9be733e06f8f2e87f9ce8d40af46a28b0f1472
E2_A3p1,kin6d,2395,3,0.4174131420440972,0.4222737639211118,0.42355833295732737,True,True,89084,f6a33c91610e49e7eba63c0b4f8dcc099e8a77e1,66037bab430bd3696ca902b411f37a2ad9f9e75b5dedef5d92638e71ee43448c
E2_A3p1,chease_public,4224,3,2.3185915970243514,2.370944526977837,2.4218179469462484,True,True,212848,b942066c64a6dfe1baaba546945473fb6db97828,d7a21f4ebbcd1476f9b798eed6071c54f375cc63ad9e079cd1a50e9d2361770f
E2_A3p1,chease_mars,16640,3,5.7808318950701505,5.784078516997397,5.884899375960231,True,True,3705436,a97e2afb7407cc6b93347b152d67061b28eb7921,fc3889fd5486a70ceecfeeb74a9be733e06f8f2e87f9ce8d40af46a28b0f1472
E2_A40,kin6d,2422,3,0.41042072512209415,0.4143830370157957,0.4164379199501127,True,True,89816,f6a33c91610e49e7eba63c0b4f8dcc099e8a77e1,66037bab430bd3696ca902b411f37a2ad9f9e75b5dedef5d92638e71ee43448c
E2_A40,chease_public,1088,3,1.1650413570459932,1.166559058940038,1.1677170188631862,True,True,132720,b942066c64a6dfe1baaba546945473fb6db97828,d7a21f4ebbcd1476f9b798eed6071c54f375cc63ad9e079cd1a50e9d2361770f
E2_A40,chease_mars,1088,3,1.8700701799243689,1.9671236369758844,2.023466970073059,True,True,3706408,a97e2afb7407cc6b93347b152d67061b28eb7921,fc3889fd5486a70ceecfeeb74a9be733e06f8f2e87f9ce8d40af46a28b0f1472
