case,code,dof,wall_s,bpol_l2,psi_l2,workdir
E1_A10,vmecpp,11822,7.313897741958499,2.3755274053160705e-06,7.180936135899821e-07,/home/ert/data/iter_tc24/phase1/vmecpp/runs/phase2_20261009_v1_vmecpp_E1_A10_03/native
E1_A10,desc,75,60.80129306996241,7.1066692794031134e-09,8.824713722527431e-10,/home/ert/data/iter_tc24/phase1/desc/runs/phase2_20261009_v1_desc_E1_A10_03/native
E1_A10,chease_public,66048,22.168138155015185,9.51586634221722e-09,1.0735278995943972e-09,/home/ert/data/iter_tc24/phase1/chease_public/runs/phase2_20261009_v1_chease_public_E1_A10_03/native
E1_A10,chease_mars,66048,19.553883061977103,9.383853127021776e-09,6.133210538998344e-10,/home/ert/data/iter_tc24/phase1/chease_mars/runs/phase2_20261009_v1_chease_mars_E1_A10_03/native
E1_A10,kin6d,40177,21.273076795972884,0.0,0.0,/home/ert/data/iter_tc24/phase1/kin6d/runs/phase2_20261009_v1_kin6d_E1_A10_03/native
E1_A20,vmecpp,11822,21.773758884053677,5.820637586409984e-07,2.2046730246607297e-07,/home/ert/data/iter_tc24/phase1/vmecpp/runs/phase2_20261009_v3_vmecpp_E1_A20_03/native
E1_A20,desc,75,63.32918086601421,7.61595902120897e-09,8.051297591115588e-10,/home/ert/data/iter_tc24/phase1/desc/runs/phase2_20261009_v1_desc_E1_A20_03/native
E1_A20,chease_mars,66048,22.113626099890098,2.101177511076993e-08,6.306863091330794e-10,/home/ert/data/iter_tc24/phase1/chease_mars/runs/phase2_20261009_v1_chease_mars_E1_A20_03/native
E1_A20,chease_public,66048,21.214357434073463,2.0309935023229723e-08,2.485175298603965e-09,/home/ert/data/iter_tc24/phase1/chease_public/runs/phase2_20261009_v2_chease_public_E1_A20_03/native
E1_A20,kin6d,40483,20.710165282944217,0.0,0.0,/home/ert/data/iter_tc24/phase1/kin6d/runs/phase2_20261009_v1_kin6d_E1_A20_03/native
E1_A3p1,desc,75,63.4740519230254,6.376681677932571e-08,1.0674028167422419e-08,/home/ert/data/iter_tc24/phase1/desc/runs/phase2_20261009_v2_desc_E1_A3p1_03/native
E1_A3p1,chease_mars,66048,21.15982996392995,2.53214354983318e-08,6.456203881811789e-10,/home/ert/data/iter_tc24/phase1/chease_mars/runs/phase2_20261009_v1_chease_mars_E1_A3p1_03/native
E1_A3p1,chease_public,16640,6.736167970113456,1.32404922738101e-07,2.915340372705368e-09,/home/ert/data/iter_tc24/phase1/chease_public/runs/phase2_20261009_v2_chease_public_E1_A3p1_02/native
E1_A3p1,kin6d,40753,22.69811812788248,0.0,0.0,/home/ert/data/iter_tc24/phase1/kin6d/runs/phase2_20261009_v1_kin6d_E1_A3p1_03/native
E1_A40,vmecpp,11822,58.590846123872325,2.466274330771414e-07,1.083041286621502e-07,/home/ert/data/iter_tc24/phase1/vmecpp/runs/phase2_20261009_v3_vmecpp_E1_A40_03/native
E1_A40,desc,75,63.49287933809683,1.064139349786681e-08,1.5469037665809583e-09,/home/ert/data/iter_tc24/phase1/desc/runs/phase2_20261009_v1_desc_E1_A40_03/native
E1_A40,chease_mars,66048,19.91436789301224,1.2575322311359251e-08,6.192880637597491e-10,/home/ert/data/iter_tc24/phase1/chease_mars/runs/phase2_20261009_v1_chease_mars_E1_A40_03/native
E1_A40,chease_public,66048,21.928956232964993,1.2554970995605884e-08,1.240911327483859e-09,/home/ert/data/iter_tc24/phase1/chease_public/runs/phase2_20261009_v2_chease_public_E1_A40_03/native
E1_A40,kin6d,40636,17.592025147983804,0.0,0.0,/home/ert/data/iter_tc24/phase1/kin6d/runs/phase2_20261009_v1_kin6d_E1_A40_03/native
E2_A10,desc,75,71.76585925696418,2.1891909445705527e-08,2.76830627660405e-09,/home/ert/data/iter_tc24/phase1/desc/runs/phase2_20261009_v1_desc_E2_A10_03/native
E2_A10,chease_public,66048,20.456530994037166,1.62473260554614e-08,1.8627532730918736e-09,/home/ert/data/iter_tc24/phase1/chease_public/runs/phase2_20261009_v1_chease_public_E2_A10_03/native
E2_A10,chease_mars,66048,18.597521489020437,1.7289588875328866e-08,6.288151146540535e-10,/home/ert/data/iter_tc24/phase1/chease_mars/runs/phase2_20261009_v1_chease_mars_E2_A10_03/native
E2_A10,kin6d,40177,22.06966786389239,0.0,0.0,/home/ert/data/iter_tc24/phase1/kin6d/runs/phase2_20261009_v1_kin6d_E2_A10_03/native
E2_A20,vmecpp,23598,76.92339510517195,1.1447915751038397e-06,3.5420702569739886e-07,/home/ert/data/iter_tc24/phase1/vmecpp/runs/phase2_20261009_v3_vmecpp_E2_A20_04/native
E2_A20,desc,75,56.13781201397069,1.6309507109070745e-08,2.0140087500864095e-09,/home/ert/data/iter_tc24/phase1/desc/runs/phase2_20261009_v1_desc_E2_A20_03/native
E2_A20,chease_public,66048,22.281932642916217,2.1334091485253115e-08,1.6935817037272816e-09,/home/ert/data/iter_tc24/phase1/chease_public/runs/phase2_20261009_v1_chease_public_E2_A20_03/native
E2_A20,chease_mars,66048,19.9069379249122,2.2572750041319557e-08,6.317223999015542e-10,/home/ert/data/iter_tc24/phase1/chease_mars/runs/phase2_20261009_v1_chease_mars_E2_A20_03/native
E2_A20,kin6d,40483,19.09818227402866,0.0,0.0,/home/ert/data/iter_tc24/phase1/kin6d/runs/phase2_20261009_v1_kin6d_E2_A20_03/native
E2_A3p1,desc,75,58.18888595094904,2.990381175169327e-07,5.64266043025074e-08,/home/ert/data/iter_tc24/phase1/desc/runs/phase2_20261009_v2_desc_E2_A3p1_03/native
E2_A3p1,chease_public,66048,21.71916769607924,8.689892017813061e-08,9.899186649728732e-10,/home/ert/data/iter_tc24/phase1/chease_public/runs/phase2_20261009_v1_chease_public_E2_A3p1_03/native
E2_A3p1,chease_mars,66048,19.553126737009734,9.963573880060598e-08,1.2538511973064118e-09,/home/ert/data/iter_tc24/phase1/chease_mars/runs/phase2_20261009_v1_chease_mars_E2_A3p1_03/native
E2_A3p1,kin6d,40753,22.764018319081515,0.0,0.0,/home/ert/data/iter_tc24/phase1/kin6d/runs/phase2_20261009_v1_kin6d_E2_A3p1_03/native
E2_A40,vmecpp,11822,60.4948701991234,1.419874285743878e-06,6.276167889908936e-07,/home/ert/data/iter_tc24/phase1/vmecpp/runs/phase2_20261009_v3_vmecpp_E2_A40_03/native
E2_A40,desc,75,63.20219287695363,1.0180118331216257e-08,1.313881994144321e-09,/home/ert/data/iter_tc24/phase1/desc/runs/phase2_20261009_v1_desc_E2_A40_03/native
E2_A40,chease_mars,66048,20.116126698907465,1.2822171733017514e-08,6.179835602406682e-10,/home/ert/data/iter_tc24/phase1/chease_mars/runs/phase2_20261009_v1_chease_mars_E2_A40_03/native
E2_A40,chease_public,66048,21.927491792012006,1.2640364432270436e-08,1.6713965406477053e-09,/home/ert/data/iter_tc24/phase1/chease_public/runs/phase2_20261009_v2_chease_public_E2_A40_03/native
E2_A40,kin6d,40636,19.22584557114169,0.0,0.0,/home/ert/data/iter_tc24/phase1/kin6d/runs/phase2_20261009_v1_kin6d_E2_A40_03/native
