case,code,levels,rate_kind,bpol_rate,psi_rate,bpol_richardson,psi_richardson,bpol_rates_by_interval,last_self_difference
E1_A10,vmecpp,4,algebraic in 1/h,1.4867704471146785,1.7250973419049023,2.211850273512166e-06,6.896092666367433e-07,"[1.4523492881592504, 1.4867704471146785]",3.987101051641833e-06
E1_A10,desc,4,exponential per degree,0.8313784977834617,0.9428592963869868,1.1671513222720658e-08,1.7716019677210447e-09,"[3.0275636684401075, 0.8313784977834617]",4.9882072082134455e-08
E1_A10,chease_public,4,algebraic in 1/h,2.91309334679755,2.658306062372588,2.939227853424013e-09,1.8838644287517015e-10,"[3.097102890322731, 2.91309334679755]",1.9199962384826812e-08
E1_A10,chease_mars,4,algebraic in 1/h,2.862330890677087,3.9786113966300154,3.1948974011356005e-09,2.6600735597410468e-11,"[3.087361068094485, 2.862330890677087]",2.0038053342693014e-08
E1_A10,kin6d,4,algebraic in 1/h,4.0055368585553985,4.0497774994246205,7.590700383593258e-09,6.007228723158879e-10,"[3.518880586689379, 4.0055368585553985]",1.1432751380650566e-07
E1_A20,vmecpp,4,algebraic in 1/h,1.6211541077260658,1.800797028120158,5.949598196641571e-07,2.337198305977598e-07,"[1.5766647429697893, 1.6211541077260658]",1.2352616721920405e-06
E1_A20,desc,4,exponential per degree,0.5161874675021606,0.4568608205172809,3.5535164897067105e-09,1.0921309957386971e-09,"[3.323784879375506, 0.5161874675021606]",6.423784468640442e-09
E1_A20,chease_mars,4,algebraic in 1/h,1.1448451876439314,3.156072106597946,2.4308562803454233e-08,3.5760613445530405e-11,"[2.895121688899334, 1.1448451876439314]",2.9443114975440767e-08
E1_A20,chease_public,4,algebraic in 1/h,1.196493343744699,2.045493859228969,2.1465782698891926e-08,3.3280890860899495e-10,"[2.929513330582235, 1.196493343744699]",2.7729913928342002e-08
E1_A20,kin6d,4,algebraic in 1/h,3.926385573324431,4.048344643945609,8.056063981517938e-09,6.003624486049423e-10,"[3.588810916624744, 3.926385573324431]",1.14428888728646e-07
E1_A3p1,vmecpp,5,algebraic in 1/h,1.7148912712271782,1.9343275948827832,2.5189463902256585e-06,6.056027130468766e-07,"[1.7084639259977934, 1.7283303087366877, 1.7148912712271782]",5.750046844549943e-06
E1_A3p1,desc,4,exponential per degree,1.9107877242770135,2.0276784830295647,5.302101646476087e-08,8.597570908352078e-09,"[1.8469026567011755, 1.9107877242770135]",2.368772871541661e-06
E1_A3p1,chease_mars,4,algebraic in 1/h,3.0831489400625802,4.053088580465025,1.8764907901316698e-08,1.8610000878623687e-10,"[3.1597125985343624, 3.0831489400625802]",1.402605846090085e-07
E1_A3p1,chease_public,4,algebraic in 1/h,3.1441609411102567,4.0749986262590685,1.7038389098861244e-08,1.8011768751439106e-10,"[3.1681351489965683, 3.1441609411102567]",1.3359293243258954e-07
E1_A3p1,kin6d,4,algebraic in 1/h,3.5883082515576157,4.069547588725403,1.8320996136507646e-08,6.040452053085255e-10,"[3.374193605903813, 3.5883082515576157]",2.020414073373699e-07
E1_A40,vmecpp,4,algebraic in 1/h,nan,nan,nan,nan,"[2.1305809456695237, NaN]",1.588693640055207e-06
E1_A40,desc,4,exponential per degree,0.8187515662074139,0.8289273267929471,2.336788352688542e-09,4.900515092632387e-10,"[1.7782196848866645, 0.8187515662074139]",9.679710624142464e-09
E1_A40,chease_mars,4,algebraic in 1/h,1.2322156598852627,3.1964700740099943,9.792692417771699e-09,1.5763205485794674e-11,"[2.841311864751867, 1.2322156598852627]",1.3213035995393632e-08
E1_A40,chease_public,4,algebraic in 1/h,1.0097768964014264,1.1641684183369745,1.5261465695513476e-08,2.83429238475398e-09,"[2.8343669672521834, 1.0097768964014264]",1.5469016831828573e-08
E1_A40,kin6d,4,algebraic in 1/h,4.008439542284044,4.0485549583741065,7.149582426654372e-09,6.008404620733627e-10,"[3.5920839736092307, 4.008439542284044]",1.079148807082049e-07
E2_A10,vmecpp,5,algebraic in 1/h,1.217557396311192,1.597016990477311,6.426744564516196e-06,1.2831347736309871e-06,"[1.5568107311136812, 1.5604126577413984, 1.217557396311192]",8.518820399482495e-06
E2_A10,desc,4,exponential per degree,1.652354843511836,1.7696717133187227,1.023162455692529e-09,1.6861203806215487e-10,"[2.898650355020627, 1.652354843511836]",2.684842961085217e-08
E2_A10,chease_public,4,algebraic in 1/h,3.1104720301617643,3.541575760198401,1.0570307384339674e-08,2.38736984769176e-10,"[3.1176566724465875, 3.1104720301617643]",8.072175082909172e-08
E2_A10,chease_mars,4,algebraic in 1/h,3.0355439256126733,4.036786958856865,1.1931787340903071e-08,1.172656404902834e-10,"[3.104324573319215, 3.0355439256126733]",8.590344464394762e-08
E2_A10,kin6d,4,algebraic in 1/h,3.704867751487636,4.078801548334722,1.7649179225146554e-08,6.111615925733706e-10,"[3.393431900533606, 3.704867751487636]",2.1249544579974892e-07
E2_A20,vmecpp,5,algebraic in 1/h,1.7445958484751027,1.9664463484780854,1.0594376594321737e-06,3.3657547239374406e-07,"[1.5396018870935144, 1.4688285712641131, 1.7445958484751027]",2.49074817899973e-06
E2_A20,desc,4,exponential per degree,0.4046949113610518,0.5629490766079905,1.3064985712772978e-08,1.4119745557234916e-09,"[3.311590661670707, 0.4046949113610518]",1.6285985256179837e-08
E2_A20,chease_public,4,algebraic in 1/h,2.776507236303323,2.6473976036264784,7.161082358599152e-09,3.758338929586022e-10,"[3.0664976756382067, 2.776507236303323]",4.190604465228534e-08
E2_A20,chease_mars,4,algebraic in 1/h,2.710272574753593,3.93719713368401,8.005720291110982e-09,5.631236473920889e-11,"[3.0508805371063135, 2.710272574753593]",4.4387338476802947e-08
E2_A20,kin6d,4,algebraic in 1/h,3.7778979759639393,4.054899439821449,1.1716322397533743e-08,6.029552062414812e-10,"[3.4969797501671835, 3.7778979759639393]",1.4899701690523774e-07
E2_A3p1,vmecpp,5,algebraic in 1/h,1.6465756309061792,1.9142818870249159,1.0542064138506733e-05,2.225479498100253e-06,"[1.6645849386357094, 1.6654640252519524, 1.6465756309061792]",2.246404331360236e-05
E2_A3p1,desc,4,exponential per degree,1.7876841381708155,1.920980320587859,2.401837372106141e-07,3.5033199711016616e-08,"[1.9235026559518285, 1.7876841381708155]",8.336241601629432e-06
E2_A3p1,chease_public,4,algebraic in 1/h,3.156498290067907,4.14492100595289,7.779613851453178e-08,9.633176776868433e-10,"[3.198232963489595, 3.156498290067907]",6.158831175814983e-07
E2_A3p1,chease_mars,4,algebraic in 1/h,3.078214473167365,4.118428713373912,8.805677288355065e-08,1.002066642054533e-09,"[3.1875586879470257, 3.078214473167365]",6.556430102462985e-07
E2_A3p1,kin6d,4,algebraic in 1/h,3.509381328221729,4.267952375214731,6.496658175438065e-08,7.587619397298394e-10,"[3.1849999062848795, 3.509381328221729]",6.74841485512448e-07
E2_A40,vmecpp,4,algebraic in 1/h,1.1776871974361869,1.3807405446145875,2.889683005944361e-06,1.162644531337597e-06,"[1.5946966173915083, 1.1776871974361869]",3.647179884780024e-06
E2_A40,desc,4,exponential per degree,0.3631878837931434,0.5970545967147177,1.1701479775465496e-08,8.646054781241209e-10,"[2.433657798010487, 0.3631878837931434]",1.2492191415559489e-08
E2_A40,chease_mars,4,algebraic in 1/h,2.6228200477716137,3.9211989327705217,4.265230535479549e-09,2.733022909232068e-11,"[3.0338793449388572, 2.6228200477716137]",2.200658084036185e-08
E2_A40,chease_public,4,algebraic in 1/h,2.638233660544778,0.8625872225677418,4.140286895833246e-09,3.987798488456616e-09,"[3.042160430865832, 2.638233660544778]",2.1635854382216463e-08
E2_A40,kin6d,4,algebraic in 1/h,3.9832186006751207,4.049361830678497,7.753177821141549e-09,6.005523122213496e-10,"[3.551991909124181, 3.9832186006751207]",1.1486307019132188e-07
