case,code,level,dof,path,s_tor,bmn_rel,bmod_l2,q_rel,phi_edge_rel,physical_psi_l2,physical_psi_max,physical_Bphi_l2,physical_Bphi_max,physical_bpol_l2,physical_bpol_max,physical_b_l2,physical_b_max,physical_bmod_l2,physical_bmod_max,physical_s_pol_max_abs,physical_s_tor_max_abs,physical_rho_tor_max_abs
Solovev_inverse_A3,chease_public,3,66048,libneo_Boozer,0.05025,5.075843968556147e-09,3.9534304315059734e-09,2.5281257531872825e-06,7.871492346822606e-09,2.4690500319008148e-06,2.4743151283689608e-06,2.4895542127458756e-09,3.520732062407018e-09,2.5551487604059166e-06,3.74195381238917e-06,1.4158155344090135e-07,1.9809828884893778e-07,5.51088427546132e-09,8.57279259378803e-09,4.837209396924003e-09,4.648349496982895e-09,1.036813718213736e-08
Solovev_inverse_A3,chease_public,3,66048,libneo_Boozer,0.13475,9.45550119892818e-09,8.619793391061757e-09,2.4823479085611666e-06,7.871492346822606e-09,2.470518640848513e-06,2.504523065963976e-06,1.0682619469672764e-08,1.2285446182556247e-08,2.480154791313511e-06,2.803108184469605e-06,2.1605815543338522e-07,2.2803344105749572e-07,9.410698864150772e-09,2.4874058114930675e-08,2.822407738078958e-08,2.2095522106413412e-08,3.009607796311542e-08
Solovev_inverse_A3,chease_public,3,66048,libneo_Boozer,0.21925,2.177108312524914e-08,2.0339249771831547e-08,2.4835812155732384e-06,7.871492346822606e-09,2.4710196018834507e-06,2.657061677272669e-06,1.2077455975614167e-08,3.512896339425651e-08,2.554274595733479e-06,4.667023415317646e-06,2.722732513904359e-07,4.58904927068115e-07,2.1375590952260063e-08,7.152877078513762e-08,1.3636919965476224e-07,1.1687435388929579e-07,1.2480140770820825e-07
Solovev_inverse_A3,chease_public,3,66048,libneo_Boozer,0.30375,2.517937524797289e-08,2.4474481794840973e-08,2.4714986208707046e-06,7.871492346822606e-09,2.47288352110429e-06,2.523093527822148e-06,6.969769346706194e-09,1.0158197147436676e-08,2.456587379745529e-06,2.484772853373815e-06,2.95643412057295e-07,2.738543836498278e-07,3.119448990200101e-08,3.465730624430813e-08,3.3406451938056136e-08,2.9151751401723658e-08,2.644700658471777e-08
Solovev_inverse_A3,chease_public,3,66048,libneo_Boozer,0.38825,3.8226885784808744e-08,3.608319476109343e-08,2.482599249509221e-06,7.871492346822606e-09,2.4607664316903904e-06,2.5424014615604932e-06,1.4638952020248993e-08,2.201558316533552e-08,2.4902061310790254e-06,2.5152320709296586e-06,3.2556582852078384e-07,2.9900571182893925e-07,3.955035356982764e-08,5.1847296010793346e-08,3.9149451402931135e-08,3.585563218555521e-08,2.8772107030228256e-08
Solovev_inverse_A3,chease_public,3,66048,libneo_Boozer,0.47275,4.7808730224992877e-08,4.5173476832759234e-08,2.474740971702971e-06,7.871492346822606e-09,2.4854573751012596e-06,2.5324147646211465e-06,8.056654648748974e-09,1.0945603889917526e-08,2.4756907948127875e-06,2.484363187547696e-06,3.427855139001772e-07,3.1172936740293657e-07,5.96541796596147e-08,7.028775259183516e-08,2.833770873511554e-08,2.7311790828932203e-08,1.9861151279165767e-08
Solovev_inverse_A3,chease_public,3,66048,libneo_Boozer,0.55725,4.426407387737016e-08,4.030384487674789e-08,2.483091515959046e-06,7.871492346822606e-09,2.4779895711882025e-06,2.542728601376859e-06,1.5895827173167763e-08,2.1463505837948903e-08,2.4921728693669404e-06,2.528115550956763e-06,3.601531764382204e-07,3.296523512042749e-07,5.0069843785254094e-08,6.586509300309335e-08,5.68003395429173e-08,6.05607276549236e-08,4.056355762394048e-08
Solovev_inverse_A3,chease_public,3,66048,libneo_Boozer,0.64175,5.0098645755707675e-08,4.6351968122917616e-08,2.480075953714689e-06,7.871492346822606e-09,2.4573338553170566e-06,2.525205913243542e-06,4.2151533876619205e-09,2.4999974868322433e-08,2.4907122244672547e-06,2.5439913772953063e-06,3.708200050861659e-07,3.411574669054144e-07,6.35626178584249e-08,7.739942522253874e-08,5.6221647448673195e-08,6.28498826316104e-08,3.9227580850287325e-08
Solovev_inverse_A3,chease_public,3,66048,libneo_Boozer,0.72625,6.062814880773059e-08,5.306064239510213e-08,2.5035227291247963e-06,7.871492346822606e-09,2.4779748387450792e-06,2.75925172538594e-06,2.041441074865033e-08,1.2630394168579376e-07,2.561948399545273e-06,4.668410694979789e-06,3.9043721815751283e-07,6.510220893752095e-07,6.214717042598603e-08,8.277743399918465e-08,4.501204245999091e-07,5.168871568539402e-07,3.032652128309721e-07
Solovev_inverse_A3,chease_public,3,66048,libneo_Boozer,0.81075,5.428553380903828e-08,4.924619152420241e-08,2.4698936031963825e-06,7.871492346822606e-09,2.475298017928947e-06,2.864569987100036e-06,5.32232898787579e-09,2.3547581201645086e-08,2.4766325499138367e-06,2.513239997436954e-06,3.8281265024743527e-07,3.488114796600583e-07,7.443021185569687e-08,8.955324730010192e-08,5.872410147045315e-08,7.067102447688711e-08,3.9243516991582794e-08
Solovev_inverse_A3,chease_public,3,66048,libneo_Boozer,0.89525,5.425886243776288e-08,4.804331609892526e-08,2.4704484722359865e-06,7.871492346822606e-09,2.456115781074754e-06,2.992981956542859e-06,1.663586519452224e-08,2.3438158721790072e-08,2.4827660906506778e-06,2.5284802833576484e-06,3.8794093722340497e-07,3.5418392663460837e-07,6.787514528711279e-08,9.198037491560642e-08,9.295604885828368e-08,1.175343555814834e-07,6.21101611253394e-08
Solovev_inverse_A3,chease_public,3,66048,libneo_Boozer,0.97975,5.589273795205917e-08,5.0265191711615115e-08,2.4844279009617054e-06,7.871492346822606e-09,2.2001456595058117e-06,3.2253021268064623e-06,5.353807530460296e-09,1.9414126419402833e-08,2.496065027320773e-06,2.7663105678290386e-06,3.9190701715503493e-07,3.895725630698477e-07,7.466550199434414e-08,9.54046769528486e-08,7.741025109808675e-08,1.0295640218149771e-07,5.200746855393845e-08
Solovev_inverse_A3,chease_public,3,66048,NEO_RT,0.05,,5.1280553692493365e-09,2.529295215270011e-06,,,,,,,,,,,,,,
Solovev_inverse_A3,chease_public,3,66048,NEO_RT,0.13454545454545455,,9.224262248761858e-09,2.4814282986174163e-06,,,,,,,,,,,,,,
Solovev_inverse_A3,chease_public,3,66048,NEO_RT,0.21909090909090911,,1.95401600059753e-08,2.485199459778542e-06,,,,,,,,,,,,,,
Solovev_inverse_A3,chease_public,3,66048,NEO_RT,0.30363636363636365,,2.466907463900043e-08,2.472340944636997e-06,,,,,,,,,,,,,,
Solovev_inverse_A3,chease_public,3,66048,NEO_RT,0.3881818181818182,,3.5940569497930325e-08,2.4831530149871384e-06,,,,,,,,,,,,,,
Solovev_inverse_A3,chease_public,3,66048,NEO_RT,0.4727272727272728,,4.54052149438074e-08,2.4747010589631913e-06,,,,,,,,,,,,,,
Solovev_inverse_A3,chease_public,3,66048,NEO_RT,0.5572727272727274,,4.009749373570087e-08,2.4830046583268484e-06,,,,,,,,,,,,,,
Solovev_inverse_A3,chease_public,3,66048,NEO_RT,0.641818181818182,,4.5607022558282214e-08,2.4810219749760165e-06,,,,,,,,,,,,,,
Solovev_inverse_A3,chease_public,3,66048,NEO_RT,0.7263636363636364,,5.197084274410525e-08,2.5022802221386087e-06,,,,,,,,,,,,,,
Solovev_inverse_A3,chease_public,3,66048,NEO_RT,0.810909090909091,,4.7794420179955934e-08,2.4727804013302546e-06,,,,,,,,,,,,,,
Solovev_inverse_A3,chease_public,3,66048,NEO_RT,0.8954545454545456,,4.5339795041634044e-08,2.470260349385356e-06,,,,,,,,,,,,,,
Solovev_inverse_A3,chease_public,3,66048,NEO_RT,0.9800000000000001,,4.7517199885903966e-08,2.478754113743875e-06,,,,,,,,,,,,,,
Solovev_inverse_A3,chease_public,3,66048,NEO_2,0.05,,5.128097764251502e-09,2.5292952139377434e-06,,,,,,,,,,,,,,
Solovev_inverse_A3,chease_public,3,66048,NEO_2,0.13454545454545455,,9.224401780172857e-09,2.481428306166933e-06,,,,,,,,,,,,,,
Solovev_inverse_A3,chease_public,3,66048,NEO_2,0.21909090909090911,,1.9540155951425087e-08,2.485199455781739e-06,,,,,,,,,,,,,,
Solovev_inverse_A3,chease_public,3,66048,NEO_2,0.30363636363636365,,2.4669116513981817e-08,2.4723409421945064e-06,,,,,,,,,,,,,,
Solovev_inverse_A3,chease_public,3,66048,NEO_2,0.3881818181818182,,3.594058086363022e-08,2.483153009658068e-06,,,,,,,,,,,,,,
Solovev_inverse_A3,chease_public,3,66048,NEO_2,0.4727272727272728,,4.5405222062090096e-08,2.474701055854567e-06,,,,,,,,,,,,,,
Solovev_inverse_A3,chease_public,3,66048,NEO_2,0.5572727272727274,,4.009755750026059e-08,2.483004658548893e-06,,,,,,,,,,,,,,
Solovev_inverse_A3,chease_public,3,66048,NEO_2,0.641818181818182,,4.560695284312424e-08,2.481021975864195e-06,,,,,,,,,,,,,,
Solovev_inverse_A3,chease_public,3,66048,NEO_2,0.7263636363636364,,5.197096166641422e-08,2.5022802161434043e-06,,,,,,,,,,,,,,
Solovev_inverse_A3,chease_public,3,66048,NEO_2,0.810909090909091,,4.7794505674455e-08,2.472780402218433e-06,,,,,,,,,,,,,,
Solovev_inverse_A3,chease_public,3,66048,NEO_2,0.8954545454545456,,4.533989439621087e-08,2.4702603484971775e-06,,,,,,,,,,,,,,
Solovev_inverse_A3,chease_public,3,66048,NEO_2,0.9800000000000001,,4.7517207653159074e-08,2.4787541119675183e-06,,,,,,,,,,,,,,
