case,code,level,dof,wall_s,phi_error,workdir,field_path,axis_R,axis_Z,volume_m3,axis_rel,volume_rel,reference,psi_l2,psi_max,bpol_l2,bpol_max,btor_l2,btor_max,F_l2,F_max,jphi_l2,jphi_max,q_max,F_rms,jphi_rms,force_rms,I_phi_A,I_phi_quadrature_rel,I_phi_rel,FFprime_rms_T
E1_constant_q_A10,chease_public,0,1088,14.740307549247518,-9.937550782268545e-11,/home/ert/data/iter_tc24/phase1/chease_public/runs/phase3x_20261009_chease_public_E1_constant_q_A10_00_t1/native,NOUT; delivered F profile,6.207751438,2.699549909e-11,47.0440616,3.5160754503333756e-10,0.0,provisional public CHEASE level 3; KIN6D inverse pending,8.14978200216536e-06,8.142719484779413e-06,8.245610964117934e-06,8.86349588730012e-06,1.9618130405579445e-08,3.757407400620682e-08,1.9690868166675803e-08,3.7741366317887e-08,1.720874068663193e-05,7.379946921342064e-05,8.78565905626516e-06,32.78436612208145,908013.277779903,7.963103561971784e-08,-1101503.5122046736,6.661338147750939e-16,8.075038009147661e-06,
E1_constant_q_A10,chease_public,1,4224,30.666230109054595,-2.968036927342155e-11,/home/ert/data/iter_tc24/phase1/chease_public/runs/phase3x_20261009_chease_public_E1_constant_q_A10_01_t1/native,NOUT; delivered F profile,6.207751436,-7.307228771e-11,47.0440616,1.2469667362982993e-10,0.0,provisional public CHEASE level 3; KIN6D inverse pending,1.5215606705078052e-06,1.521118773731795e-06,1.5275427789473197e-06,1.5271176341309604e-06,3.742822367384123e-09,7.33534105586115e-09,3.757637630639103e-09,7.33498770356446e-09,4.12207342318916e-06,2.157051669344409e-05,2.094083114911882e-06,32.78436625616582,908006.9692496636,4.709844853871935e-08,-1101496.2831605237,6.661338147750939e-15,1.512097042910554e-06,
E1_constant_q_A10,chease_public,2,16640,67.990793740144,9.746781159947204e-11,/home/ert/data/iter_tc24/phase1/chease_public/runs/phase3x_20261009_chease_public_E1_constant_q_A10_02_t1/native,NOUT; delivered F profile,6.207751436,-1.126498984e-10,47.0440616,1.183211589047265e-10,0.0,provisional public CHEASE level 3; KIN6D inverse pending,9.949342668233554e-08,9.947314171810151e-08,1.012819780423013e-07,1.0216093318478674e-07,2.484773879661811e-10,6.077883127893286e-10,2.4937803580724e-10,6.396974017560516e-10,9.330802760218802e-07,5.237982076970634e-06,4.6802332664963586e-07,32.78436629899829,908005.3174151272,4.901726312077629e-08,-1101494.5067131124,2.4424906541753444e-15,1.0066382127860152e-07,
E1_constant_q_A10,chease_public,3,66048,176.6672354529146,1.262367987919788e-11,/home/ert/data/iter_tc24/phase1/chease_public/runs/phase3x_20261009_chease_public_E1_constant_q_A10_03_t1/native,NOUT; delivered F profile,6.207751436,-8.471582425e-10,47.0440616,0.0,0.0,provisional public CHEASE level 3; KIN6D inverse pending,0.0,0.0,0.0,0.0,0.0,0.0,0.0,0.0,0.0,0.0,5.587077485103009e-07,32.784366297051974,908005.4091348255,4.682635276037755e-08,-1101494.6175937697,2.886579864025407e-15,0.0,
E1_constant_q_A10,vmecpp,0,2310,1.8084415700286627,2.220446049250313e-16,/home/ert/data/iter_tc24/phase1/vmecpp/runs/phase3x_20261009_vmecpp_E1_constant_q_A10_00_t0/native,native,6.20769666933144,0.0,47.044061554056476,8.82230371664885e-06,9.76606240321587e-10,provisional public CHEASE level 3; KIN6D inverse pending,2.154131794948285e-05,4.0889815918124826e-05,4.80028173198454e-05,8.836316649016227e-05,1.2826406936131387e-07,5.926319242370134e-07,1.277137823042416e-07,6.463606811028172e-07,9.337510278174375e-05,0.00035315956354578054,0.0,32.78436635618217,908004.1625116569,9.958092602295247e-07,-1101493.7187223919,0.0,8.160469996409958e-07,
E1_constant_q_A10,vmecpp,1,4550,2.6940758330747485,-1.2212453270876722e-15,/home/ert/data/iter_tc24/phase1/vmecpp/runs/phase3x_20261009_vmecpp_E1_constant_q_A10_01_t0/native,native,6.207727818423657,0.0,47.044061554056476,3.804529965688817e-06,9.76606240321587e-10,provisional public CHEASE level 3; KIN6D inverse pending,6.423942145125136e-06,1.2882827368295882e-05,1.5881426078098194e-05,3.6737819735377794e-05,3.34846713525427e-08,1.932989763962047e-07,3.337548194241472e-08,2.1082370521352102e-07,3.9837382311367214e-05,0.00017304449677053358,0.0,32.784366299372806,908004.3817111797,3.2943767328442826e-07,-1101493.9305096953,2.220446049250313e-16,6.237743366277471e-07,
E1_constant_q_A10,vmecpp,2,9030,5.383082466199994,-1.887379141862766e-15,/home/ert/data/iter_tc24/phase1/vmecpp/runs/phase3x_20261009_vmecpp_E1_constant_q_A10_02_t0/native,native,6.20774113950945,0.0,47.044061554056476,1.658650590468859e-06,9.76606240321587e-10,provisional public CHEASE level 3; KIN6D inverse pending,1.9908885988978543e-06,3.986950757499219e-06,5.420029506135241e-06,1.593459207152856e-05,8.755951516673705e-09,4.430006067298349e-08,8.7477123814874e-09,4.899780913552396e-08,1.7926334423421187e-05,9.188366490025223e-05,0.0,32.78436629951124,908004.7403277674,1.3212386369704946e-07,-1101493.9844718135,0.0,5.747844301629002e-07,
E1_constant_q_A10,vmecpp,3,17990,16.78720069397241,4.440892098500626e-15,/home/ert/data/iter_tc24/phase1/vmecpp/runs/phase3x_20261009_vmecpp_E1_constant_q_A10_03_t0/native,native,6.207747068616539,0.0,47.044061554056476,7.035371161830463e-07,9.76606240321587e-10,provisional public CHEASE level 3; KIN6D inverse pending,8.077724982516375e-07,1.7469758511308612e-06,1.9071484203539586e-06,6.715549928119636e-06,2.793331231455437e-09,1.3184989097820258e-08,2.7995027528021766e-09,1.4583175880692928e-08,7.96268775468566e-06,4.122499504189694e-05,0.0,32.78436630731425,908004.7765861856,5.404368552061471e-08,-1101493.9986538058,0.0,5.619092040554108e-07,
E1_constant_q_A10,desc,0,12,33.33495503105223,0.0,/home/ert/data/iter_tc24/phase1/desc/runs/phase3x_20261009_desc_E1_constant_q_A10_00_t0/native,native,6.2077517685539,0.0,47.04406155405642,5.357092377791814e-08,9.76607461566914e-10,provisional public CHEASE level 3; KIN6D inverse pending,4.1498385135020306e-05,4.833488219588713e-05,9.6866535501312e-05,0.00018419792446333508,1.875893284890345e-07,9.43786549254974e-07,1.8789343752296216e-07,9.399978404893955e-07,0.00030369080396290294,0.0008452184936750385,0.0,32.78436633362777,908008.495067697,1.0464039223606184e-06,-1101493.880369373,0.0,6.692945975217413e-07,
E1_constant_q_A10,desc,1,27,32.08860832708888,0.0,/home/ert/data/iter_tc24/phase1/desc/runs/phase3x_20261009_desc_E1_constant_q_A10_01_t0/native,native,6.207751403072681,0.0,47.04406155405647,5.3059815754087984e-09,9.766063513438894e-10,provisional public CHEASE level 3; KIN6D inverse pending,5.671382394413309e-07,5.647677892517979e-07,5.897701238045554e-07,8.095539003879991e-07,1.3836626928216245e-09,3.972063826380778e-09,1.3876185306756048e-09,4.7787975077330064e-09,1.0478334995607051e-06,3.4106896103964733e-06,0.0,32.784366310225586,908004.8603564419,3.7203194803130597e-09,-1101493.9990556694,2.220446049250313e-16,5.615443692263966e-07,
E1_constant_q_A10,desc,2,48,56.741731921210885,0.0,/home/ert/data/iter_tc24/phase1/desc/runs/phase3x_20261009_desc_E1_constant_q_A10_02_t0/native,native,6.207751435712981,0.0,47.04406155405657,1.4408741566864703e-10,9.766042419201426e-10,provisional public CHEASE level 3; KIN6D inverse pending,5.606416283573603e-07,5.6125632235972e-07,5.608205818039787e-07,5.584808194566952e-07,1.363453848447964e-09,2.7035458369722496e-09,1.3688888500021946e-09,2.7064481886722534e-09,6.201815764845733e-07,1.3879941166895106e-06,0.0,32.784366310879776,908004.9120298016,2.8817018808750256e-10,-1101494.0026994315,0.0,5.582363530320933e-07,
E1_constant_q_A10,desc,3,75,58.27462767995894,0.0,/home/ert/data/iter_tc24/phase1/desc/runs/phase3x_20261009_desc_E1_constant_q_A10_03_t0/native,native,6.207751433845329,0.0,47.044061554056505,3.7295772607443247e-10,9.766055741877722e-10,provisional public CHEASE level 3; KIN6D inverse pending,5.606576789595998e-07,5.613680501499989e-07,5.607283370186493e-07,5.607656707385265e-07,1.3631266134068323e-09,2.7083409836862216e-09,1.3684956724653995e-09,2.714475044120269e-09,6.201345858394179e-07,1.372885451814163e-06,0.0,32.7843663108714,908004.912247769,3.1191165358794163e-10,-1101494.0024925012,0.0,5.584242162015585e-07,
E2_constant_q_A10,chease_public,0,1088,23.64611784252338,-8.03301869467532e-12,/home/ert/data/iter_tc24/phase1/chease_public/runs/phase3x_20261009_chease_public_E2_constant_q_A10_00_t2/native,NOUT; delivered F profile,6.238322911,-1.391684007e-12,47.0440623,2.837301236651971e-08,1.4879667720180123e-08,provisional public CHEASE level 3; KIN6D inverse pending,8.660054956581048e-05,8.65673001770628e-05,8.679926813458855e-05,8.713112422284184e-05,9.217803611151183e-08,9.977172460262731e-08,9.217733480132805e-08,9.976564808900367e-08,0.00011584587866376616,0.0003476481381480004,9.009959593997419e-05,32.77781895960185,923310.680393096,6.266699295610924e-07,-1111888.9075495594,3.219646771412954e-14,8.593215299468326e-05,
E2_constant_q_A10,chease_public,1,4224,47.5213980327826,3.995626052244461e-11,/home/ert/data/iter_tc24/phase1/chease_public/runs/phase3x_20261009_chease_public_E2_constant_q_A10_01_t2/native,NOUT; delivered F profile,6.238322755,5.618871635e-12,47.0440616,3.366302884283409e-09,0.0,provisional public CHEASE level 3; KIN6D inverse pending,1.9216796130232465e-05,1.921459933847423e-05,1.922640284903565e-05,1.9197911549467266e-05,2.249997353819414e-08,2.4101459540035235e-08,2.2499457086747303e-08,2.4104364141087752e-08,2.6851901483258716e-05,0.00010181310150176368,2.1954220259412516e-05,32.77782124254487,923249.7291855285,1.5970313200799307e-07,-1111814.6463642658,1.554312234475219e-14,1.9138099908388995e-05,
E2_constant_q_A10,chease_public,2,16640,103.56513335811906,-1.1307121905446138e-10,/home/ert/data/iter_tc24/phase1/chease_public/runs/phase3x_20261009_chease_public_E2_constant_q_A10_02_t2/native,NOUT; delivered F profile,6.238322736,1.201991368e-11,47.0440616,3.2077054163728615e-10,0.0,provisional public CHEASE level 3; KIN6D inverse pending,2.0670137650163402e-06,2.0668268626867164e-06,2.068603564618706e-06,2.062931199892598e-06,2.713839085620314e-09,3.055380662813778e-09,2.714209714379598e-09,3.122917729562804e-09,5.406715438185413e-06,2.376116776780014e-05,4.743693066244781e-06,32.777821890915,923233.034744238,6.280222300871635e-08,-1111795.6569753669,1.2878587085651816e-14,2.058137540617011e-06,
E2_constant_q_A10,chease_public,3,66048,277.5147193418816,4.066524894597023e-12,/home/ert/data/iter_tc24/phase1/chease_public/runs/phase3x_20261009_chease_public_E2_constant_q_A10_03_t2/native,NOUT; delivered F profile,6.238322734,-5.341045005e-11,47.0440616,0.0,0.0,provisional public CHEASE level 3; KIN6D inverse pending,0.0,0.0,0.0,0.0,0.0,0.0,0.0,0.0,0.0,0.0,2.6759949852683818e-06,32.77782197977448,923231.0906021373,5.361606106814952e-08,-1111793.3687516972,6.217248937900877e-15,0.0,
E2_constant_q_A10,vmecpp,0,2310,1.9932391529437155,2.220446049250313e-16,/home/ert/data/iter_tc24/phase1/vmecpp/runs/phase3x_20261009_vmecpp_E2_constant_q_A10_00_t0/native,native,6.237912003821121,0.0,47.044061554056476,6.583984131506444e-05,9.76606240321587e-10,provisional public CHEASE level 3; KIN6D inverse pending,0.00014479816216797836,0.0002614215413368481,0.00032830482291913645,0.0006820635744610139,5.651390826967386e-07,3.333319320871601e-06,5.670805609818234e-07,3.6926888526875625e-06,0.0006447863495125238,0.002276140697204341,0.0,32.777821443936666,923224.335928847,1.0849726136309231e-05,-1111781.2208994492,0.0,1.0926357891238858e-05,
E2_constant_q_A10,vmecpp,1,4550,2.4645372049417347,-1.2212453270876722e-15,/home/ert/data/iter_tc24/phase1/vmecpp/runs/phase3x_20261009_vmecpp_E2_constant_q_A10_01_t0/native,native,6.238145675066186,0.0,47.044061554056476,2.8382458132257432e-05,9.76606240321587e-10,provisional public CHEASE level 3; KIN6D inverse pending,4.3633686257421035e-05,8.797777370337143e-05,0.00011253765957229425,0.00029120499866613377,1.4099954277582777e-07,1.2862718624974869e-06,1.416437536707177e-07,1.4249465203977113e-06,0.000279528743749832,0.0011635139344257914,0.0,32.777821731200824,923227.2600849206,3.187209381964434e-06,-1111788.0972573997,0.0,4.74143347650724e-06,
E2_constant_q_A10,vmecpp,2,9030,5.329492917982861,-1.887379141862766e-15,/home/ert/data/iter_tc24/phase1/vmecpp/runs/phase3x_20261009_vmecpp_E2_constant_q_A10_02_t0/native,native,6.238247821462416,0.0,47.044061554056476,1.2008442137111771e-05,9.76606240321587e-10,provisional public CHEASE level 3; KIN6D inverse pending,1.3040871427011638e-05,3.004174144677546e-05,3.915096169060911e-05,0.0001227574541840669,3.931835905732325e-08,5.054427344909161e-07,3.947162241275133e-08,5.599351792262349e-07,0.00011846705535749436,0.000578521513610746,0.0,32.777821996023626,923227.5748506145,1.0875824431437334e-06,-1111789.8235171796,0.0,3.1887530698160305e-06,
E2_constant_q_A10,vmecpp,3,17990,16.591072051087394,4.440892098500626e-15,/home/ert/data/iter_tc24/phase1/vmecpp/runs/phase3x_20261009_vmecpp_E2_constant_q_A10_03_t0/native,native,6.238291618513157,0.0,47.044061554056476,4.987796907759262e-06,9.76606240321587e-10,provisional public CHEASE level 3; KIN6D inverse pending,4.528517530671477e-06,1.1209290228961614e-05,1.387998916117967e-05,5.076167081848665e-05,1.2352563016934203e-08,1.9834362575192513e-07,1.2401910538096386e-08,2.1972731228927653e-07,4.780445882338648e-05,0.00028636522592614526,0.0,32.777822076263774,923227.7904073908,3.8344756136644043e-07,-1111790.2603305583,0.0,2.7958622764723273e-06,
E2_constant_q_A10,vmecpp,4,35910,164.91190831712447,6.661338147750939e-15,/home/ert/data/iter_tc24/phase1/vmecpp/runs/phase3x_ref_20261009_vmecpp_E2_constant_q_A10_04_t0/native,native,6.238310133424383,0.0,47.044061554056476,2.0198659405888785e-06,9.76606240321587e-10,provisional public CHEASE level 3; KIN6D inverse pending,2.8848511235742527e-06,5.507475648068873e-06,5.353897471795442e-06,2.050067297236694e-05,4.807489685466515e-09,6.878898859477443e-08,4.8295239217930895e-09,7.620521960568318e-08,1.9319371606857843e-05,0.00012093987116170397,0.0,32.77782208701025,923228.0122688247,1.581289957158154e-07,-1111790.3675074163,0.0,2.699462296917865e-06,
E2_constant_q_A10,desc,0,12,34.056057260138914,0.0,/home/ert/data/iter_tc24/phase1/desc/runs/phase3x_20261009_desc_E2_constant_q_A10_00_t0/native,native,6.237827305961366,0.0,47.04406155405647,7.941686567987453e-05,9.766063513438894e-10,provisional public CHEASE level 3; KIN6D inverse pending,0.00029573904277190505,0.0004497285863984408,0.0007674852433791275,0.0016004865818361807,2.0143162200254867e-06,4.771015717920948e-06,2.038136241225798e-06,5.7008951783736965e-06,0.0023255473567009746,0.0077295113951468125,0.0,32.777827966452065,923502.5022405438,1.0067613174912031e-05,-1112030.2778590787,0.0,0.00021308735421543545,
E2_constant_q_A10,desc,1,27,31.789279631804675,0.0,/home/ert/data/iter_tc24/phase1/desc/runs/phase3x_20261009_desc_E2_constant_q_A10_01_t0/native,native,6.2383152373432065,0.0,47.044061554056476,1.201710317494113e-06,9.76606240321587e-10,provisional public CHEASE level 3; KIN6D inverse pending,3.4970266750453426e-06,6.617444889599685e-06,8.550175979049852e-06,1.228365898373899e-05,1.5742545090290216e-08,3.484955108247364e-08,1.5924124915884153e-08,4.16359903649635e-08,3.424613042839525e-05,0.00014804046897163109,0.0,32.7778220195748,923227.0731349976,2.9651504644233934e-08,-1111786.5310115637,0.0,6.1501897076210454e-06,
E2_constant_q_A10,desc,2,48,72.00224932096899,0.0,/home/ert/data/iter_tc24/phase1/desc/runs/phase3x_20261009_desc_E2_constant_q_A10_02_t0/native,native,6.238322657710172,0.0,47.04406155405655,1.2229224061928096e-08,9.766046860093525e-10,provisional public CHEASE level 3; KIN6D inverse pending,2.6703186661770106e-06,2.6740528339792563e-06,2.677405176029055e-06,2.7271242437635782e-06,3.5088120158240663e-09,3.741798432883976e-09,3.5129063541548373e-09,4.123351157790766e-09,2.9481163518867612e-06,7.58748545821587e-06,0.0,32.7778220947436,923228.6176367482,3.8475065489949116e-10,-1111790.443639508,0.0,2.630985461382629e-06,
E2_constant_q_A10,desc,3,75,66.076466439059,0.0,/home/ert/data/iter_tc24/phase1/desc/runs/phase3x_20261009_desc_E2_constant_q_A10_03_t0/native,native,6.238322732784173,0.0,47.044061554056505,1.9508434874970358e-10,9.766055741877722e-10,provisional public CHEASE level 3; KIN6D inverse pending,2.670161430908034e-06,2.6710158103855235e-06,2.67029238274938e-06,2.66855171486086e-06,3.4931487433839544e-09,3.788107169153358e-09,3.492989535331989e-09,3.8026798167642584e-09,2.9178765370120617e-06,7.357618024900051e-06,0.0,32.77782209421082,923228.6309513622,3.945230106251888e-10,-1111790.4034944628,0.0,2.667093830344136e-06,
Solovev_inverse_A3,chease_public,0,1088,24.117244075983763,5.1630033581773205e-11,/home/ert/data/iter_tc24/phase1/chease_public/runs/phase3x_20261009_chease_public_Solovev_inverse_A3_00_t2/native,NOUT; delivered F profile,6.200005407,-3.360232923e-12,549.145619,8.720967741510172e-07,3.6319499852055515e-08,exact Solovev,0.0002597826746540625,0.0006138844067755835,0.001242150935414297,0.0022089683502125967,1.4074948370687384e-07,1.9541819406638766e-07,1.402134060838801e-07,2.2374817502938296e-07,0.008904592572880005,0.03249123032157118,0.00012921799674592283,32.85999638239271,881026.5750017362,0.0003015190568048962,-12787045.596958991,5.568101535402548e-12,9.489758682690308e-05,0.05902091542769182
Solovev_inverse_A3,chease_public,1,4224,34.11581685394049,-2.519751074459009e-10,/home/ert/data/iter_tc24/phase1/chease_public/runs/phase3x_20261009_chease_public_Solovev_inverse_A3_01_t1/native,NOUT; delivered F profile,6.200000636,7.654698839e-12,549.145601,1.0258064520426032e-07,3.541307691534712e-09,exact Solovev,3.06158278999702e-05,3.772180763631162e-05,7.774150135288626e-05,0.00016871702154514965,2.8678031497425618e-08,2.7696734448747277e-08,2.87502290028619e-08,3.150609219650498e-08,0.0015593289187427028,0.009127005043954636,3.009545183496609e-05,32.85999905686485,880891.3334473174,5.0075575776270714e-05,-12786203.4591602,5.610178988035841e-12,2.903266836296048e-05,0.010151167303764221
Solovev_inverse_A3,chease_public,2,16640,79.70660678204149,-1.2630385626266616e-10,/home/ert/data/iter_tc24/phase1/chease_public/runs/phase3x_20261009_chease_public_Solovev_inverse_A3_02_t1/native,NOUT; delivered F profile,6.200000097,-1.160495471e-11,549.145599,1.564516140748566e-08,1.0071388167887108e-10,exact Solovev,5.955552899680938e-06,5.9549042876639116e-06,9.251506268143857e-06,1.6082098588883913e-05,6.6104255690746635e-09,6.4595661304552006e-09,6.623139483015703e-09,6.728504113513669e-09,0.0003542560696016759,0.0016106133015143561,5.989132744854686e-06,32.85999978241326,880780.2072178364,1.1616957703814517e-05,-12785907.99080873,7.541745006278688e-13,5.923625037596025e-06,0.002315105401463795
Solovev_inverse_A3,chease_public,3,66048,221.85183623898774,-5.670519609424218e-11,/home/ert/data/iter_tc24/phase1/chease_public/runs/phase3x_20261009_chease_public_Solovev_inverse_A3_03_t1/native,NOUT; delivered F profile,6.200000014,-3.740124117e-11,549.145599,2.2580724743470094e-09,1.0071388167887108e-10,exact Solovev,2.474679502528754e-06,2.4730833743372255e-06,2.6083961774238484e-06,2.4792710373970806e-06,2.4230510944022415e-09,2.4314429612239907e-09,2.4229360669614566e-09,2.4668320405918124e-09,8.889825879483996e-05,0.00040385795737867333,2.4810425780508183e-06,32.860000079593156,880770.1958916171,2.8786117689152256e-06,-12785800.56705815,6.146416708929792e-12,2.478155031071516e-06,0.0005729331951504553
Solovev_inverse_A3,vmecpp,0,2310,1.7508328719995916,-8.881784197001252e-16,/home/ert/data/iter_tc24/phase1/vmecpp/runs/phase3x_20261009_vmecpp_Solovev_inverse_A3_00_t0/native,native,6.1899690261240465,0.0,549.1455990553063,0.0016178990122505874,4.440892098500626e-16,exact Solovev,0.0007237228229003388,0.0014915814352171083,0.0018691937735156715,0.004629229887939191,5.0950797523965235e-05,0.0004065566761285907,5.5311157481578186e-05,0.0006607338695821835,0.005597653541005782,0.025373172247943665,4.3362044423345125e-05,32.86003219369996,880380.0954083849,0.0010711453481390054,-12784612.056930142,0.0,9.543339678241836e-05,0.03906239919716597
Solovev_inverse_A3,vmecpp,1,4550,2.5479510580189526,4.440892098500626e-16,/home/ert/data/iter_tc24/phase1/vmecpp/runs/phase3x_20261009_vmecpp_Solovev_inverse_A3_01_t0/native,native,6.19540153359278,0.0,549.1455990553063,0.0007416881301967837,4.440892098500626e-16,exact Solovev,0.00021407506497837222,0.0005761593596808673,0.0006248657030257444,0.002361924617262691,1.314964028592151e-05,0.00011354350709934741,1.4317036012236989e-05,0.00018453033787578166,0.0022976743980891176,0.011580105921012902,1.0785136814406293e-05,32.85997930858065,880547.2166865937,0.000420356714530699,-12785499.84284543,0.0,2.5998267510596307e-05,0.015990689788678753
Solovev_inverse_A3,vmecpp,2,9030,5.780096402857453,-2.3314683517128287e-15,/home/ert/data/iter_tc24/phase1/vmecpp/runs/phase3x_20261009_vmecpp_Solovev_inverse_A3_02_t0/native,native,6.197932442114111,0.0,549.1455990553063,0.00033347707836917095,4.440892098500626e-16,exact Solovev,6.367856017245325e-05,0.0002799314436081721,0.00021560976066731054,0.0012666764011364064,4.000360377389179e-06,3.0392004270872497e-05,4.383006007824104e-06,5.240458147393917e-05,0.002049106908843074,0.030063576366475216,2.2728886389655756e-06,32.85999673051493,880664.8430823429,0.00020768902813743089,-12785744.42608685,0.0,6.869028475353645e-06,0.013688454704566724
Solovev_inverse_A3,vmecpp,3,17990,26.830310492077842,2.886579864025407e-15,/home/ert/data/iter_tc24/phase1/vmecpp/runs/phase3x_20261009_vmecpp_Solovev_inverse_A3_03_t0/native,native,6.199087469231139,0.0,549.1455990553063,0.00014718238207440812,4.440892098500626e-16,exact Solovev,1.9370188118243072e-05,0.0001348139393444257,8.403647111028222e-05,0.0005396870766592018,1.6912994467746793e-06,1.7089370476693338e-05,1.8893389542637353e-06,2.9238871994704586e-05,0.000878622943785522,0.012846955048986855,5.696264171461962e-07,32.85999822450268,880738.9336369422,0.00010157309688887173,-12785809.553997487,0.0,1.7752724060793312e-06,0.005875997573008957
Solovev_inverse_A3,desc,0,12,32.382819592021406,0.0,/home/ert/data/iter_tc24/phase1/desc/runs/phase3x_20261009_desc_Solovev_inverse_A3_00_t0/native,native,6.1274419011471775,0.0,549.1565251687705,0.011702919169810115,1.9896569293686994e-05,exact Solovev,0.02104364379463534,0.026163738426496778,0.04240283866952483,0.05903564012211434,0.0010594966146870994,0.001832403985397564,0.0012285540899916064,0.003880595873440894,0.10281159405275439,0.3943560264491368,3.005373727660299e-13,32.87581335673378,884297.2162963087,0.004337930275493052,-12842452.763016596,0.0,0.004428378971857327,0.7451640451407352
Solovev_inverse_A3,desc,1,27,31.874250947963446,0.0,/home/ert/data/iter_tc24/phase1/desc/runs/phase3x_20261009_desc_Solovev_inverse_A3_01_t0/native,native,6.185607384762475,0.0,549.1457681351224,0.002321389554439498,3.078961501312705e-07,exact Solovev,0.003225476846951117,0.004667503594699357,0.007977956906152795,0.01688941389092818,0.00014374484514243505,0.000628560702822609,0.0001703581600415039,0.0013374288039855267,0.03243082504413452,0.164118089395452,3.005373727660299e-13,32.86084115622724,883559.8490099668,0.0006772771290510025,-12829479.33182725,0.0,0.003413706564671548,0.2505166980804923
Solovev_inverse_A3,desc,2,48,56.3147756990511,0.0,/home/ert/data/iter_tc24/phase1/desc/runs/phase3x_20261009_desc_Solovev_inverse_A3_02_t0/native,native,6.198644312834867,0.0,549.1456019038651,0.00021865922018274398,5.187255514016442e-09,exact Solovev,0.00026949364211350016,0.0004335196515824842,0.0008564023663097598,0.0014013274041045339,1.4918051890381977e-05,8.385292394338211e-05,1.703119686457897e-05,0.00018312459343925689,0.004182305040036943,0.024612801849616936,3.005373727660299e-13,32.86005827710149,880907.2516357513,0.0001330343905418118,-12787656.915810145,0.0,0.0001427097932666932,0.02991755098357557
Solovev_inverse_A3,desc,3,75,60.98004129109904,0.0,/home/ert/data/iter_tc24/phase1/desc/runs/phase3x_20261009_desc_Solovev_inverse_A3_03_t0/native,native,6.199863677088835,0.0,549.1455991056664,2.1987566316908436e-05,9.170575410166748e-11,exact Solovev,2.1771643435788915e-05,4.032043684144001e-05,9.771523272570399e-05,0.0002472039091401091,1.5916896659924459e-06,5.96499109774345e-06,1.6714671545067435e-06,1.2984295198341714e-05,0.0005648471234649187,0.002799464201750254,3.005373727660299e-13,32.86000903139086,880783.1156549467,2.3064154194744092e-05,-12786181.724330308,0.0,2.7332753217645944e-05,0.0038887800197247467
Solovev_inverse_A3,desc,4,108,78.75426510698162,0.0,/home/ert/data/iter_tc24/phase1/desc/runs/phase3x_ref_20261009_desc_Solovev_inverse_A3_04_t0/native,native,6.2000073045584205,0.0,549.1455990562251,1.1781545839276242e-06,1.6726620089002608e-12,exact Solovev,2.39613317119832e-06,5.302560660080416e-06,1.4795940771858602e-05,3.5412226058289606e-05,2.632458360031559e-07,1.5907365282112898e-06,2.948544431276363e-07,3.47397522113138e-06,0.00011020870627741261,0.0006465780836316843,3.005373727660299e-13,32.86000053449522,880776.5092212087,3.4008820814417095e-06,-12785849.301445588,3.3306690738754696e-16,1.3334378692331228e-06,0.0007296917971249953
