case,code,level,path,psi_l2,psi_max,Bphi_l2,Bphi_max,bpol_l2,bpol_max,b_l2,b_max,bmod_l2,bmod_max,q_max_rel,s_pol_max_abs,s_tor_max_abs,rho_tor_max_abs,phi_edge_rel,consumer_bmod_l2,hamada_bmn_rel,jacobian_max_rel,covariant_identity_max,jacobian_geometry_max_rel
E1_constant_q_A10,chease_public,1,gpec,2.0768312805305875e-06,2.08048739766798e-06,4.304396684019927e-09,8.531859797047357e-09,2.2316466838988747e-06,4.055818974463171e-06,1.0711697493345259e-07,2.6215025035757566e-07,3.5375335327851197e-09,9.117923737557199e-09,1.5344550842177895e-06,1.534445515094518e-08,1.652701298038295e-08,1.3337848492334103e-08,2.9992800465450387e-09,2.993207362416333e-09,4.795458447413926e-09,1.9637716119902393e-08,,
E1_constant_q_A10,chease_public,1,neo2,2.082191010860879e-06,2.11334010849542e-06,1.521369402495116e-08,2.8409795740270256e-08,2.08048897029825e-06,2.1000901844599334e-06,1.0085254453442716e-07,1.3766397213298103e-07,1.577954760963848e-08,3.567974118815012e-08,1.5313335594013822e-06,1.0990270515875977e-07,1.089977893498073e-07,7.423852524390817e-08,1.2895184919869962e-09,6.053748387740275e-09,,3.133581871761493e-08,5.850006474911474e-08,0.0005603485231233662
E1_constant_q_A10,chease_public,3,gpec,5.56916794135984e-07,5.567360708911304e-07,4.309371291626333e-11,1.402323734835471e-10,9.194131418891768e-07,5.0441264279207985e-06,4.409543788751118e-08,3.2585813158206556e-07,2.5396645511198736e-09,2.180375401205235e-08,3.168324269609002e-09,1.207309574535742e-08,1.223181667064921e-08,6.334047730760517e-09,2.211019145548221e-10,1.4792299034467692e-09,2.8572332979659148e-09,2.3073807309259564e-09,,
E1_constant_q_A10,chease_public,3,neo2,5.665581892241007e-07,5.928820868941355e-07,1.2121108504468644e-08,2.1226880585072504e-08,5.666539101215268e-07,6.450306782613056e-07,2.9731916876203522e-08,4.239826011867979e-08,1.278723637031335e-08,2.1367458900171307e-08,2.0884531881648627e-09,1.1010197342731232e-07,1.107721687709784e-07,7.419365177785409e-08,1.1039655856137642e-09,7.225625096260044e-09,,2.4513238439105578e-08,3.641010626299294e-08,0.0005597828298569141
E2_constant_q_A10,chease_public,1,gpec,2.188363294964266e-05,2.1894196255707202e-05,2.2709435264699055e-08,2.4716356267898603e-08,2.186949625435155e-05,2.4168993853678242e-05,1.0560283287386879e-06,1.4922422763250634e-06,3.9750379353917385e-08,8.801806095272168e-08,1.9274769545107873e-05,4.897193472963579e-08,4.951048598877961e-08,4.3778799585503236e-08,2.6621273518934174e-08,3.994821381035009e-08,7.477141853943407e-08,3.9692370723543036e-08,,
E2_constant_q_A10,chease_public,1,neo2,2.1883609164639518e-05,2.1896526897033594e-05,2.6904617570720095e-08,4.754342081188751e-08,2.1886765186276676e-05,2.1822500915826622e-05,1.0494967917164401e-06,1.3473060468988234e-06,4.75163189464661e-08,8.581801392692324e-08,1.9264535261132032e-05,1.675551417612553e-07,1.6830266702516639e-07,8.507235893517873e-08,2.5950511406414023e-08,4.1053346178522505e-08,,7.231950738262327e-08,6.001521506038032e-08,0.0006520750378775642
E2_constant_q_A10,chease_public,3,gpec,2.668752104259319e-06,2.6680968042850962e-06,3.7384226607839754e-11,1.1552249536787016e-10,2.8494571887231172e-06,1.4256730571393841e-05,1.3756207970955963e-07,8.801527641604448e-07,7.995508687194534e-09,6.50946086378725e-08,4.279967713571864e-09,4.546051513010241e-08,4.578837009550085e-08,2.37107641298806e-08,3.182327068529389e-09,7.139787265813117e-09,1.1812188154945403e-08,1.3112447794227933e-09,,
E2_constant_q_A10,chease_public,3,neo2,2.674710955612871e-06,2.6908236603495353e-06,1.868772773291681e-08,3.5070035924456785e-08,2.6798249010919024e-06,2.7993522005271875e-06,1.2980780685028498e-07,1.747529316085272e-07,2.0132533725504782e-08,3.9235238354021096e-08,4.992894098165834e-09,1.342908076962246e-07,1.334641535066794e-07,9.951269397401319e-08,2.396318588004931e-09,7.131581232265212e-09,,5.2445525922095726e-08,5.00981615205827e-08,0.000651593837989406
Solovev_inverse_A3,chease_public,1,gpec,3.0344153421967055e-05,4.059271907452209e-05,2.865057671218583e-08,2.7557237712748684e-08,7.61921171291917e-05,0.0001682606988682771,1.1074062434772309e-05,2.3687894269298802e-05,8.573836189264182e-07,3.2606008810371423e-06,4.012852487167429e-05,1.8951843294867654e-05,1.82049666871964e-05,1.5524415246215284e-05,2.740375848464538e-08,8.460554038424861e-07,1.3625234967304128e-06,3.509554840075424e-07,,
Solovev_inverse_A3,chease_public,1,neo2,3.013980153835725e-05,3.690487144363497e-05,8.157141380429518e-07,2.667519117764727e-06,4.931152911186421e-05,0.0001005816322402245,6.716938345095342e-06,1.4162160591188247e-05,1.104131270519523e-06,4.675973780932435e-06,4.284104074769868e-05,1.8487646813114544e-05,2.449473694710047e-05,1.2371787735165896e-05,2.864980352956792e-08,7.013333182008239e-07,,1.0991293866835505e-05,3.9051434713398805e-05,0.00040305183446909254
Solovev_inverse_A3,chease_public,3,gpec,2.476593477928454e-06,2.4777891656752934e-06,2.4216480037847272e-09,2.4327148980625497e-09,2.8620046795331844e-06,6.109058695440361e-06,4.1598057097390107e-07,8.600396172199512e-07,7.419079315945356e-08,2.1680517515596943e-07,2.493681668269687e-06,3.1823338408898394e-08,3.2191121324132155e-08,2.494100870276128e-08,9.864868921738434e-10,6.444691127395035e-08,9.126027663883106e-08,9.107284915099711e-08,,
Solovev_inverse_A3,chease_public,3,neo2,2.4706623107953616e-06,2.477609346925013e-06,2.080737152991117e-08,1.2172313567667898e-07,2.4888468169310144e-06,4.114782780861523e-06,3.371843049974042e-07,5.918136648847352e-07,5.085913038791299e-08,1.0733843968804721e-07,2.5491827615464757e-06,4.57419307209328e-07,5.252985112447206e-07,3.0817616658573854e-07,7.871492346822606e-09,5.289762747336489e-08,,2.3492902134769622e-07,5.439341870031153e-07,0.0002195238050505255
