case,code,level,dof,path,reference,psi_l2,psi_max,Bphi_l2,Bphi_max,bpol_l2,bpol_max,b_l2,b_max,bmod_l2,bmod_max
E1_constant_q_A10,kin6d,3,7102,native,/home/ert/data/iter_tc24/phase1/kin6d/runs/kin6d-inverse-20261009-ccabcc5_kin6d_E1_constant_q_A10_03_t0/native/export_readback/samples.npz,0.0,0.0,0.0,0.0,0.0,0.0,0.0,0.0,0.0,0.0
E1_constant_q_A10,kin6d,3,7102,EQDSK_repo,/home/ert/data/iter_tc24/phase1/kin6d/runs/kin6d-inverse-20261009-ccabcc5_kin6d_E1_constant_q_A10_03_t0/native/export_readback/samples.npz,1.6245137948310777e-10,9.74919276205387e-10,8.191267965664091e-11,1.5350732703456512e-10,4.738516630687938e-08,3.242120803433878e-07,2.134554885077051e-09,2.007533923417985e-08,1.3414800837985854e-10,1.1285718967345527e-09
E1_constant_q_A10,kin6d,3,7102,EQDSK_libneo,/home/ert/data/iter_tc24/phase1/kin6d/runs/kin6d-inverse-20261009-ccabcc5_kin6d_E1_constant_q_A10_03_t0/native/export_readback/samples.npz,1.6523424368664126e-10,9.833241895989706e-10,8.410862289893879e-11,1.5968873400016324e-10,4.878676938368474e-08,3.267646138518195e-07,2.1976840801299577e-09,2.023339295492252e-08,1.3786007168800106e-10,1.132928784562268e-09
E1_constant_q_A10,kin6d,1,1489,native,/home/ert/data/iter_tc24/phase1/kin6d/runs/kin6d-inverse-20261009-ccabcc5_kin6d_E1_constant_q_A10_03_t0/native/export_readback/samples.npz,1.5262692739143026e-07,4.0948454588944543e-07,2.4533856816868554e-07,2.44210977182131e-07,3.0914599512561623e-06,3.1439679138365514e-05,2.818405399814487e-07,1.9618909420489134e-06,2.4557326430598645e-07,2.5581791418839207e-07
E1_constant_q_A10,kin6d,1,1489,EQDSK_repo,/home/ert/data/iter_tc24/phase1/kin6d/runs/kin6d-inverse-20261009-ccabcc5_kin6d_E1_constant_q_A10_03_t0/native/export_readback/samples.npz,1.5262579907970336e-07,4.167816422877517e-07,2.453436609191686e-07,2.441658035685256e-07,2.303013838083815e-06,1.2146936078350457e-05,2.661173992174449e-07,7.80860868653143e-07,2.455529902256876e-07,2.560364061964912e-07
E1_constant_q_A10,kin6d,1,1489,EQDSK_libneo,/home/ert/data/iter_tc24/phase1/kin6d/runs/kin6d-inverse-20261009-ccabcc5_kin6d_E1_constant_q_A10_03_t0/native/export_readback/samples.npz,1.5241755346527144e-07,4.2004427166552186e-07,2.453438361136688e-07,2.441635197516882e-07,2.335947813575e-06,1.192997311696574e-05,2.666985638373684e-07,7.679317038595933e-07,2.4556049384833947e-07,2.5782575079484626e-07
E2_constant_q_A10,kin6d,3,7102,native,/home/ert/data/iter_tc24/phase1/kin6d/runs/kin6d-inverse-20261009-ccabcc5_kin6d_E2_constant_q_A10_03_t0/native/export_readback/samples.npz,0.0,0.0,0.0,0.0,0.0,0.0,0.0,0.0,0.0,0.0
E2_constant_q_A10,kin6d,3,7102,EQDSK_repo,/home/ert/data/iter_tc24/phase1/kin6d/runs/kin6d-inverse-20261009-ccabcc5_kin6d_E2_constant_q_A10_03_t0/native/export_readback/samples.npz,1.0106840462931455e-09,5.559093768239039e-09,8.228104707819063e-11,1.6665163813657208e-10,2.6942593231164503e-07,1.3001671983503378e-06,1.2184401365180031e-08,7.624174741623499e-08,5.057234020806921e-10,4.438618561446335e-09
E2_constant_q_A10,kin6d,3,7102,EQDSK_libneo,/home/ert/data/iter_tc24/phase1/kin6d/runs/kin6d-inverse-20261009-ccabcc5_kin6d_E2_constant_q_A10_03_t0/native/export_readback/samples.npz,1.0082304403583878e-09,5.223844760389368e-09,8.515062976789295e-11,1.7033872763070934e-10,2.7316013846023415e-07,1.2724987287447731e-06,1.235328725647496e-08,7.461926965002883e-08,5.166045735322049e-10,4.486388857704542e-09
E2_constant_q_A10,kin6d,1,1489,native,/home/ert/data/iter_tc24/phase1/kin6d/runs/kin6d-inverse-20261009-ccabcc5_kin6d_E2_constant_q_A10_03_t0/native/export_readback/samples.npz,2.512071134554926e-07,8.424696740802492e-07,2.461756147023969e-07,2.4379691266828916e-07,7.29202853404569e-06,4.125624591938157e-05,4.1136700243340547e-07,2.429212459505536e-06,2.4703169691698153e-07,3.0371215457133785e-07
E2_constant_q_A10,kin6d,1,1489,EQDSK_repo,/home/ert/data/iter_tc24/phase1/kin6d/runs/kin6d-inverse-20261009-ccabcc5_kin6d_E2_constant_q_A10_03_t0/native/export_readback/samples.npz,2.4754381543752447e-07,8.582423982436604e-07,2.461704568120169e-07,2.43823900617845e-07,6.252874093506967e-06,2.8370042510180364e-05,3.747469860263366e-07,1.6768551126002745e-06,2.4679436490546303e-07,2.7678586712548695e-07
E2_constant_q_A10,kin6d,1,1489,EQDSK_libneo,/home/ert/data/iter_tc24/phase1/kin6d/runs/kin6d-inverse-20261009-ccabcc5_kin6d_E2_constant_q_A10_03_t0/native/export_readback/samples.npz,2.4797684992955405e-07,8.714341869399279e-07,2.461703144436426e-07,2.4382441082900775e-07,6.313989577829176e-06,2.790319071630538e-05,3.768367214386016e-07,1.649698672047355e-06,2.4679581547910685e-07,2.772143138754859e-07
Solovev_inverse_A3,kin6d,3,46558,native,exact Solovev,1.0210917051351095e-09,3.089867314914035e-09,9.682450020725958e-10,9.795331947690293e-10,7.818473861685276e-08,2.4819551889012957e-07,1.0778244089452248e-08,3.5088616009752334e-08,1.5090023235851274e-09,6.703242388156074e-09
Solovev_inverse_A3,kin6d,3,46558,EQDSK_repo,exact Solovev,9.376779271629677e-10,2.5051930397940573e-09,9.129641655277076e-10,9.12964090982932e-10,5.046277474938348e-08,1.7007596249311883e-07,6.987769282376456e-09,2.4059591697727982e-08,1.1147803437744932e-09,2.8021018310124353e-09
Solovev_inverse_A3,kin6d,3,46558,EQDSK_libneo,exact Solovev,9.41186679009022e-10,2.701288704259874e-09,9.129640614126896e-10,9.129638932701472e-10,5.331501029647469e-08,1.5558053409391997e-07,7.376288327585657e-09,2.199732329176857e-08,1.123921760706508e-09,2.670236539011805e-09
Solovev_inverse_A3,kin6d,1,2854,native,exact Solovev,2.6708312341820794e-07,6.745667683859442e-07,2.4686611502645266e-07,2.4226338166925543e-07,8.295393367087577e-06,4.321823183831164e-05,1.1649863283387569e-06,6.114073894114622e-06,2.75188375707079e-07,6.105723680643543e-07
Solovev_inverse_A3,kin6d,1,2854,EQDSK_repo,exact Solovev,2.682367488246004e-07,9.036800918839947e-07,2.468496583812691e-07,2.423040875682382e-07,7.1946166388559125e-06,3.5945496366959995e-05,1.0176972276170057e-06,5.0869045377553766e-06,2.662399521534323e-07,7.056028783045095e-07
Solovev_inverse_A3,kin6d,1,2854,EQDSK_libneo,exact Solovev,2.692721642970375e-07,9.110022390560817e-07,2.4684975273583395e-07,2.423136661595227e-07,7.369169225417776e-06,3.677594128780517e-05,1.0409788186698395e-06,5.204174774547466e-06,2.6736485327555317e-07,7.12783459259076e-07
