case,code,level,psi_l2,psi_max,bpol_l2,bpol_max,btor_l2,btor_max,F_l2,F_max,jphi_l2,jphi_max,psi_l2_log2_reduction,psi_l2_richardson,bpol_l2_log2_reduction,bpol_l2_richardson,btor_l2_log2_reduction,btor_l2_richardson,F_l2_log2_reduction,F_l2_richardson,jphi_l2_log2_reduction,jphi_l2_richardson
E1_constant_q_A10,chease_public,1,1.2074947828021963e-07,2.4143341951432066e-07,1.3307069747675873e-06,3.3522690838308862e-06,1.588751169436144e-08,3.0244371016213175e-08,1.594527437224223e-08,3.042525437066546e-08,1.5874411376752965e-05,9.311399019079518e-05,,,,,,,,,,
E1_constant_q_A10,chease_public,2,1.1080181844607596e-08,1.8149785058931316e-08,1.4889518618317818e-07,3.9138464495830815e-07,3.9653747506149035e-09,7.655198688739907e-09,3.981225914745974e-09,7.62820271596375e-09,3.990481197628765e-06,2.5145423476442254e-05,3.445963491881237,1.119460356724834e-09,3.15982390380593,1.8759143107785854e-08,2.002364066733467,1.3189075907286863e-09,2.001844277805453,1.3248157461543673e-09,1.992068466334394,1.3399557173940108e-06
E1_constant_q_A10,chease_public,3,6.285523464349837e-10,1.0470889311515952e-09,1.9089825012706396e-08,4.9634672160250715e-08,2.4847738796764465e-10,6.077883127893286e-10,2.4937803580901847e-10,6.396974017560516e-10,9.276006801853848e-07,5.144990157697595e-06,4.139804849773531,3.7800617815432524e-11,2.9634213285799746,2.80744505257499e-09,3.9962707411137655,1.661090051925729e-11,3.9968064302772772,1.666450690419868e-11,2.1049869433031936,2.8092608150402467e-07
E1_constant_q_A10,vmecpp,1,1.532308256250392e-05,2.9603423372450878e-05,3.3288860445859586e-05,5.34654487186867e-05,9.594357521191974e-08,3.993329421254762e-07,9.549605547111803e-08,4.3867362710511205e-07,5.989343531236429e-05,0.0002416311096928196,,,,,,,,,,
E1_constant_q_A10,vmecpp,2,4.544644977810382e-06,9.293317299714575e-06,1.0957158950653951e-05,2.1765098915104225e-05,2.519031684884291e-08,1.523357666225531e-07,2.5087405321306085e-08,1.6614672295292433e-07,2.484537152703606e-05,0.00010848204054791033,1.7534670527786618,1.9162144617015358e-06,1.603165709904378,5.376183820819537e-06,1.9293169319929724,8.96852071022421e-09,1.9284778759542738,8.938928731289955e-09,1.2694207679670824,1.7612741465474742e-05
E1_constant_q_A10,vmecpp,3,1.3420766649817623e-06,3.10074284484745e-06,3.710913770068942e-06,9.219361990452126e-06,6.2891581859188714e-09,3.111507147627655e-08,6.2744061077793475e-09,3.441463361844658e-08,1.1212071805991903e-05,5.51276288056057e-05,1.7597005106104813,5.624141622439628e-07,1.5620273917993548,1.9004161004355537e-06,2.0019304406374516,2.0926500535174787e-09,1.999412451907528,2.0926047760121455e-09,1.1479242264611191,9.220845778712957e-06
E1_constant_q_A10,desc,1,4.148818338528758e-05,4.845922193605313e-05,9.68759905508894e-05,0.0001843894967936193,1.875520534248458e-07,9.440223609285983e-07,1.8785216095576406e-07,9.402327073241675e-07,0.00030356763824756345,0.0008422588861766921,,,,,,,,,,
E1_constant_q_A10,desc,2,5.936832612843402e-08,8.313566342742748e-08,1.999850438376372e-07,3.673949066347976e-07,3.8416476245248645e-10,2.2758296247676213e-09,3.9256934009708653e-10,2.2666937020247405e-09,8.082345556624011e-07,3.511374775519975e-06,9.448791335613308,8.507600669386943e-11,8.920103236530577,4.136912520224519e-10,8.931350149441394,7.885036571437716e-13,8.902434494919046,8.221008349373904e-13,8.553028250925614,2.1576310727298264e-09
E1_constant_q_A10,desc,3,3.017818488525188e-10,6.926782794457364e-10,1.6393145149947273e-09,2.9131509843233015e-09,3.0993646752905748e-12,1.2387348023269175e-11,3.1359811787239013e-12,1.2554736475929783e-11,9.203153080036006e-09,3.260687391423298e-08,7.620043591820096,1.5418590237100933e-12,6.9306556267924,1.3548827535887959e-11,6.953608869222218,2.5208432585252976e-14,6.967886790793596,2.5253044527631592e-14,6.456501998626077,1.0600087348362438e-10
E2_constant_q_A10,chease_public,1,5.411032937660772e-07,8.948326235701834e-07,6.2101524605906346e-06,1.3564144720233536e-05,6.967850324850886e-08,7.567026688635596e-08,6.967831845960826e-08,7.566565812220508e-08,8.085165206380557e-05,0.0004251298930122111,,,,,,,,,,
E2_constant_q_A10,chease_public,2,3.5185653409265396e-08,6.052362265080098e-08,7.23430917718635e-07,1.679191931272614e-06,1.9788528521972785e-08,2.1380311815769947e-08,1.978764487160758e-08,2.1386747414519727e-08,1.869637037542516e-05,9.388643602659298e-05,3.942844813516328,2.447098316168213e-09,3.101701525574599,9.538524756940372e-08,1.8160492966464237,7.848988964443173e-09,1.816109895103485,7.848178054245205e-09,2.112519033649896,5.623886751371972e-06
E2_constant_q_A10,chease_public,3,3.4269399164209068e-09,5.374051481079035e-09,9.186262239946206e-08,2.0763247316898298e-07,2.713839085620314e-09,3.055380662813778e-09,2.714209714379598e-09,3.122917729562804e-09,4.97989727383548e-06,2.1948800990947276e-05,3.3599945017675408,3.6978567136873903e-10,2.9773053828392357,1.3361565893426457e-08,2.8662572521055147,4.3133566851063104e-10,2.8659958123060583,4.314851877077479e-10,1.9085703317752807,1.807999525408606e-06
E2_constant_q_A10,vmecpp,1,0.00010253623345873665,0.00017990687044879946,0.00022474902530063602,0.00039128474070276864,4.45766313333678e-07,2.581376805567226e-06,4.4710894921701755e-07,2.8265828926713972e-06,0.00040732747778745725,0.0013919935066179802,,,,,,,,,,
E2_constant_q_A10,vmecpp,2,3.111345293877112e-05,6.234666874215455e-05,7.659829739197945e-05,0.00017032415154211582,1.0852671687263841e-07,7.808291248262302e-07,1.0902213984404764e-07,8.650113322176521e-07,0.00017892415151548038,0.0006986879770983221,1.7205233905387647,1.355375619271106e-05,1.552930629272919,3.960357972029441e-05,2.0382373499688917,3.492486765715398e-08,2.0360052804407234,3.515613933066195e-08,1.186841001775147,0.000140163685520995
E2_constant_q_A10,vmecpp,3,9.200648568919882e-06,2.13183947232378e-05,2.6527265330767105e-05,7.231365872950407e-05,2.912953190355012e-08,3.0709910759017336e-07,2.9234089971097404e-08,3.4020786561209913e-07,7.822727018564532e-05,0.0003530426298873719,1.7577310447341106,3.863126446984391e-06,1.52983636739361,1.4053950497138608e-05,1.8974958225236078,1.068715004505893e-08,1.8988975549099503,1.0711278415741242e-08,1.1936046114451975,6.07715524044222e-05
E2_constant_q_A10,vmecpp,4,2.6043365666816727e-06,6.687935790826462e-06,9.261452826701403e-06,3.026161663192571e-05,9.25435599139166e-09,1.295546366683607e-07,9.272484914112354e-09,1.4352209219995337e-07,3.278694469231032e-05,0.000169088586108227,1.8208196580996836,1.0282365282682012e-06,1.51816552803357,4.9678813806774215e-06,1.6542780164350313,4.309048895663626e-09,1.65662376166953,4.3072175928235316e-09,1.2545501536597947,2.3657043178845408e-05
E2_constant_q_A10,desc,1,0.0002947749274156388,0.0004444092745554193,0.0007652879971237638,0.0016063128640842188,2.011146346128125e-06,4.782586580025734e-06,2.035112650614472e-06,5.7147209179864004e-06,0.002339761256448417,0.007866034807876236,,,,,,,,,,
E2_constant_q_A10,desc,2,2.1814866475436907e-06,4.118153665947405e-06,8.327557181824845e-06,1.2140988096803679e-05,1.576894876478896e-08,3.8108334567789915e-08,1.6111807815174824e-08,4.5489048538168855e-08,3.405822946780488e-05,0.00014619772389557446,7.0781583652529045,1.626449308268406e-08,6.521965606885169,9.16140460680901e-08,6.994787770345208,1.2461790209466883e-10,6.980846464892368,1.285736714766362e-10,6.102214080175012,5.030843004966947e-07
E2_constant_q_A10,desc,3,1.488822483024635e-08,3.316533958380498e-08,7.440448417119816e-08,1.2293219652123774e-07,1.4149090937256483e-10,4.396082162616194e-10,1.4566781422685342e-10,5.292424023271989e-10,3.4546811377439645e-07,1.4649474912297938e-06,7.19499608594133,1.0230748636766677e-10,6.806359973530613,6.707772735570444e-10,6.800233311459454,1.281057841927671e-12,6.7892924250898385,1.329007017373593e-12,6.623307069581685,3.540149570707617e-09
Solovev_inverse_A3,chease_public,1,0.00022739366943560856,0.0005214963895369726,0.0012219065619654699,0.0022873390666782786,1.1938662546910524e-07,2.165891762885683e-07,1.179084546699915e-07,2.165891763402369e-07,0.009209312566628065,0.03682982186952927,,,,,,,,,,
Solovev_inverse_A3,chease_public,2,4.744291633733188e-06,1.5932689969957856e-05,7.318266303421406e-05,0.00018158118258195522,2.2080975705502566e-08,2.150429522695002e-08,2.213920115057487e-08,2.49378701118258e-08,0.0016792775361673964,0.01039872437329529,5.5828555846916466,1.010930429185378e-07,4.061488242958782,4.662305862846707e-06,2.43476539691195,5.010700707425629e-09,2.4129920996510585,5.117970638522747e-09,2.4552527838194833,0.0003744966699449634
Solovev_inverse_A3,chease_public,3,1.7685344908992453e-07,4.5526049107774026e-07,7.249497738632062e-06,1.6870445423969694e-05,9.032670027622947e-09,8.797393252969664e-09,9.045295127058973e-09,9.163074982991532e-09,0.0003799016523544045,0.001853546195143894,4.745566435089512,6.847852382581374e-09,3.3355489640973497,7.970983529582335e-07,1.2895795109866472,6.252852273857548e-09,1.2913636857229691,6.248507037446088e-09,2.144142793855803,0.0001110727598222674
Solovev_inverse_A3,vmecpp,1,0.000520145366470451,0.0010779530064076962,0.0013537401410900266,0.0029355937139971446,4.315697144464677e-05,0.0002930113869100769,4.711897652349984e-05,0.0004761536361299677,0.004340191088161379,0.01990386006487846,,,,,,,,,,
Solovev_inverse_A3,vmecpp,2,0.0001542599088334042,0.0004056409778323908,0.00045974466990039714,0.0013583088822331966,1.2226620529504492e-05,9.421077315534718e-05,1.3466661692432505e-05,0.00015310308427265022,0.002063861439314359,0.01847907849709154,1.7535517102134681,6.503707369778985e-05,1.5580460773226246,0.00023642755283823075,1.8195679325448957,4.833124912893122e-06,1.8069159432081368,5.388959958588301e-06,1.0724124461158493,0.0018712246017821804
Solovev_inverse_A3,vmecpp,3,4.554569938595324e-05,0.00014512129081524017,0.00016500915185193086,0.0011337230336293767,3.4664169902632273e-06,2.754511038960836e-05,3.829201530357372e-06,4.749434452853446e-05,0.0012824518170430328,0.01721560888412796,1.759976423067247,1.9081321044406133e-05,1.478286806250767,9.238119781144329e-05,1.8185085761470903,1.3716629638295258e-06,1.8142767632187893,1.5214365728629951e-06,0.6864414929400773,0.002104763770705013
Solovev_inverse_A3,desc,1,0.01846229001430615,0.021594021165545343,0.03782731894513373,0.06847060384310102,0.0009978164898704403,0.0017863673817224114,0.0011618855533132451,0.0035161119199821067,0.09665355518458162,0.40885483137527867,,,,,,,,,,
Solovev_inverse_A3,desc,2,0.003015394449574998,0.004234398263182478,0.0075546685707421875,0.017858845202790363,0.00014250860993204835,0.0006163512954637715,0.0001711798465962509,0.0013457629446459681,0.033493072234188286,0.1867609064199673,2.6141628709044356,0.0005886363152016274,2.323988157611703,0.0018852996519273856,2.8077254263475706,2.374431988891246e-05,2.762883204099907,2.9577441294669533e-05,1.528960082863787,0.017760882046541863
Solovev_inverse_A3,desc,3,0.00025563286011667937,0.00040787378407469043,0.0008190317861513593,0.0013111892260196775,1.42985925861333e-05,7.790740849720537e-05,1.6382065995749627e-05,0.00017013808911774158,0.00435683375686096,0.025983306207166004,3.560201532825661,2.3678914664603402e-05,3.20537711638307,9.959163300801944e-05,3.317104030820286,1.5946472372171488e-06,3.385323643334863,1.733694664406753e-06,2.942510746166133,0.0006514911113078044
Solovev_inverse_A3,desc,4,2.0900497268957317e-05,3.639145255518424e-05,9.53023136647256e-05,0.0002633332402910229,1.5132031365221906e-06,6.2801871500622855e-06,1.56023057773852e-06,1.1178813925275714e-05,0.0005934458844888272,0.003447236980441249,3.612464125531697,1.8609738375661375e-06,3.1033362989766395,1.2549621557684299e-05,3.2401955721854367,1.7909378055357115e-07,3.3922861536515776,1.6423873205015856e-07,2.876091681968196,9.358004802059963e-05
