code,name,raw_root,wall_s,native_converged,ns,nt,dof,valid_points,total_points,readback_complete,psi_l2,psi_max,Bphi_l2,Bphi_max,bpol_l2,bpol_max,b_l2,b_max,bmod_l2,bmod_max,q_max,phi_edge_rel,volume_rel,axis_rel,reference,source_psi_l2,source_psi_max,source_Bphi_l2,source_Bphi_max,source_bpol_l2,source_bpol_max,source_b_l2,source_b_max,source_bmod_l2,source_bmod_max,current_A,current_target_A,current_rel,n,resolution,readback_failure
chease_public,reference,/home/ert/data/iter_tc24/phase1/chease_public/runs/tc24repin_ref_public_n16_20261009_01,5.530711616855115,True,16,32,2048,1200,1200,True,0.0019790933644339894,0.006210973664498148,5.94520554613307e-05,0.00019532875404630837,0.029568596042293043,0.1433365507603329,0.005100944716524273,0.03112856806594514,0.00021138673539086987,0.001747932000855966,0.01201154642764124,1.1606999185787004e-05,4.960203902992788e-05,0.00015567748087921623,/home/ert/data/iter_tc24/phase1/chease_public/runs/tc24repin_ref_public_n128_20261009_01,0.002125456917783997,0.005179967029168562,5.963462229258732e-05,0.00021195120501360293,0.02799632001543148,0.1224091013751508,0.004829002462227289,0.026568987005158147,0.00020618396788804548,0.0015424649214989118,-15541123.77,-15481528.84405147,0.0038494212392614635,,,
chease_public,reference,/home/ert/data/iter_tc24/phase1/chease_public/runs/tc24repin_ref_public_n32_20261009_01,9.734091769903898,True,32,64,8192,1200,1200,True,0.0001412250038751404,0.0005539168924190907,3.1240866971711945e-06,2.174579014809038e-05,0.004203118519581474,0.026427607198416986,0.0007250481334576087,0.005739311605126598,4.030398007587442e-05,0.00025351554442402117,0.0035793521210746304,8.787748038585619e-06,1.283226389880987e-05,1.332076059208414e-05,/home/ert/data/iter_tc24/phase1/chease_public/runs/tc24repin_ref_public_n128_20261009_01,0.00020335785466710433,0.0009399348351912911,4.211019920416448e-06,2.305973575996524e-05,0.007223365282862849,0.04549492093054555,0.0012458516425746307,0.00987470645163612,5.038809737062243e-05,0.00031549808530831504,-15491476.17,-15481528.84405147,0.0006425286577786959,,,
chease_public,reference,/home/ert/data/iter_tc24/phase1/chease_public/runs/tc24repin_ref_public_n64_20261009_01,36.43745898688212,True,64,128,32768,1200,1200,True,2.291601269307761e-05,0.0001483301616150182,4.947886295086912e-07,2.9058124292353014e-06,0.0011211497930016068,0.006689139456460896,0.00019339992927578037,0.0014526875731783614,1.1924783252265624e-05,9.57894540496702e-05,0.0007420784593571428,1.1929725374226763e-06,1.7517058656935092e-06,5.739262250557122e-07,/home/ert/data/iter_tc24/phase1/chease_public/runs/tc24repin_ref_public_n128_20261009_01,0.0003151096701482151,0.0011602312254489129,6.6977519182149515e-06,3.8002571200944243e-05,0.009542574273236586,0.05504733134211686,0.0016458618646888702,0.011948057797435874,4.4922415164869206e-05,0.0003446529022132489,-15485547.83,-15481528.84405147,0.00025959877664627484,,,
chease_public,reference,/home/ert/data/iter_tc24/phase1/chease_public/runs/tc24repin_ref_public_n128_20261009_01,190.93653823784553,True,128,256,131072,1200,1200,True,0.0,0.0,0.0,0.0,0.0,0.0,0.0,0.0,0.0,0.0,0.0,0.0,0.0,0.0,/home/ert/data/iter_tc24/phase1/chease_public/runs/tc24repin_ref_public_n128_20261009_01,0.0003108717566795458,0.0011596216553886411,6.455644068918018e-06,3.849413518430869e-05,0.009576700393369027,0.054556557955646796,0.0016517467603074931,0.011841535079222386,4.5973674419637495e-05,0.00035402216798072016,-15482088.37,-15481528.84405147,3.6141517686383295e-05,,,
chease_public,gfile_chease,/home/ert/data/iter_tc24/phase1/chease_public/runs/tc24repin_gfile_chease_public_n32_20261009_01,8.303294732002541,True,32,64,8192,1200,1200,True,0.0,0.0,0.0,0.0,0.0,0.0,0.0,0.0,0.0,0.0,0.0,0.0,0.0,0.0,/home/ert/data/iter_tc24/phase1/chease_public/runs/tc24repin_gfile_chease_public_n32_20261009_01,0.0002861391022504248,0.000540415758363463,6.732524109792983e-06,2.006918849052191e-05,0.00307796044159857,0.024867970258807885,0.0005310963302909521,0.005406566416752051,4.098333737206912e-05,0.0002825898684592076,-15493092.28,-15482830.960245667,0.0006627547494821862,,,
chease_public,jintrac,/home/ert/data/iter_tc24/phase1/chease_public/runs/tc24repin_jintrac_public_n32_20261009_01,8.247428289148957,True,32,64,8192,1200,1200,True,0.0,0.0,0.0,0.0,0.0,0.0,0.0,0.0,0.0,0.0,0.0,0.0,0.0,0.0,/home/ert/data/iter_tc24/phase1/chease_public/runs/tc24repin_jintrac_public_n32_20261009_01,0.031475176976014166,0.03199943184246579,0.0005693440108006562,0.0011907997786569573,0.04253067273686096,0.14153446282156096,0.00732205078425752,0.03263248939406444,0.0015040135440538061,0.006992635735960933,14705342.02,14699663.536103547,0.0003863002634383328,,,
chease_public,leonardo,/home/ert/data/iter_tc24/phase1/chease_public/runs/tc24repin_leonardo_public_n32_20261009_01,7.939853701973334,True,32,64,8192,1200,1200,True,0.0,0.0,0.0,0.0,0.0,0.0,0.0,0.0,0.0,0.0,0.0,0.0,0.0,0.0,/home/ert/data/iter_tc24/phase1/chease_public/runs/tc24repin_leonardo_public_n32_20261009_01,0.0010696835654314407,0.00102495749053363,2.805957250624875e-05,5.007994448268674e-05,0.0013825254955360687,0.006156017161825568,0.00024706701787262565,0.0013617310564535178,5.850053930274504e-05,0.00015460577539411503,-15222757.07,-15209305.373085368,0.0008844386107491609,,,
chease_mars,reference,/home/ert/data/iter_tc24/phase1/chease_mars/runs/tc24repin_ref_mars_n32_20261009_01,5.173483195016161,True,32,64,8192,1200,1200,True,0.00014055823500308404,0.0005475918252216909,4.3140856901903015e-06,2.3371365924505395e-05,0.004173159290069291,0.026154804258793015,0.0007198861520474238,0.005680066137606206,4.089937187892497e-05,0.0002563647894510082,0.0035653980281973308,4.205898809894748e-06,4.644427750488678e-05,1.3365155659623e-05,/home/ert/data/iter_tc24/phase1/chease_public/runs/tc24repin_ref_public_n128_20261009_01,0.00020444333688533498,0.0009470370312561588,3.868373269743186e-06,2.077199090707343e-05,0.007282307353450069,0.04584599775197105,0.0012560165087015269,0.009950905229458932,5.0730646850685236e-05,0.0003157820956945502,-15485983.85,-15481528.84405147,0.00028776266177632515,,,
chease_mars,reference,/home/ert/data/iter_tc24/phase1/chease_mars/runs/tc24repin_ref_mars_n16_20261009_01,2.2427208400331438,True,16,32,2048,1200,1200,True,0.001973655694503931,0.006168624744176172,8.258785067814335e-05,0.00020360088247934816,0.029463127131914645,0.14311820956685722,0.005083066082204632,0.031081168879545432,0.00024334748114407438,0.0018288896194998388,0.011998914280612283,5.7023858244908965e-05,0.00014338064332053424,0.00016188296482818902,/home/ert/data/iter_tc24/phase1/chease_public/runs/tc24repin_ref_public_n128_20261009_01,0.002120171424478904,0.005137610208348436,8.697351379823648e-05,0.00017628225055119984,0.027909988023130564,0.12221847004865523,0.004814517405378601,0.026527654153278006,0.00024248442194033096,0.0016280245690629869,-15497335.68,-15481528.84405147,0.001021012595574744,,,
chease_mars,reference,/home/ert/data/iter_tc24/phase1/chease_mars/runs/tc24repin_ref_mars_n64_20261009_01,32.380299393087626,True,64,128,32768,1200,1200,True,2.3152048094801058e-05,0.00015441069475606014,4.380683730706484e-07,3.129101321838416e-06,0.0011173819962889847,0.006520540287911608,0.00019274984996289586,0.0014160727060697077,1.1939335897210788e-05,9.574905854413453e-05,0.000748957007429385,1.6019426085644994e-07,1.2944600215725188e-05,5.409149785391501e-07,/home/ert/data/iter_tc24/phase1/chease_public/runs/tc24repin_ref_public_n128_20261009_01,0.00031519293487432785,0.0011600442256184452,6.606034726353543e-06,3.794435768994589e-05,0.009539642492549507,0.055012190421322577,0.0016453558522181505,0.011940430420074482,4.489278540514024e-05,0.000344238293489147,-15482654.22,-15481528.84405147,7.269152548605717e-05,,,
chease_mars,reference,/home/ert/data/iter_tc24/phase1/chease_mars/runs/tc24repin_ref_mars_n128_20261009_02,78.84009281988256,True,128,256,131072,1200,1200,True,3.4368343447706164e-07,3.002452730196075e-06,7.7108610187611e-09,6.685935454232166e-08,3.0516837682741746e-05,0.000262679577586397,5.264186542540456e-06,5.7046401155561584e-05,1.7744326127804182e-07,1.952140290453929e-06,1.2150485759754304e-06,7.973962079521613e-08,3.4774879655863344e-06,1.7763234595424428e-09,/home/ert/data/iter_tc24/phase1/chease_public/runs/tc24repin_ref_public_n128_20261009_01,0.00031085083390475796,0.0011595731816312477,6.457537444195225e-06,3.849621280648571e-05,0.009574506663128262,0.054551373440501434,0.0016513684082473808,0.011840409777003054,4.595994562976912e-05,0.0003540301267674919,-15481798.55,-15481528.84405147,1.7421144335783012e-05,,,
chease_mars,gfile_chease,/home/ert/data/iter_tc24/phase1/chease_mars/runs/tc24repin_gfile_chease_mars_n32_20261009_01,4.418979219859466,True,32,64,8192,1200,1200,True,6.620769275613498e-06,2.75525158798927e-05,2.726110913866047e-06,6.599573935676561e-06,0.00010491229074137378,0.0008055289094689739,1.8303299743682614e-05,0.00017534921004999304,2.777018510591442e-06,1.1130150816303965e-05,0.0001378764811452715,8.033392169370934e-06,4.968616244693802e-05,2.210250203037014e-06,/home/ert/data/iter_tc24/phase1/chease_public/runs/tc24repin_gfile_chease_public_n32_20261009_01,0.00028529631733313323,0.0005396416149601457,6.1039123202292e-06,1.8275148418877984e-05,0.003050162815410244,0.02426710730831973,0.0005262932152518724,0.005275934219416587,4.0927994523246636e-05,0.00028570018329634127,-15487660.96,-15482830.960245667,0.00031195843749354246,,,
chease_mars,jintrac,/home/ert/data/iter_tc24/phase1/chease_mars/runs/tc24repin_jintrac_mars_n32_20261009_01,4.346972196130082,True,32,64,8192,1200,1200,True,7.873583246746837e-06,2.1499494595376555e-05,3.078310731317188e-05,6.0356161442940406e-05,2.8796991987970584e-05,0.00017071446412572554,3.0729836995812045e-05,6.174375392692521e-05,3.009592225583395e-05,5.822323823316774e-05,0.00011940227099360712,2.0239776679087385e-05,0.00010591749760902047,1.7690832403840527e-06,/home/ert/data/iter_tc24/phase1/chease_public/runs/tc24repin_jintrac_public_n32_20261009_01,0.03147297819742072,0.03199408474460393,0.0005967079050347076,0.0012444744997714057,0.04253178937819678,0.14153841979351237,0.00732435621420569,0.03263341872787183,0.0015216870431036206,0.006985319773992059,14717960.34,14699663.536103547,0.001244709026945845,,,
chease_mars,leonardo,/home/ert/data/iter_tc24/phase1/chease_mars/runs/tc24repin_leonardo_mars_n32_20261009_01,4.1467084269970655,True,32,64,8192,1200,1200,True,1.41432984996205e-07,7.232316741456237e-07,1.0385090122270243e-06,1.4278491088102497e-06,5.844003369687826e-06,3.511723506123376e-05,1.455828010973556e-06,7.80323530774007e-06,1.003901958519568e-06,1.3545868033373006e-06,8.191726940676158e-05,5.817954890408039e-06,5.941136945020187e-05,8.959819642255333e-07,/home/ert/data/iter_tc24/phase1/chease_public/runs/tc24repin_leonardo_public_n32_20261009_01,0.0010696423193198676,0.001024946300683973,2.864673731745666e-05,5.079188089434702e-05,0.0013827426583362396,0.006164402566077058,0.00024717058028538225,0.0013635941435535006,5.933084755080276e-05,0.00015514140478102077,-15212125.96,-15209305.373085368,0.00018545139606596095,,,
kin6d,reference,/home/ert/data/iter_tc24/phase1/kin6d/runs/tc24repin_ref_kin6d_n32_20261009_01,287.6642703311518,True,,,907,1200,1200,True,0.0003452009151896908,0.0007793641876338169,6.1081162910456745e-06,1.4084733016977736e-05,0.004505034065341315,0.0133499353977454,0.0007771455876139083,0.0028992519950694893,0.00016716932843926903,0.0007185968477448878,0.011545039323855977,0.00019540580836752142,0.00013777714277152242,0.002598008104374244,/home/ert/data/iter_tc24/phase1/chease_public/runs/tc24repin_ref_public_n128_20261009_01,0.00036921299612008876,0.0011154482707198185,4.869512075126318e-06,3.4508343761011006e-05,0.010621105530488022,0.05458151119116138,0.0018318738252661557,0.011846950295697113,0.00017207769224531882,0.0007519781361032637,-15481528.84405147,-15481528.84405147,0.0,32,,
kin6d,reference,/home/ert/data/iter_tc24/phase1/kin6d/runs/tc24repin_ref_kin6d_n16_20261009_01,122.36878209700808,True,,,193,1200,1200,True,0.0014049262263168434,0.007684831028495012,1.6282393873913517e-05,0.0001244752564511888,0.010853920312477098,0.05476654342605037,0.0018723793927874662,0.011893728360950337,0.0002868076752103076,0.001516004097385629,0.02582849897488626,0.0006164939897781441,0.00047869797310740037,0.005541877543310448,/home/ert/data/iter_tc24/phase1/chease_public/runs/tc24repin_ref_public_n128_20261009_01,0.0013970955797166652,0.007687729363283768,1.525930301676479e-05,0.00012435230579243512,0.01474103229512075,0.055829950155257504,0.0025424933836360078,0.012117936821771745,0.0002899588460619474,0.0014684671939261228,-15481528.84405147,-15481528.84405147,0.0,16,,
kin6d,reference,/home/ert/data/iter_tc24/phase1/kin6d/runs/tc24repin_ref_kin6d_n24_20261009_01,141.30326167703606,True,,,487,1200,1200,True,0.0006260929510593112,0.0029301919661731827,8.8403967802034e-06,6.207997368815381e-05,0.00560650273791981,0.014815854780710867,0.0009671658038425393,0.0032175747337474404,0.000199088088009749,0.0008107436452340484,0.01583902027536732,0.00019296288872605594,0.00014094817985588204,0.004977534458803647,/home/ert/data/iter_tc24/phase1/chease_public/runs/tc24repin_ref_public_n128_20261009_01,0.0006332118786414845,0.0029054752755621857,8.085815604558015e-06,6.143575056636053e-05,0.01104817960863226,0.054361277153643466,0.0019055434855462156,0.011799148006851251,0.00020279485516611819,0.0008711259816719145,-15481528.84405147,-15481528.84405147,0.0,24,,
kin6d,reference,/home/ert/data/iter_tc24/phase1/kin6d/runs/tc24repin_ref_kin6d_n48_20261009_01,165.1429056059569,True,,,2080,1200,1200,True,0.00013033026482123916,0.0005186904588024831,1.9244593704315118e-06,5.012524584619479e-06,0.0029810240196329186,0.012298336006262848,0.0005142327320741914,0.002670843186696395,0.00011788716901037876,0.0006948037177807716,0.006852584344223311,6.0403199640068905e-05,4.75539428208549e-05,0.0016965484145225092,/home/ert/data/iter_tc24/phase1/chease_public/runs/tc24repin_ref_public_n128_20261009_01,0.00029920609482540344,0.0011370772534606956,5.331318663881484e-06,3.7105688477076996e-05,0.0100642184304139,0.05460800611098753,0.0017358267868143405,0.011852701492704933,0.00012522697657883604,0.0006417151550471347,-15481528.84405147,-15481528.84405147,0.0,48,,
kin6d,gfile_chease,/home/ert/data/iter_tc24/phase1/kin6d/runs/tc24repin_gfile_chease_kin6d_n16_20261009_01,109.50847906898707,True,,,193,1200,1200,True,0.0013815717352440612,0.0075382480427262566,1.6046962352304926e-05,0.0001222931387416118,0.011495573955524545,0.056946483484703436,0.001983913968033846,0.012396226617778363,0.00028222037356639913,0.0014436725261146779,0.02243458001813281,0.0004853406102169888,0.00039146735534245636,0.005541039369645071,/home/ert/data/iter_tc24/phase1/chease_public/runs/tc24repin_gfile_chease_public_n32_20261009_01,0.0013429390409584942,0.00760945039644742,1.4076017887123224e-05,0.00012123584913187782,0.011988439527222705,0.05695814379856645,0.0020684680704202265,0.012383334996210098,0.0002859826959793133,0.0015207998734909352,-15482830.960245667,-15482830.960245667,0.0,16,,
kin6d,reference,/home/ert/data/iter_tc24/phase1/kin6d/runs/tc24repin_ref_kin6d_n64_20261009_01,175.2219569340814,True,,,3667,1200,1200,True,5.758469320187689e-05,0.0002861789274513163,4.705929894423524e-07,3.352235202983721e-06,0.0019779647774475642,0.011788835179836485,0.0003412009606722524,0.0025601936902724214,7.819195112768717e-05,0.0006960543161601484,0.00574654443155076,6.948602608081167e-06,5.244470129062151e-06,0.00015875146986604267,/home/ert/data/iter_tc24/phase1/chease_public/runs/tc24repin_ref_public_n128_20261009_01,0.00031649792383774063,0.0011574344091972934,6.482169814858154e-06,3.8473807668841816e-05,0.009807674288564711,0.05463190336312723,0.0016915836270996064,0.011857888801955404,8.880923266812025e-05,0.0006429657873276719,-15481528.84405147,-15481528.84405147,0.0,64,,
kin6d,jintrac,/home/ert/data/iter_tc24/phase1/kin6d/runs/tc24repin_jintrac_kin6d_n16_20261009_01,146.56731682200916,True,,,193,1200,1200,True,0.0015359804312911043,0.005778398249687538,6.008019386695802e-05,0.00012471762904529761,0.011530942195388421,0.0567480971472668,0.0019197502881987626,0.011762766088151818,0.00026976972024312154,0.0014645438175300294,0.023278268070676678,0.0004657264716562137,0.00035693017568905194,0.005448910173437381,/home/ert/data/iter_tc24/phase1/chease_public/runs/tc24repin_jintrac_public_n32_20261009_01,0.031963168423064396,0.03090963894779416,0.0006022397915309503,0.0011746861782346676,0.04184297723993712,0.151710756767077,0.007206953525931537,0.03497877424149637,0.0015188360311879114,0.007448225325370262,14699663.536103547,14699663.536103547,0.0,16,,
kin6d,reference,/home/ert/data/iter_tc24/phase1/kin6d/runs/tc24repin_ref_kin6d_n96_20261009_01,230.49101070896722,True,,,8479,1200,1200,True,2.8669124861041993e-05,0.00016535798960703237,2.3752979019735512e-07,1.788824515826814e-06,0.0013677187428278001,0.00590958891645258,0.00023593278966070234,0.0012833916848542402,5.439494304044025e-05,0.00038617555442928476,0.0037651702200194315,9.745527975724144e-07,7.031338964402778e-07,0.000277718238970351,/home/ert/data/iter_tc24/phase1/chease_public/runs/tc24repin_ref_public_n128_20261009_01,0.00031090705434428696,0.0011582396998935586,6.412309145633587e-06,3.8484857322023384e-05,0.009708374281084163,0.054598323362763705,0.0016744567919196286,0.011850600268319468,6.985404632977716e-05,0.00038858913910015094,-15481528.84405147,-15481528.84405147,0.0,96,,
kin6d,leonardo,/home/ert/data/iter_tc24/phase1/kin6d/runs/tc24repin_leonardo_kin6d_n24_20261009_01,178.87693103495985,True,,,505,1200,1200,True,0.000597788017858243,0.001584454198221762,2.5147533844244552e-05,5.939701884306448e-05,0.005648129898692099,0.016964977452740924,0.0010023195741578623,0.003750116195132495,0.00019901293915259582,0.0008477458399123302,0.011412783486398848,0.0001374077132684226,0.00010430694137197882,0.004130050208135184,/home/ert/data/iter_tc24/phase1/chease_public/runs/tc24repin_leonardo_public_n32_20261009_01,0.001383341289379763,0.0016032046525749312,4.5985808827331636e-05,9.522425352365137e-05,0.005745871905432839,0.016563152674301813,0.0010213972387120708,0.0036637308100169732,0.00020889030755319514,0.0008168756079565478,-15209305.373085368,-15209305.373085368,0.0,24,,
vmecpp,reference,/home/ert/data/iter_tc24/phase1/vmecpp/runs/tc24repin_ref_vmecpp_l0_20261009_01,3.7430986729450524,True,,,1617,1200,1200,True,0.0011136749216136856,0.00414437725068134,0.0003780255707793829,0.0019361191310293586,0.00851256121720571,0.028786665914333754,0.0015148995711627977,0.006260019337006813,0.00038709446735852877,0.0018011790378778929,0.005585004811431871,0.0,6.778219496961224e-05,0.0007126923941465714,/home/ert/data/iter_tc24/phase1/chease_public/runs/tc24repin_ref_public_n128_20261009_01,0.001145133216947583,0.004137925661502673,0.00037887168378771647,0.0019364274797352456,0.012843285634453278,0.05453961978975573,0.002246353322711791,0.011838057934997034,0.00039214153088054854,0.0018082233393941808,-15367524.821070438,-15481528.84405147,0.007363873692928902,,"{'ns': 33, 'mpol': 17, 'tcon0': 0.0}",
vmecpp,reference,/home/ert/data/iter_tc24/phase1/vmecpp/runs/tc24repin_ref_vmecpp_l1_20261009_01,13.7533174471464,True,,,4745,1200,1200,True,0.00034217147380688495,0.0015358332272864146,0.00018649529020801334,0.0009085221812610531,0.0037146481768458627,0.01515969121036788,0.0006665917869243278,0.003303799362904024,0.0001986455040456406,0.0009791222831460962,0.0019187821017875306,6.661338147750939e-16,1.6389362229585203e-05,5.975627445737899e-05,/home/ert/data/iter_tc24/phase1/chease_public/runs/tc24repin_ref_public_n128_20261009_01,0.00045895558682208126,0.0015466976490414446,0.00018690333547715803,0.0009085026825387419,0.010328003260581357,0.054530519519075775,0.0017908033447125034,0.011835890037905935,0.00020462222602201323,0.0009919424948057513,-15413397.700611236,-15481528.84405147,0.004400802021979344,,"{'ns': 65, 'mpol': 25, 'tcon0': 0.0}",
vmecpp,reference,/home/ert/data/iter_tc24/phase1/vmecpp/runs/tc24repin_ref_vmecpp_l2_20261009_01,72.49572130315937,True,,,12513,1200,1200,True,0.00014221844983596625,0.0008345740962005465,8.310297751036149e-05,0.00040416509359358574,0.0019613626836988457,0.008241880647005857,0.00034809822330698014,0.0018133266731672655,8.847708179631558e-05,0.0004758760615304047,0.0005199651321243781,3.3306690738754696e-15,4.864995305942088e-06,0.0002031223197931565,/home/ert/data/iter_tc24/phase1/chease_public/runs/tc24repin_ref_public_n128_20261009_01,0.00034337904411944285,0.0011423140257853458,8.328044396522991e-05,0.0004045257489825572,0.00982574677621343,0.05455948584412775,0.001696672867861351,0.01184217210870544,9.860282490175521e-05,0.0004520642098013927,-15434974.464286415,-15481528.84405147,0.003007091885692037,,"{'ns': 129, 'mpol': 33, 'tcon0': 0.0}",
vmecpp,gfile_chease,/home/ert/data/iter_tc24/phase1/vmecpp/runs/tc24repin_gfile_chease_vmecpp_l0_20261009_01,3.629659101134166,True,,,1617,1200,1200,True,0.001076092507262095,0.003917105701104112,0.00037426986742931196,0.0018696546834053994,0.009218855207021162,0.03279196724348173,0.0016330997067732006,0.007138576675578866,0.00038605333872886275,0.001804038407850294,0.0034661357195466813,6.661338147750939e-16,7.292133135927692e-05,0.0007112995886257631,/home/ert/data/iter_tc24/phase1/chease_public/runs/tc24repin_gfile_chease_public_n32_20261009_01,0.0010901728601553438,0.0038923921561257245,0.00037546116361796467,0.001871686974127458,0.009665049909012471,0.054019578008815156,0.0017080745544505772,0.011745100580514,0.00038493173189252004,0.0018031587245701188,-15373425.029309073,-15482830.960245667,0.00706627432783502,,"{'ns': 33, 'mpol': 17, 'tcon0': 0.0}",
vmecpp,jintrac,/home/ert/data/iter_tc24/phase1/vmecpp/runs/tc24repin_jintrac_vmecpp_l0_20261009_01,3.7751347778830677,True,,,1617,1200,1200,True,0.000983964923286099,0.0032982231533002482,0.00038117520468128053,0.0019366511247036079,0.008612569191605243,0.02487157338151988,0.001481662485584767,0.005184853361654804,0.0003831408311860977,0.0018809177164830835,0.01045779483683762,2.220446049250313e-16,0.00012178986961963734,0.0004903411537348945,/home/ert/data/iter_tc24/phase1/chease_public/runs/tc24repin_jintrac_public_n32_20261009_01,0.03142540785376685,0.029989711914288526,0.0006112901224551696,0.001958874742740067,0.04342329817448214,0.15404997873825785,0.007478046352680554,0.0355196959086372,0.0014441514723068977,0.007285329274104286,14625024.114423951,14699663.536103547,0.005077627899187975,,"{'ns': 33, 'mpol': 17, 'tcon0': 0.0}",
vmecpp,leonardo,/home/ert/data/iter_tc24/phase1/vmecpp/runs/tc24repin_leonardo_vmecpp_l0_20261009_01,3.7266252520494163,True,,,1617,1200,1200,True,0.0011449021763792002,0.004324962080711629,0.0003966192637138399,0.0017908596526003463,0.009261317034276998,0.029733915374265014,0.0016887446015375219,0.00658012964651268,0.00040504001198322616,0.0018555459941315992,0.010382109843218412,4.440892098500626e-16,8.813562065002056e-05,0.00037394510584425603,/home/ert/data/iter_tc24/phase1/chease_public/runs/tc24repin_leonardo_public_n32_20261009_01,0.0015720402027715838,0.004339710073124992,0.00039347715020144784,0.0017939394978168741,0.009316673626648292,0.030175507490028782,0.0016992319786464695,0.006681959940856779,0.0003940892952082886,0.0018409407553847785,-15128362.207024142,-15209305.373085368,0.005321950219006388,,"{'ns': 33, 'mpol': 17, 'tcon0': 0.0}",
desc,reference,/home/ert/data/iter_tc24/phase1/desc/runs/tc24repin_ref_desc_l0_20261009_01,94.19449288886972,False,,,168,1194,1200,False,,,,,,,,,,,6.7145469184737294e-09,0.0,0.001248715174941184,0.04590475425776996,/home/ert/data/iter_tc24/phase1/chease_public/runs/tc24repin_ref_public_n128_20261009_01,,,,,,,,,,,-16356851.961094161,-15481528.84405147,0.05653983697992593,,"{'L': 12, 'M': 6, 'N': 0, 'cpu': 25, 'maxiter': 200, 'continuation': True, 'continuation_steps': [4]}",nonfinite physical coordinate inversion; no points omitted
desc,reference,/home/ert/data/iter_tc24/phase1/desc/runs/tc24repin_ref_desc_l1_20261009_01,124.40021676686592,False,,,296,1189,1200,False,,,,,,,,,,,6.7145469184737294e-09,0.0,0.0006995471976420919,0.05495280102291528,/home/ert/data/iter_tc24/phase1/chease_public/runs/tc24repin_ref_public_n128_20261009_01,,,,,,,,,,,4223204.1389635755,-15481528.84405147,1.2727898634240038,,"{'L': 16, 'M': 8, 'N': 0, 'cpu': 25, 'maxiter': 200, 'continuation': True, 'continuation_steps': [4]}",nonfinite physical coordinate inversion; no points omitted
desc,reference,/home/ert/data/iter_tc24/phase1/desc/runs/tc24repin_ref_desc_l2_20261009_01,207.58460625912994,False,,,460,1179,1200,False,,,,,,,,,,,6.7145469184737294e-09,0.0,0.0004601952395110187,0.08539818583126015,/home/ert/data/iter_tc24/phase1/chease_public/runs/tc24repin_ref_public_n128_20261009_01,,,,,,,,,,,-7650236.894172771,-15481528.84405147,0.5058474540056648,,"{'L': 20, 'M': 10, 'N': 0, 'cpu': 25, 'maxiter': 200, 'continuation': True, 'continuation_steps': [4]}",nonfinite physical coordinate inversion; no points omitted
desc,reference,/home/ert/data/iter_tc24/phase1/desc/runs/tc24repin_ref_desc_vmecseed_l0_20261009_01,69.60175359388813,False,,,168,1198,1200,False,,,,,,,,,,,6.7145469184737294e-09,0.0,0.0012487014012556585,0.007569086430625561,/home/ert/data/iter_tc24/phase1/chease_public/runs/tc24repin_ref_public_n128_20261009_01,,,,,,,,,,,-13921184.943513101,-15481528.84405147,0.10078745557083046,,"{'L': 12, 'M': 6, 'N': 0, 'cpu': 25, 'maxiter': 200, 'continuation': True, 'continuation_steps': [4], 'initial_guess': '/mnt/storage/data2/iter_tc24/phase1/vmecpp/runs/tc24repin_ref_vmecpp_l2_20261009_01/wout.nc'}",nonfinite physical coordinate inversion; no points omitted
desc,gfile_chease,/home/ert/data/iter_tc24/phase1/desc/runs/tc24repin_gfile_chease_desc_vmecseed_l0_20261009_01,61.18253416521475,True,,,168,1198,1200,False,,,,,,,,,,,1.5963583788192182e-09,0.0,0.0012437609679885053,0.007924633438268096,/home/ert/data/iter_tc24/phase1/chease_public/runs/tc24repin_gfile_chease_public_n32_20261009_01,,,,,,,,,,,-15277261.787393903,-15482830.960245667,0.013277234207335287,,"{'L': 12, 'M': 6, 'N': 0, 'cpu': 27, 'maxiter': 200, 'continuation': True, 'continuation_steps': [4], 'initial_guess': '/mnt/storage/data2/iter_tc24/phase1/vmecpp/runs/tc24repin_gfile_chease_vmecpp_l0_20261009_01/wout.nc'}",nonfinite physical coordinate inversion; no points omitted
desc,jintrac,/home/ert/data/iter_tc24/phase1/desc/runs/tc24repin_jintrac_desc_vmecseed_l0_20261009_01,66.60174264898524,False,,,168,1198,1200,False,,,,,,,,,,,9.907038744927377e-09,0.0,0.0012021250060366695,0.00845395773361356,/home/ert/data/iter_tc24/phase1/chease_public/runs/tc24repin_jintrac_public_n32_20261009_01,,,,,,,,,,,13477845.293971095,14699663.536103547,0.08311878970097297,,"{'L': 12, 'M': 6, 'N': 0, 'cpu': 27, 'maxiter': 200, 'continuation': True, 'continuation_steps': [4], 'initial_guess': '/mnt/storage/data2/iter_tc24/phase1/vmecpp/runs/tc24repin_jintrac_vmecpp_l0_20261009_01/wout.nc'}",nonfinite physical coordinate inversion; no points omitted
desc,reference,/home/ert/data/iter_tc24/phase1/desc/runs/tc24repin_ref_desc_vmecseed_l1_20261009_01,112.19729633396491,False,,,296,1200,1200,True,0.010446868402507066,0.021478169965713275,0.0018867689764370218,0.007636069920978865,0.04046259720124511,0.11414602143725078,0.007223021454497622,0.02500843387819183,0.0016994686090285086,0.003502536859729972,6.7145469184737294e-09,0.0,0.0006995506323616008,0.003614975862819165,/home/ert/data/iter_tc24/phase1/chease_public/runs/tc24repin_ref_public_n128_20261009_01,0.010418265015065601,0.021880848683237027,0.0018897421777232678,0.007635803373542276,0.041516743286864465,0.11418483263386135,0.007398558193810243,0.025003176896158778,0.0017072951557101132,0.003550209805555242,-13899702.414522402,-15481528.84405147,0.10217507879635923,,"{'L': 16, 'M': 8, 'N': 0, 'cpu': 25, 'maxiter': 200, 'continuation': True, 'continuation_steps': [4], 'initial_guess': '/mnt/storage/data2/iter_tc24/phase1/vmecpp/runs/tc24repin_ref_vmecpp_l2_20261009_01/wout.nc'}",
desc,leonardo,/home/ert/data/iter_tc24/phase1/desc/runs/tc24repin_leonardo_desc_vmecseed_l0_20261009_01,64.81556346593425,True,,,168,1198,1200,False,,,,,,,,,,,2.1866467525555322e-08,0.0,0.0013132251902555625,0.003041695093042653,/home/ert/data/iter_tc24/phase1/chease_public/runs/tc24repin_leonardo_public_n32_20261009_01,,,,,,,,,,,-15731778.5364228,-15209305.373085368,0.034352204161934186,,"{'L': 12, 'M': 6, 'N': 0, 'cpu': 27, 'maxiter': 200, 'continuation': True, 'continuation_steps': [4], 'initial_guess': '/mnt/storage/data2/iter_tc24/phase1/vmecpp/runs/tc24repin_leonardo_vmecpp_l0_20261009_01/wout.nc'}",nonfinite physical coordinate inversion; no points omitted
desc,reference,/home/ert/data/iter_tc24/phase1/desc/runs/tc24repin_ref_desc_vmecseed_l2_20261009_01,143.68891942501068,True,,,460,1200,1200,True,0.013132590652639317,0.019550431620083807,0.0011217631912781075,0.005000397099603511,0.03334347428819727,0.09112441171290564,0.005856949929239383,0.0203826475045738,0.0009182498526313506,0.003026136895922188,6.7145469184737294e-09,0.0,0.0004602269789263369,0.0020619736941895517,/home/ert/data/iter_tc24/phase1/chease_public/runs/tc24repin_ref_public_n128_20261009_01,0.013125367735249072,0.019729493115596755,0.0011238853797743327,0.005000131434864844,0.03469140819434384,0.09123729827621652,0.006084926351933683,0.0202338314223971,0.0009261457830847199,0.003025867889965561,-14156053.210258318,-15481528.84405147,0.08561658523166105,,"{'L': 20, 'M': 10, 'N': 0, 'cpu': 25, 'maxiter': 200, 'continuation': True, 'continuation_steps': [4], 'initial_guess': '/mnt/storage/data2/iter_tc24/phase1/vmecpp/runs/tc24repin_ref_vmecpp_l2_20261009_01/wout.nc'}",
