kind,producer,export,angular,cocos,build_source,code,name,raw_root,returncode,wall_s,psi_l2,psi_max,Bphi_l2,Bphi_max,bpol_l2,bpol_max,b_l2,b_max,bmod_l2,bmod_max,q_max_rel,s_pol_max_abs,s_tor_max_abs,rho_tor_max_abs,phi_edge_rel,consumer_bmod_l2,readback_complete,failure,covariant_identity_max,jacobian_geometry_max_rel,jacobian_native_max_rel,geometric_jacobian_native_max_rel,gpec_tolerance
gpec,/home/ert/data/iter_tc24/phase1/chease_public/runs/tc24repin_ref_public_n64_20261009_01,/home/ert/data/iter_tc24/phase1/chease_public/runs/tc24repin_export_public64_20261009_01,512,3,/home/ert/data/iter_tc24/phase1/gpec/runs/phase4bx_gpec_mars128_20261009,chease_public,reference,/home/ert/data/iter_tc24/phase1/gpec/runs/tc24repin_gpec_public64_20261009_01,0,5.677274244837463,6.250721465226981e-07,9.028475817907753e-06,2.1107284839973367e-08,3.4303481278030095e-07,9.846836448014037e-05,0.0014368926061917183,1.748718977177124e-05,0.00031137055269189843,1.601881432681659e-06,6.556663817881947e-05,3.7470712905829373e-06,8.573831297334356e-06,5.5711206388003864e-06,1.2899468504828926e-05,1.012642474318426e-06,5.906592106260019e-07,,,,,,,
gpec,/home/ert/data/iter_tc24/phase1/chease_public/runs/tc24repin_ref_public_n128_20261009_01,/home/ert/data/iter_tc24/phase1/chease_public/runs/tc24repin_export_public128_20261009_02,512,3,/home/ert/data/iter_tc24/phase1/gpec/runs/phase4bx_gpec_mars128_20261009,chease_public,reference,/home/ert/data/iter_tc24/phase1/gpec/runs/tc24repin_gpec_public128_20261009_01,0,2.323511523893103,5.625481500027596e-07,7.906889872190455e-06,1.9162353057224983e-08,3.4620120573699674e-07,8.747461619458765e-05,0.0015205863637701934,1.55348647477191e-05,0.00032942835029797616,1.998918291517902e-06,7.053872633777628e-05,3.1004928970901346e-05,7.509776781267075e-06,4.8151062629273045e-06,1.0030674231498171e-05,6.216889569810036e-08,8.31595651748217e-07,,,,,,,
gpec,/home/ert/data/iter_tc24/phase1/chease_mars/runs/tc24repin_ref_mars_n64_20261009_01,/home/ert/data/iter_tc24/phase1/chease_mars/runs/tc24repin_export_mars64_20261009_01,512,3,/home/ert/data/iter_tc24/phase1/gpec/runs/phase4bx_gpec_mars128_20261009,chease_mars,reference,/home/ert/data/iter_tc24/phase1/gpec/runs/tc24repin_gpec_mars64_20261009_01,0,2.4196725499350578,2.1859101052397954e-07,4.725317430055394e-06,6.68371513285384e-09,1.727572066028707e-07,6.265344234949527e-05,0.0014709948994977864,1.1126742065091932e-05,0.0003187623530448116,1.5895122863424083e-06,6.737761326030959e-05,5.126993979365224e-06,4.491937491371556e-06,2.90472435526129e-06,6.725553061331935e-06,2.300469108540426e-07,3.3118364829737043e-07,,,,,,,
gpec,/home/ert/data/iter_tc24/phase1/chease_mars/runs/tc24repin_ref_mars_n128_20261009_02,/home/ert/data/iter_tc24/phase1/chease_mars/runs/tc24repin_export_mars128_20261009_01,512,3,/home/ert/data/iter_tc24/phase1/gpec/runs/phase4bx_gpec_mars128_20261009,chease_mars,reference,/home/ert/data/iter_tc24/phase1/gpec/runs/tc24repin_gpec_mars128_20261009_01,0,2.4255699461791664,2.8153234807335904e-07,5.293563913260409e-06,8.827499465044872e-09,2.0907212807694029e-07,8.072032045429218e-05,0.00207183775335563,1.4335337283263814e-05,0.00044885514945943155,2.434851205049478e-06,9.672420529987797e-05,3.0426289991947186e-06,5.029724367722199e-06,3.219297972950619e-06,8.735379894181383e-06,1.1993768866958021e-08,3.535803491572618e-07,,,,,,,
gpec,/home/ert/data/iter_tc24/phase1/kin6d/runs/tc24repin_ref_kin6d_n32_20261009_01,/home/ert/data/iter_tc24/phase1/kin6d/runs/tc24repin_export_kin6d32_20261009_02,512,3,/home/ert/data/iter_tc24/phase1/gpec/runs/phase4bx_gpec_mars128_20261009,kin6d,reference,/home/ert/data/iter_tc24/phase1/gpec/runs/tc24repin_gpec_kin6d32_20261009_01,2,0.30116755282506347,,,,,,,,,,,,,,,,,,,,,,,
gpec,/home/ert/data/iter_tc24/phase1/kin6d/runs/tc24repin_ref_kin6d_n64_20261009_01,/home/ert/data/iter_tc24/phase1/kin6d/runs/tc24repin_export_kin6d64_20261009_01,512,3,/home/ert/data/iter_tc24/phase1/gpec/runs/phase4bx_gpec_mars128_20261009,kin6d,reference,/home/ert/data/iter_tc24/phase1/gpec/runs/tc24repin_gpec_kin6d64_20261009_01,2,0.1539983949624002,,,,,,,,,,,,,,,,,,,,,,,
gpec,/home/ert/data/iter_tc24/phase1/kin6d/runs/tc24repin_ref_kin6d_n96_20261009_01,/home/ert/data/iter_tc24/phase1/kin6d/runs/tc24repin_export_kin6d96_20261009_01,512,3,/home/ert/data/iter_tc24/phase1/gpec/runs/phase4bx_gpec_mars128_20261009,kin6d,reference,/home/ert/data/iter_tc24/phase1/gpec/runs/tc24repin_gpec_kin6d96_20261009_01,2,0.16242435318417847,,,,,,,,,,,,,,,,,,,,,,,
gpec,/home/ert/data/iter_tc24/phase1/chease_public/runs/tc24repin_gfile_chease_public_n32_20261009_01,/home/ert/data/iter_tc24/phase1/chease_public/runs/tc24repin_export_gfile_chease_public32_20261009_01,512,3,/home/ert/data/iter_tc24/phase1/gpec/runs/phase4bx_gpec_mars128_20261009,chease_public,gfile_chease,/home/ert/data/iter_tc24/phase1/gpec/runs/tc24repin_gpec_gfile_chease_public32_20261009_01,0,2.2268132569734007,2.1193320310526118e-06,2.9563853234593172e-05,7.961028180637347e-08,1.5745164972028794e-06,0.00035866623667016155,0.0060506714726188985,6.370460228542742e-05,0.0013157248566988422,6.809888982827237e-06,0.000276235336849811,7.106370618725766e-05,2.8086052722475774e-05,1.8980349415526065e-05,4.025406030602752e-05,6.29060253132252e-06,1.1548519895527222e-06,,,,,,,
gpec,/home/ert/data/iter_tc24/phase1/chease_mars/runs/tc24repin_gfile_chease_mars_n32_20261009_01,/home/ert/data/iter_tc24/phase1/chease_mars/runs/tc24repin_export_gfile_chease_mars32_20261009_01,512,3,/home/ert/data/iter_tc24/phase1/gpec/runs/phase4bx_gpec_mars128_20261009,chease_mars,gfile_chease,/home/ert/data/iter_tc24/phase1/gpec/runs/tc24repin_gpec_gfile_chease_mars32_20261009_01,0,2.2715433759149164,1.023046272939052e-06,2.345872384893902e-05,3.398342164510017e-08,8.570058717512799e-07,0.00027482987970370634,0.006027834551402328,4.881395724897083e-05,0.0013107083827916014,6.7867541778578505e-06,0.00027624660257594954,3.896333964870102e-05,2.2284905580607917e-05,1.4367911863225058e-05,3.326568310388356e-05,1.7437354205007694e-07,9.842207154561314e-07,,,,,,,
gpec,/home/ert/data/iter_tc24/phase1/chease_public/runs/tc24repin_jintrac_public_n32_20261009_01,/home/ert/data/iter_tc24/phase1/chease_public/runs/tc24repin_export_jintrac_public32_20261009_01,512,3,/home/ert/data/iter_tc24/phase1/gpec/runs/phase4bx_gpec_mars128_20261009,chease_public,jintrac,/home/ert/data/iter_tc24/phase1/gpec/runs/tc24repin_gpec_jintrac_public32_20261009_01,0,1.7144563859328628,2.724335228961429e-07,1.6270260771462624e-06,9.031591223001581e-09,8.257646011401803e-08,4.845672566504502e-05,0.0010654462967634528,8.348095892102378e-06,0.0002203028688743219,3.5269934938598523e-07,5.178444701072471e-06,3.763331015438354e-05,1.5454671203340986e-06,7.781010584739789e-05,0.0002129821752350214,8.214094075198464e-05,2.7897653128255785e-07,,,,,,,
gpec,/home/ert/data/iter_tc24/phase1/chease_mars/runs/tc24repin_jintrac_mars_n32_20261009_01,/home/ert/data/iter_tc24/phase1/chease_mars/runs/tc24repin_export_jintrac_mars32_20261009_01,512,3,/home/ert/data/iter_tc24/phase1/gpec/runs/phase4bx_gpec_mars128_20261009,chease_mars,jintrac,/home/ert/data/iter_tc24/phase1/gpec/runs/tc24repin_gpec_jintrac_mars32_20261009_01,0,1.8166479270439595,6.377859121222611e-08,6.897360940209129e-07,2.084660782135067e-09,2.851212016771112e-08,2.1283322160349646e-05,0.0004938853680612448,3.6667781484083784e-06,0.00010211968540275224,2.6975229200565923e-07,4.0484610327670285e-06,0.00011412421528633754,6.554427935540064e-07,7.947629482583235e-05,0.00021754690252778763,8.148398486595987e-05,1.545719973896895e-07,,,,,,,
gpec,/home/ert/data/iter_tc24/phase1/chease_public/runs/tc24repin_leonardo_public_n32_20261009_01,/home/ert/data/iter_tc24/phase1/chease_public/runs/tc24repin_export_leonardo_public32_20261009_01,512,3,/home/ert/data/iter_tc24/phase1/gpec/runs/phase4bx_gpec_mars128_20261009,chease_public,leonardo,/home/ert/data/iter_tc24/phase1/gpec/runs/tc24repin_gpec_leonardo_public32_20261009_01,0,1.6320574039127678,1.262389403860128e-07,1.1133298924946012e-06,4.28237130278404e-09,4.537287866009456e-08,2.878576601070663e-05,0.0005793694287512736,5.272367039488254e-06,0.0001277953058328063,2.925325182571249e-07,2.9034111121023356e-06,6.456774807406251e-05,1.0579938485716367e-06,1.1986514362120892e-05,3.32322383066741e-05,1.5566006327683013e-05,2.3453104849847954e-07,,,,,,,
gpec,/home/ert/data/iter_tc24/phase1/chease_mars/runs/tc24repin_leonardo_mars_n32_20261009_01,/home/ert/data/iter_tc24/phase1/chease_mars/runs/tc24repin_export_leonardo_mars32_20261009_01,512,3,/home/ert/data/iter_tc24/phase1/gpec/runs/phase4bx_gpec_mars128_20261009,chease_mars,leonardo,/home/ert/data/iter_tc24/phase1/gpec/runs/tc24repin_gpec_leonardo_mars32_20261009_01,0,1.776917302981019,2.6568409986652076e-08,3.88257577897292e-07,8.544691733581061e-10,1.4582715803055752e-08,1.0958652459663174e-05,0.00018715073440102176,2.0071755992890315e-06,4.128107074468139e-05,2.186037179688742e-07,1.8654685571967166e-06,1.7974278549770517e-05,3.691869407268511e-07,1.1454465845661677e-05,3.175729465373922e-05,1.0841390430837983e-05,1.0065513019638978e-07,,,,,,,
gpec,/home/ert/data/iter_tc24/phase1/kin6d/runs/tc24repin_gfile_chease_kin6d_n16_20261009_01,/home/ert/data/iter_tc24/phase1/kin6d/runs/tc24repin_export_gfile_chease_kin6d16_20261009_01,512,3,/home/ert/data/iter_tc24/phase1/gpec/runs/phase4bx_gpec_mars128_20261009,kin6d,gfile_chease,/home/ert/data/iter_tc24/phase1/gpec/runs/tc24repin_gpec_gfile_chease_kin6d16_20261009_01,2,0.1388506330549717,,,,,,,,,,,,,,,,,,,,,,,
gpec,/home/ert/data/iter_tc24/phase1/kin6d/runs/tc24repin_jintrac_kin6d_n16_20261009_01,/home/ert/data/iter_tc24/phase1/kin6d/runs/tc24repin_export_jintrac_kin6d16_20261009_01,512,3,/home/ert/data/iter_tc24/phase1/gpec/runs/phase4bx_gpec_mars128_20261009,kin6d,jintrac,/home/ert/data/iter_tc24/phase1/gpec/runs/tc24repin_gpec_jintrac_kin6d16_20261009_01,2,0.1544951950199902,,,,,,,,,,,,,,,,,,,,,,,
gpec,/home/ert/data/iter_tc24/phase1/kin6d/runs/tc24repin_leonardo_kin6d_n24_20261009_01,/home/ert/data/iter_tc24/phase1/kin6d/runs/tc24repin_export_leonardo_kin6d24_20261009_01,512,3,/home/ert/data/iter_tc24/phase1/gpec/runs/phase4bx_gpec_mars128_20261009,kin6d,leonardo,/home/ert/data/iter_tc24/phase1/gpec/runs/tc24repin_gpec_leonardo_kin6d24_20261009_01,2,0.1406818951945752,,,,,,,,,,,,,,,,,,,,,,,
gpec,/home/ert/data/iter_tc24/phase1/kin6d/runs/tc24repin_ref_kin6d_n96_20261009_01,/home/ert/data/iter_tc24/phase1/kin6d/runs/tc24repin_export_kin6d96_20261009_01,512,3,/home/ert/code/worktrees/_lanes/tc24-repin/gpec-reader,kin6d,reference,/home/ert/data/iter_tc24/phase1/gpec/runs/tc24repin_gpec_kin6d96_diagnostic_20261009_02,0,0.16080279392190278,,,,,,,,,,,,,,,,,False,GPEC program_stop returned zero without output; driver.log retains the 10000-step failure (I4 printed ****).,,,,,
gpec,/home/ert/data/iter_tc24/phase1/kin6d/runs/tc24repin_ref_kin6d_n96_20261009_01,/home/ert/data/iter_tc24/phase1/kin6d/runs/tc24repin_export_kin6d96_20261009_01,512,3,/home/ert/code/worktrees/_lanes/tc24-repin/gpec-reader-final,kin6d,reference,/home/ert/data/iter_tc24/phase1/gpec/runs/tc24repin_gpec_kin6d96_fixed_20261009_01,0,0.15985072101466358,,,,,,,,,,,,,,,,,False,consumer stopped before producing fields/profiles; see driver.log,,,,,
gpec,/home/ert/data/iter_tc24/phase1/kin6d/runs/tc24repin_ref_kin6d_n96_20261009_01,/home/ert/data/iter_tc24/phase1/kin6d/runs/tc24repin_export_kin6d96_g1025_20261009_03,512,3,/home/ert/code/worktrees/_lanes/tc24-repin/gpec-reader-final,kin6d,reference,/home/ert/data/iter_tc24/phase1/gpec/runs/tc24repin_gpec_kin6d96_g1025_fixed_20261009_01,0,0.26840696716681123,,,,,,,,,,,,,,,,,False,consumer stopped before producing fields/profiles; see driver.log,,,,,
neo2,/home/ert/data/iter_tc24/phase1/chease_public/runs/tc24repin_ref_public_n64_20261009_01,/home/ert/data/iter_tc24/phase1/chease_public/runs/tc24repin_export_public64_20261009_01,512,3,/home/ert/data/iter_tc24/phase1/neo-2/runs/phase4bx_neo2_mars128_20261009,chease_public,reference,/home/ert/data/iter_tc24/phase1/neo-2/runs/tc24repin_neo2_public64_20261009_01,0,7.635041379835457,5.360927162842388e-06,7.447448612899794e-05,4.736640081209669e-06,0.0001420813576325374,0.00034853038351875034,0.004909470959616365,6.0211263688627706e-05,0.0010644011217881256,4.89029469800919e-06,0.00012419784574225186,0.00023324674235880583,6.858309851764943e-05,0.00014340015758351754,7.243066676798637e-05,9.250660144566325e-07,2.9381827352118013e-06,,,7.655551558231708e-05,0.17925467548286123,,,
neo2,/home/ert/data/iter_tc24/phase1/chease_public/runs/tc24repin_ref_public_n128_20261009_01,/home/ert/data/iter_tc24/phase1/chease_public/runs/tc24repin_export_public128_20261009_02,512,3,/home/ert/data/iter_tc24/phase1/neo-2/runs/phase4bx_neo2_mars128_20261009,chease_public,reference,/home/ert/data/iter_tc24/phase1/neo-2/runs/tc24repin_neo2_public128_20261009_01,0,5.227602645987645,8.792579427876732e-06,0.00015254949177654086,1.017230201837253e-05,0.0003205060207777507,0.0005102539031085924,0.009513913920039961,8.845080454063399e-05,0.002065671354158345,9.731185804457944e-06,0.00029887517390804155,0.0004878225134451464,0.00014048163991442486,0.00029263340274876537,0.00014779115621377237,3.0565799891135725e-09,4.957123903033762e-06,,,0.00017343651611474446,0.2631971556626649,0.00028599641462645486,0.357603331884885,
neo2,/home/ert/data/iter_tc24/phase1/chease_mars/runs/tc24repin_ref_mars_n64_20261009_01,/home/ert/data/iter_tc24/phase1/chease_mars/runs/tc24repin_export_mars64_20261009_01,512,3,/home/ert/data/iter_tc24/phase1/neo-2/runs/phase4bx_neo2_mars128_20261009,chease_mars,reference,/home/ert/data/iter_tc24/phase1/neo-2/runs/tc24repin_neo2_mars64_20261009_01,0,5.124807846965268,5.396242598006519e-06,7.59520687611645e-05,4.738921733006668e-06,0.00014384689109631945,0.00034396277290826155,0.0048861049147091076,5.942713452031499e-05,0.0010593552756649033,4.873789418304443e-06,0.00012597790003738524,0.00022562967875550122,6.994424129547205e-05,0.00014520517205940386,7.334240387890656e-05,3.282114049429907e-07,2.903377404114281e-06,,,7.750329298997783e-05,0.18241306159414816,,,
neo2,/home/ert/data/iter_tc24/phase1/chease_mars/runs/tc24repin_ref_mars_n128_20261009_02,/home/ert/data/iter_tc24/phase1/chease_mars/runs/tc24repin_export_mars128_20261009_01,512,3,/home/ert/data/iter_tc24/phase1/neo-2/runs/phase4bx_neo2_mars128_20261009,chease_mars,reference,/home/ert/data/iter_tc24/phase1/neo-2/runs/tc24repin_neo2_mars128_20261009_01,0,5.172186878044158,8.84244394804084e-06,0.00014904700495696116,1.0148115199617906e-05,0.0003165742963966116,0.0005095333974890584,0.009681247763738956,8.832481910216746e-05,0.0021013557559311346,9.746354248273402e-06,0.00029667855967884676,0.00047585207666378526,0.00013725579240286834,0.0002858063713222503,0.00014434349333380947,4.596688518709868e-08,4.939652197218384e-06,,,0.00017131996240285963,0.26063459837965897,0.0002852757024578434,0.3528970567331162,
neo2,/home/ert/data/iter_tc24/phase1/kin6d/runs/tc24repin_ref_kin6d_n64_20261009_01,/home/ert/data/iter_tc24/phase1/kin6d/runs/tc24repin_export_kin6d64_20261009_01,512,3,/home/ert/data/iter_tc24/phase1/neo-2/runs/phase4bx_neo2_mars128_20261009,kin6d,reference,/home/ert/data/iter_tc24/phase1/neo-2/runs/tc24repin_neo2_kin6d64_20261009_01,0,4.92593732313253,4.2604226921494955e-05,0.0005374316992106377,1.4450998909172206e-05,0.0003300897469573072,0.0008835097549927656,0.01037684944787475,0.00015284969336948342,0.0022437673312875332,2.9529106509529113e-05,0.0004004427750114399,0.0026599884191432777,0.0004949174765119801,0.0010365343926910242,0.0005236674329903712,9.148126372426901e-06,2.584584521378961e-05,,,0.0004995365705668185,0.7669865329988266,,,
neo2,/home/ert/data/iter_tc24/phase1/kin6d/runs/tc24repin_ref_kin6d_n96_20261009_01,/home/ert/data/iter_tc24/phase1/kin6d/runs/tc24repin_export_kin6d96_20261009_01,512,3,/home/ert/data/iter_tc24/phase1/neo-2/runs/phase4bx_neo2_mars128_20261009,kin6d,reference,/home/ert/data/iter_tc24/phase1/neo-2/runs/tc24repin_neo2_kin6d96_20261009_01,0,4.929307035868987,4.1026228974964514e-05,0.0006094008272873305,1.6245620976374635e-05,0.0003903968623537721,0.0007027055856210855,0.01118281747470547,0.0001220889551091104,0.002440024211679035,2.1368850441749872e-05,0.0003021694486857115,0.0036107403642069436,0.0005611910517786534,0.001208388692933493,0.0006105167138986678,1.5217613932305696e-06,1.8090695054032207e-05,,,0.0005790757258174517,0.5841273522602866,,,
neo2,/home/ert/data/iter_tc24/phase1/chease_public/runs/tc24repin_gfile_chease_public_n32_20261009_01,/home/ert/data/iter_tc24/phase1/chease_public/runs/tc24repin_export_gfile_chease_public32_20261009_01,512,3,/home/ert/data/iter_tc24/phase1/neo-2/runs/phase4bx_neo2_mars128_20261009,chease_public,gfile_chease,/home/ert/data/iter_tc24/phase1/neo-2/runs/tc24repin_neo2_gfile_chease_public32_20261009_01,0,4.876035494031385,1.969857048286433e-05,0.0002285906922774622,4.283669057327026e-06,7.706766976149461e-05,0.0013480487598160182,0.011279059678186076,0.00023230006870785712,0.0024564641267373574,9.752889820075159e-06,0.00013489107306139297,0.0006620618164681069,0.00021051572908026284,0.00043052717525593476,0.00021742518396228316,6.280519000867457e-06,8.114888607298072e-06,,,5.339764905421326e-05,0.12162061930279477,,,
neo2,/home/ert/data/iter_tc24/phase1/chease_mars/runs/tc24repin_gfile_chease_mars_n32_20261009_01,/home/ert/data/iter_tc24/phase1/chease_mars/runs/tc24repin_export_gfile_chease_mars32_20261009_01,512,3,/home/ert/data/iter_tc24/phase1/neo-2/runs/phase4bx_neo2_mars128_20261009,chease_mars,gfile_chease,/home/ert/data/iter_tc24/phase1/neo-2/runs/tc24repin_neo2_gfile_chease_mars32_20261009_01,0,4.874051557853818,1.959076124759887e-05,0.00022846080389627774,4.3026440299863e-06,7.720859890270882e-05,0.0013631744984766842,0.011292831887232868,0.00023490574372309417,0.0024595504441052335,9.901172723250506e-06,0.0001350999727589763,0.0006525151749900981,0.0002103936322688238,0.0004372484040073843,0.00022081916587812778,1.6784211420706185e-07,8.171460201955992e-06,,,5.3894466587315255e-05,0.12221669017406156,,,
neo2,/home/ert/data/iter_tc24/phase1/chease_public/runs/tc24repin_jintrac_public_n32_20261009_01,/home/ert/data/iter_tc24/phase1/chease_public/runs/tc24repin_export_jintrac_public32_20261009_01,512,3,/home/ert/data/iter_tc24/phase1/neo-2/runs/phase4bx_neo2_mars128_20261009,chease_public,jintrac,/home/ert/data/iter_tc24/phase1/neo-2/runs/tc24repin_neo2_jintrac_public32_20261009_01,0,4.92870660405606,1.7634034870798896e-06,1.200411254643927e-05,1.5092463740531005e-07,1.8813615216582056e-06,0.00011314090325907294,0.0009918918220298489,1.8795151159523963e-05,0.00020482190743644152,7.374619447321562e-07,6.8237010472415396e-06,3.4429749736553106e-05,1.136282383706888e-05,7.744331414336753e-05,0.00017310151298738363,8.199986080137389e-05,6.592145412045147e-07,,,3.7200301658764974e-06,0.002517974240776044,,,
neo2,/home/ert/data/iter_tc24/phase1/chease_mars/runs/tc24repin_jintrac_mars_n32_20261009_01,/home/ert/data/iter_tc24/phase1/chease_mars/runs/tc24repin_export_jintrac_mars32_20261009_01,512,3,/home/ert/data/iter_tc24/phase1/neo-2/runs/phase4bx_neo2_mars128_20261009,chease_mars,jintrac,/home/ert/data/iter_tc24/phase1/neo-2/runs/tc24repin_neo2_jintrac_mars32_20261009_01,0,4.925114666111767,2.014150852277962e-06,2.0226170084141957e-05,2.9400473923690124e-07,4.688537734427388e-06,0.00011223056743262813,0.0009568052726750081,1.864593308552337e-05,0.00019757422898577994,7.356919250988227e-07,6.585511760775715e-06,0.00010171414094384268,1.854812880952572e-05,7.835529802122793e-05,0.00017513918421871444,8.085052370487844e-05,6.132631332774644e-07,,,1.554993656211494e-05,0.007748476257473658,,,
neo2,/home/ert/data/iter_tc24/phase1/chease_public/runs/tc24repin_leonardo_public_n32_20261009_01,/home/ert/data/iter_tc24/phase1/chease_public/runs/tc24repin_export_leonardo_public32_20261009_01,512,3,/home/ert/data/iter_tc24/phase1/neo-2/runs/phase4bx_neo2_mars128_20261009,chease_public,leonardo,/home/ert/data/iter_tc24/phase1/neo-2/runs/tc24repin_neo2_leonardo_public32_20261009_01,0,4.9270616949070245,1.0638509592230413e-06,1.2663041273676993e-05,3.2098808501718297e-07,3.919725449358391e-06,5.451246593587868e-05,0.0004838012454909206,9.64428907990925e-06,0.00010647465421927843,5.395831286094847e-07,3.579410245301089e-06,4.8860020680052685e-05,1.171642923958327e-05,2.5014577474280486e-05,2.7034437653949972e-05,1.5534388206339678e-05,4.768282326846363e-07,,,9.242801952318516e-06,0.005442034170060728,,,
neo2,/home/ert/data/iter_tc24/phase1/chease_mars/runs/tc24repin_leonardo_mars_n32_20261009_01,/home/ert/data/iter_tc24/phase1/chease_mars/runs/tc24repin_export_leonardo_mars32_20261009_01,512,3,/home/ert/data/iter_tc24/phase1/neo-2/runs/phase4bx_neo2_mars128_20261009,chease_mars,leonardo,/home/ert/data/iter_tc24/phase1/neo-2/runs/tc24repin_neo2_leonardo_mars32_20261009_01,0,5.074626898160204,9.156275565930283e-07,5.2981096080526925e-06,3.049026653260322e-07,3.928068377844354e-06,5.43328423866001e-05,0.0004707264899221619,9.612047947553251e-06,0.00010359724109756585,5.101267245372906e-07,3.594466641147725e-06,0.00011528395313331607,4.8776077176126975e-06,1.1491772625230046e-05,2.5694908456580512e-05,1.0739843952500827e-05,4.1930186467523496e-07,,,6.471812832660345e-06,0.003708099083380212,,,
neo2,/home/ert/data/iter_tc24/phase1/kin6d/runs/tc24repin_gfile_chease_kin6d_n16_20261009_01,/home/ert/data/iter_tc24/phase1/kin6d/runs/tc24repin_export_gfile_chease_kin6d16_20261009_01,512,3,/home/ert/data/iter_tc24/phase1/neo-2/runs/phase4bx_neo2_mars128_20261009,kin6d,gfile_chease,/home/ert/data/iter_tc24/phase1/neo-2/runs/tc24repin_neo2_gfile_chease_kin6d16_20261009_01,0,4.924880274105817,8.749802635684391e-05,0.0009761868643654038,0.06896069053250695,1.396672769242218,0.05237144994788262,0.9398683896346602,0.06852642192766933,1.3746901703073968,9.223597827325057e-05,0.0015843122893056088,0.002447504537629097,0.0008990513455906513,0.001553691315912098,0.0007850438935417259,0.0003583712278834028,6.790672847553185e-05,,,0.0033244140796339526,21.624470375266153,,,
neo2,/home/ert/data/iter_tc24/phase1/kin6d/runs/tc24repin_jintrac_kin6d_n16_20261009_01,/home/ert/data/iter_tc24/phase1/kin6d/runs/tc24repin_export_jintrac_kin6d16_20261009_01,512,3,/home/ert/data/iter_tc24/phase1/neo-2/runs/phase4bx_neo2_mars128_20261009,kin6d,jintrac,/home/ert/data/iter_tc24/phase1/neo-2/runs/tc24repin_neo2_jintrac_kin6d16_20261009_01,0,4.914009629981592,9.19991392810253e-05,0.0015142806537621592,0.06784020435970621,1.3950122956140794,0.06008409374403749,1.2704006862390143,0.06763819810289062,1.374971083071362,7.52621859252487e-05,0.001029474080512647,0.003947766462243152,0.0013934932048950133,0.0028071036833449137,0.0014188182055916432,0.00020440644504549077,5.488854015993419e-05,,,0.0034382158058814164,8.168818471808406,,,
neo2,/home/ert/data/iter_tc24/phase1/kin6d/runs/tc24repin_leonardo_kin6d_n24_20261009_01,/home/ert/data/iter_tc24/phase1/kin6d/runs/tc24repin_export_leonardo_kin6d24_20261009_01,512,3,/home/ert/data/iter_tc24/phase1/neo-2/runs/phase4bx_neo2_mars128_20261009,kin6d,leonardo,/home/ert/data/iter_tc24/phase1/neo-2/runs/tc24repin_neo2_leonardo_kin6d24_20261009_01,0,4.865228773094714,4.643375320436401e-05,0.0005861016400351659,0.03919888204175377,1.7801175431043905,0.02531640119094112,0.9179101298627811,0.03883998411081149,1.7493609483419617,5.129055968206789e-05,0.001240896365226696,0.0012041483658429275,0.0005395505965832825,0.0011573803550507522,0.0005847380503002375,6.273227905362333e-06,3.1610300761945606e-05,,,0.0019189767124986477,1.0161530212156058,,,
neo2,/home/ert/data/iter_tc24/phase1/kin6d/runs/tc24repin_ref_kin6d_n96_20261009_01,/home/ert/data/iter_tc24/phase1/kin6d/runs/tc24repin_export_kin6d96_g1025_20261009_03,512,3,/home/ert/data/iter_tc24/phase1/neo-2/runs/phase4bx_neo2_mars128_20261009,kin6d,reference,/home/ert/data/iter_tc24/phase1/neo-2/runs/tc24repin_neo2_kin6d96_g1025_20261009_01,0,4.829859339166433,5.780579442661089e-05,0.0007542670344158627,0.030335837155836664,1.0671594234345543,0.05594095177306728,1.5533862037838144,0.03139748293877473,1.09541000167599,2.440748107348576e-05,0.00038736763669156065,0.003622560470774472,0.0006946034077585095,0.0014880183124937885,0.0007518482497420598,1.6975776865324477e-06,1.9077267815876918e-05,True,,0.00046882137873537007,29.625461320491496,,,
neo2,/home/ert/data/iter_tc24/phase1/kin6d/runs/tc24repin_ref_kin6d_n96_20261009_01,/home/ert/data/iter_tc24/phase1/kin6d/runs/tc24repin_export_kin6d96_g1025_b1024m256_20261009_01,512,3,/home/ert/data/iter_tc24/phase1/neo-2/runs/phase4bx_neo2_mars128_20261009,kin6d,reference,/home/ert/data/iter_tc24/phase1/neo-2/runs/tc24repin_neo2_kin6d96_g1025_b1024m256_20261009_01,0,9.688881183043122,3.2628419813856306e-05,0.0007352975269797312,8.86129431002094e-06,0.00021593557367162415,0.0005554618948636549,0.008137355357863427,9.607135694485599e-05,0.0017681042045308703,1.2936588840957647e-05,0.0002130986592609752,0.0030962073210190066,0.0006771272704365616,0.0014497269025324222,0.0007324936568865459,8.270688981459884e-07,1.0342575392829606e-05,True,,0.00043085771019704704,0.3126938851194141,0.00046087709859121695,0.2381675431491268,
neo2,/home/ert/data/iter_tc24/phase1/chease_public/runs/tc24repin_ref_public_n128_20261009_01,/home/ert/data/iter_tc24/phase1/chease_public/runs/tc24repin_export_public128_20261009_02,1024,3,/home/ert/data/iter_tc24/phase1/neo-2/runs/phase4bx_neo2_mars128_20261009,chease_public,reference,/home/ert/data/iter_tc24/phase1/neo-2/runs/tc24cons_neo2_public128_a1024_20261010_01,0,5.6062990771606565,8.843712522587317e-06,0.0001533815286419796,1.021533276967672e-05,0.000321463771331549,0.0005124300164538937,0.009603115133557997,8.882798722901948e-05,0.0020849136683128216,9.788602431478477e-06,0.0003001213518367532,0.0004904344428302565,0.00014124785359148628,0.0002942284028789599,0.0001485966323553356,3.0565799891135725e-09,4.98870690358737e-06,True,,0.00017395010170790086,0.26378571423931907,,,
neo2,/home/ert/data/iter_tc24/phase1/chease_public/runs/tc24repin_ref_public_n128_20261009_01,/home/ert/data/iter_tc24/phase1/chease_public/runs/tc24cons_export_public128_b1024m256_20261010_01,1024,3,/home/ert/data/iter_tc24/phase1/neo-2/runs/phase4bx_neo2_mars128_20261009,chease_public,reference,/home/ert/data/iter_tc24/phase1/neo-2/runs/tc24cons_neo2_public128_b1024m256_20261010_01,0,12.186392115894705,1.2745487033311691e-06,5.8919705226695195e-06,6.466368233035793e-07,1.799203094416148e-05,0.00016179207075191617,0.002660393479656213,2.7872835521772683e-05,0.0005758813812111879,1.1944264252879406e-06,9.209348573870827e-06,2.995265283978199e-05,5.4357358539453005e-06,9.078466856160539e-06,7.758125684792505e-06,6.370170224645477e-08,1.1320228787193903e-06,True,,1.782407922540263e-05,0.02891954566774757,3.0869860199400634e-05,0.029779494910404436,
neo2,/home/ert/data/iter_tc24/phase1/chease_public/runs/tc24repin_ref_public_n128_20261009_01,/home/ert/data/iter_tc24/phase1/chease_public/runs/tc24cons_export_public128_b2048m512_20261010_01,2048,3,/home/ert/data/iter_tc24/phase1/neo-2/runs/phase4bx_neo2_mars128_20261009,chease_public,reference,/home/ert/data/iter_tc24/phase1/neo-2/runs/tc24cons_neo2_public128_b2048m512_20261010_01,0,40.74681421695277,7.316294537820307e-07,5.896810893245971e-06,1.8407183972471541e-07,4.243849521386348e-06,8.801257832138972e-05,0.0011219339525307204,1.5159549166178727e-05,0.00024274606213610874,8.566627975325764e-07,6.8019033019562986e-06,2.9406064173675972e-05,5.429574583049046e-06,6.81434037241857e-06,7.763794108328614e-06,5.699273097903301e-08,8.107588581215079e-07,True,,4.740737090088444e-06,0.017485425182878434,2.097070080264718e-05,0.017185178078889085,
neo2,/home/ert/data/iter_tc24/phase1/chease_public/runs/tc24repin_ref_public_n128_20261009_01,/home/ert/data/iter_tc24/phase1/chease_public/runs/tc24cons_export_public128_precision_20261010_01,2048,3,/home/ert/data/iter_tc24/phase1/neo-2/runs/phase4bx_neo2_mars128_20261009,chease_public,reference,/home/ert/data/iter_tc24/phase1/neo-2/runs/tc24cons_neo2_public128_precision_20261010_01,0,47.66111829993315,7.317880374954091e-07,5.8921925059999846e-06,1.832432498123849e-07,4.2714612833361035e-06,8.801179323063082e-05,0.0011219354366544681,1.5159404234374918e-05,0.00024274636705027931,8.534783385199892e-07,6.784468424910424e-06,2.9371484072782117e-05,5.425374023926288e-06,6.853611493884415e-06,7.757809127095783e-06,5.699273097903301e-08,8.105810049607685e-07,True,,4.7370978434593585e-06,0.017745040202400197,2.0944806436773433e-05,0.01743591070002537,
neo2,/home/ert/data/iter_tc24/phase1/chease_public/runs/tc24repin_ref_public_n128_20261009_01,/home/ert/data/iter_tc24/phase1/chease_public/runs/tc24cons_export_public128_native513_20261010_01,2048,3,/home/ert/data/iter_tc24/phase1/neo-2/runs/phase4bx_neo2_mars128_20261009,chease_public,reference,/home/ert/data/iter_tc24/phase1/neo-2/runs/tc24cons_neo2_public128_native513_20261010_01,0,41.22472852212377,5.835416831416444e-07,5.9166967318529695e-06,2.0656636256830936e-07,5.056682911993827e-06,6.923283231560496e-05,0.0010424589389284508,1.1925754833903719e-05,0.00022555049681263932,4.3067971816577e-07,5.178035860689923e-06,1.536518471545456e-05,5.448254098650018e-06,9.197701367869016e-06,5.106983514746588e-06,7.378721522677267e-08,3.8566718402299524e-07,True,,5.7959303846970784e-06,0.02071024591118542,1.4201366874910804e-05,0.020286632469213695,
neo2,/home/ert/data/iter_tc24/phase1/chease_public/runs/tc24repin_ref_public_n128_20261009_01,/home/ert/data/iter_tc24/phase1/chease_public/runs/tc24cons_export_public128_native1025_20261010_01,2048,3,/home/ert/data/iter_tc24/phase1/neo-2/runs/phase4bx_neo2_mars128_20261009,chease_public,reference,/home/ert/data/iter_tc24/phase1/neo-2/runs/tc24cons_neo2_public128_native1025_20261010_01,0,46.841046925866976,4.614484177711979e-06,8.805804046962254e-05,1.0191074424178342e-06,2.643939755085988e-05,6.131046931426325e-05,0.0013396088814386076,1.0607155557404953e-05,0.0002909916475337622,6.990691178067801e-07,1.3012010378872451e-05,0.00027376067436901685,8.109138771605906e-05,0.0001686948665147181,8.520010795320943e-05,6.208165537202603e-08,2.825902622182404e-07,True,,8.920810143694285e-05,0.030378473978095455,2.3146264409801276e-05,0.02948236545328209,
gpec,/home/ert/data/iter_tc24/phase1/kin6d/runs/tc24repin_ref_kin6d_n96_20261009_01,/home/ert/data/iter_tc24/phase1/kin6d/runs/tc24repin_export_kin6d96_g1025_b1024m256_20261009_01,512,3,/mnt/storage/codex-equilibrium-20261010/tc24_consumers/scratch/gpec-e8,kin6d,reference,/home/ert/data/iter_tc24/phase1/gpec/runs/tc24cons_gpec_kin96_etol8_20261010_01,0,2.2423490590881556,1.5352188781413488e-06,7.400866804824079e-06,1.8997877931065395e-08,9.084027269706095e-08,0.0009347175310432747,0.011418613765748178,0.00016599012689071742,0.002472249748730365,3.940915397777523e-05,0.0005223014578667435,0.0007720482136508444,7.030833393706359e-06,7.198066187907859e-05,3.676559915866129e-05,1.0188931691690328e-06,8.085824323085787e-06,True,,,,,,
gpec,/home/ert/data/iter_tc24/phase1/kin6d/runs/tc24repin_ref_kin6d_n96_20261009_01,/home/ert/data/iter_tc24/phase1/kin6d/runs/tc24repin_export_kin6d96_g1025_b1024m256_20261009_01,512,3,/mnt/storage/codex-equilibrium-20261010/tc24_consumers/scratch/gpec-optional,kin6d,reference,/home/ert/data/iter_tc24/phase1/gpec/runs/tc24cons_gpec_kin96_optional_etol8_20261010_01,0,1.688902870984748,1.5352188781413488e-06,7.400866804824079e-06,1.8997877931065395e-08,9.084027269706095e-08,0.0009347175310432747,0.011418613765748178,0.00016599012689071742,0.002472249748730365,3.940915397777523e-05,0.0005223014578667435,0.0007720482136508444,7.030833393706359e-06,7.198066187907859e-05,3.676559915866129e-05,1.0188931691690328e-06,8.085824323085787e-06,True,,,,,,1e-08
