code,coarse,fine,coarse_dof,fine_dof,psi_l2,bpol_l2,q_max,apparent_bpol_l2_order,apparent_psi_l2_order
chease_public,/home/ert/data/iter_tc24/phase1/chease_public/runs/tc24repin_ref_public_n16_20261009_01,/home/ert/data/iter_tc24/phase1/chease_public/runs/tc24repin_ref_public_n32_20261009_01,2048,8192,0.0020279926540464196,0.028684393947259194,0.00846248451847742,,
chease_public,/home/ert/data/iter_tc24/phase1/chease_public/runs/tc24repin_ref_public_n32_20261009_01,/home/ert/data/iter_tc24/phase1/chease_public/runs/tc24repin_ref_public_n64_20261009_01,8192,32768,0.00014520258395678764,0.004093736677618869,0.0028393807049765796,2.8087758249570918,3.8039133943118797
chease_public,/home/ert/data/iter_tc24/phase1/chease_public/runs/tc24repin_ref_public_n64_20261009_01,/home/ert/data/iter_tc24/phase1/chease_public/runs/tc24repin_ref_public_n128_20261009_01,32768,131072,2.291601269307761e-05,0.0011211497930016068,0.0007420784593571428,1.8684392619484202,2.663639179985501
chease_mars,/home/ert/data/iter_tc24/phase1/chease_mars/runs/tc24repin_ref_mars_n16_20261009_01,/home/ert/data/iter_tc24/phase1/chease_mars/runs/tc24repin_ref_mars_n32_20261009_01,2048,8192,0.002022471726592518,0.028598131780072183,0.008463692685627522,,
chease_mars,/home/ert/data/iter_tc24/phase1/chease_mars/runs/tc24repin_ref_mars_n32_20261009_01,/home/ert/data/iter_tc24/phase1/chease_mars/runs/tc24repin_ref_mars_n64_20261009_01,8192,32768,0.00014466294721431018,0.004059841504002127,0.0028185519950354454,2.8164255927746313,3.8053521802793493
chease_mars,/home/ert/data/iter_tc24/phase1/chease_mars/runs/tc24repin_ref_mars_n64_20261009_01,/home/ert/data/iter_tc24/phase1/chease_mars/runs/tc24repin_ref_mars_n128_20261009_02,32768,131072,2.3144018944169747e-05,0.0011157945486719092,0.0007491800415232452,1.8633519976895965,2.643984134672256
kin6d,/home/ert/data/iter_tc24/phase1/kin6d/runs/tc24repin_ref_kin6d_n16_20261009_01,/home/ert/data/iter_tc24/phase1/kin6d/runs/tc24repin_ref_kin6d_n24_20261009_01,193,487,0.0013173822700688065,0.010191476712973489,0.011125192884706037,,
kin6d,/home/ert/data/iter_tc24/phase1/kin6d/runs/tc24repin_ref_kin6d_n24_20261009_01,/home/ert/data/iter_tc24/phase1/kin6d/runs/tc24repin_ref_kin6d_n32_20261009_01,487,907,0.0005155816106593559,0.004804032262869648,0.005185943472014398,0.9057949712256659,1.3732252096570317
kin6d,/home/ert/data/iter_tc24/phase1/kin6d/runs/tc24repin_ref_kin6d_n32_20261009_01,/home/ert/data/iter_tc24/phase1/kin6d/runs/tc24repin_ref_kin6d_n48_20261009_01,907,2080,0.000278170463321067,0.004005827692846946,0.006313534681635868,1.3107325815798057,2.5509567908619837
kin6d,/home/ert/data/iter_tc24/phase1/kin6d/runs/tc24repin_ref_kin6d_n48_20261009_01,/home/ert/data/iter_tc24/phase1/kin6d/runs/tc24repin_ref_kin6d_n64_20261009_01,2080,3667,0.00011739985957326136,0.002457626239450192,0.002756468857382899,0.30683604856100516,1.3588588360161271
kin6d,/home/ert/data/iter_tc24/phase1/kin6d/runs/tc24repin_ref_kin6d_n64_20261009_01,/home/ert/data/iter_tc24/phase1/kin6d/runs/tc24repin_ref_kin6d_n96_20261009_01,3667,8479,5.267028672574566e-05,0.0017826463735415485,0.0019888626178315993,2.0749521286755925,3.5316526119797795
vmecpp,/home/ert/data/iter_tc24/phase1/vmecpp/runs/tc24repin_ref_vmecpp_l0_20261009_01,/home/ert/data/iter_tc24/phase1/vmecpp/runs/tc24repin_ref_vmecpp_l1_20261009_01,1617,4745,0.001208057723270506,0.009545182075858938,0.00367327091613312,,
vmecpp,/home/ert/data/iter_tc24/phase1/vmecpp/runs/tc24repin_ref_vmecpp_l1_20261009_01,/home/ert/data/iter_tc24/phase1/vmecpp/runs/tc24repin_ref_vmecpp_l2_20261009_01,4745,12513,0.0003737625475583987,0.004305018952169258,0.0015113931604162634,1.3442448604838677,2.0702636224122255
