run_tag,code,state,job,cases,raw_root,manifest,iter_tc24_revision
tc24repin_exact_mars_20261009_01,CHEASE-MARS,complete,local PID 1977822,E5_iter_tc24_modx03,/home/ert/data/iter_tc24/phase1/chease_mars/runs/tc24repin_exact_mars_20261009_01,/home/ert/data/iter_tc24/phase1/chease_mars/runs/tc24repin_exact_mars_20261009_01/manifest.json,b17dc82fc65e5a7ba10f4871e194c9f85e06227d
tc24repin_exact_public_20261009_01,CHEASE-public,aborted,local PID 1985620,E5_iter_tc24_modx03,/home/ert/data/iter_tc24/phase1/chease_public/runs/tc24repin_exact_public_20261009_01,/home/ert/data/iter_tc24/phase1/chease_public/runs/tc24repin_exact_public_20261009_01/manifest.json,b17dc82fc65e5a7ba10f4871e194c9f85e06227d
tc24repin_exact_public_20261009_02,CHEASE-public,complete,local PID 1988270,E5_iter_tc24_modx03,/home/ert/data/iter_tc24/phase1/chease_public/runs/tc24repin_exact_public_20261009_02,/home/ert/data/iter_tc24/phase1/chease_public/runs/tc24repin_exact_public_20261009_02/manifest.json,b17dc82fc65e5a7ba10f4871e194c9f85e06227d
tc24repin_exact_public_20261009_03,CHEASE-public,complete,local PID 2008062,E5_iter_tc24_modx03,/home/ert/data/iter_tc24/phase1/chease_public/runs/tc24repin_exact_public_20261009_03,/home/ert/data/iter_tc24/phase1/chease_public/runs/tc24repin_exact_public_20261009_03/manifest.json,b17dc82fc65e5a7ba10f4871e194c9f85e06227d
tc24repin_istar_mars_n64_20261009_01,CHEASE-MARS,complete,local PID 2046266,E5_iter_tc24_modx03,/home/ert/data/iter_tc24/phase1/chease_mars/runs/tc24repin_istar_mars_n64_20261009_01,/home/ert/data/iter_tc24/phase1/chease_mars/runs/tc24repin_istar_mars_n64_20261009_01/manifest.json,b17dc82fc65e5a7ba10f4871e194c9f85e06227d
tc24repin_ref_mars_n32_20261009_01,CHEASE-MARS,complete,local PID 2095261,E5_tc24_reference,/home/ert/data/iter_tc24/phase1/chease_mars/runs/tc24repin_ref_mars_n32_20261009_01,/home/ert/data/iter_tc24/phase1/chease_mars/runs/tc24repin_ref_mars_n32_20261009_01/manifest.json,b17dc82fc65e5a7ba10f4871e194c9f85e06227d
tc24repin_ref_public_n16_20261009_01,CHEASE-public,complete,local PID 2097334,E5_tc24_reference,/home/ert/data/iter_tc24/phase1/chease_public/runs/tc24repin_ref_public_n16_20261009_01,/home/ert/data/iter_tc24/phase1/chease_public/runs/tc24repin_ref_public_n16_20261009_01/manifest.json,b17dc82fc65e5a7ba10f4871e194c9f85e06227d
tc24repin_ref_public_n32_20261009_01,CHEASE-public,complete,local PID 2100773,E5_tc24_reference,/home/ert/data/iter_tc24/phase1/chease_public/runs/tc24repin_ref_public_n32_20261009_01,/home/ert/data/iter_tc24/phase1/chease_public/runs/tc24repin_ref_public_n32_20261009_01/manifest.json,b17dc82fc65e5a7ba10f4871e194c9f85e06227d
tc24repin_ref_public_n64_20261009_01,CHEASE-public,complete,local PID 2108232,E5_tc24_reference,/home/ert/data/iter_tc24/phase1/chease_public/runs/tc24repin_ref_public_n64_20261009_01,/home/ert/data/iter_tc24/phase1/chease_public/runs/tc24repin_ref_public_n64_20261009_01/manifest.json,b17dc82fc65e5a7ba10f4871e194c9f85e06227d
tc24repin_ref_public_n128_20261009_01,CHEASE-public,complete,local PID 2120244,E5_tc24_reference,/home/ert/data/iter_tc24/phase1/chease_public/runs/tc24repin_ref_public_n128_20261009_01,/home/ert/data/iter_tc24/phase1/chease_public/runs/tc24repin_ref_public_n128_20261009_01/manifest.json,b17dc82fc65e5a7ba10f4871e194c9f85e06227d
tc24repin_ref_mars_n16_20261009_01,CHEASE-MARS,complete,local PID 2125483,E5_tc24_reference,/home/ert/data/iter_tc24/phase1/chease_mars/runs/tc24repin_ref_mars_n16_20261009_01,/home/ert/data/iter_tc24/phase1/chease_mars/runs/tc24repin_ref_mars_n16_20261009_01/manifest.json,b17dc82fc65e5a7ba10f4871e194c9f85e06227d
tc24repin_ref_kin6d_n32_20261009_01,kin6d-GS,complete,local PID 2095888,E5_tc24_reference,/home/ert/data/iter_tc24/phase1/kin6d/runs/tc24repin_ref_kin6d_n32_20261009_01,/home/ert/data/iter_tc24/phase1/kin6d/runs/tc24repin_ref_kin6d_n32_20261009_01/manifest.json,b17dc82fc65e5a7ba10f4871e194c9f85e06227d
tc24repin_ref_vmecpp_l0_20261009_01,VMEC++,complete,local PID 2126122,E5_tc24_reference,/home/ert/data/iter_tc24/phase1/vmecpp/runs/tc24repin_ref_vmecpp_l0_20261009_01,/home/ert/data/iter_tc24/phase1/vmecpp/runs/tc24repin_ref_vmecpp_l0_20261009_01/manifest.json,b17dc82fc65e5a7ba10f4871e194c9f85e06227d
tc24repin_ref_mars_n64_20261009_01,CHEASE-MARS,complete,local PID 2125604,E5_tc24_reference,/home/ert/data/iter_tc24/phase1/chease_mars/runs/tc24repin_ref_mars_n64_20261009_01,/home/ert/data/iter_tc24/phase1/chease_mars/runs/tc24repin_ref_mars_n64_20261009_01/manifest.json,b17dc82fc65e5a7ba10f4871e194c9f85e06227d
tc24repin_ref_mars_n128_20261009_01,CHEASE-MARS,complete,local PID 2126545,E5_tc24_reference,/home/ert/data/iter_tc24/phase1/chease_mars/runs/tc24repin_ref_mars_n128_20261009_01,/home/ert/data/iter_tc24/phase1/chease_mars/runs/tc24repin_ref_mars_n128_20261009_01/manifest.json,b17dc82fc65e5a7ba10f4871e194c9f85e06227d
tc24repin_ref_vmecpp_l1_20261009_01,VMEC++,complete,local PID 2126320,E5_tc24_reference,/home/ert/data/iter_tc24/phase1/vmecpp/runs/tc24repin_ref_vmecpp_l1_20261009_01,/home/ert/data/iter_tc24/phase1/vmecpp/runs/tc24repin_ref_vmecpp_l1_20261009_01/manifest.json,b17dc82fc65e5a7ba10f4871e194c9f85e06227d
tc24repin_ref_desc_l0_20261009_01,DESC,complete,local PID 2126044,E5_tc24_reference,/home/ert/data/iter_tc24/phase1/desc/runs/tc24repin_ref_desc_l0_20261009_01,/home/ert/data/iter_tc24/phase1/desc/runs/tc24repin_ref_desc_l0_20261009_01/manifest.json,b17dc82fc65e5a7ba10f4871e194c9f85e06227d
tc24repin_ref_vmecpp_l2_20261009_01,VMEC++,complete,local PID 2126728,E5_tc24_reference,/home/ert/data/iter_tc24/phase1/vmecpp/runs/tc24repin_ref_vmecpp_l2_20261009_01,/home/ert/data/iter_tc24/phase1/vmecpp/runs/tc24repin_ref_vmecpp_l2_20261009_01/manifest.json,b17dc82fc65e5a7ba10f4871e194c9f85e06227d
tc24repin_ref_mars_n128_20261009_02,CHEASE-MARS,complete,local PID 2129124,E5_tc24_reference,/home/ert/data/iter_tc24/phase1/chease_mars/runs/tc24repin_ref_mars_n128_20261009_02,/home/ert/data/iter_tc24/phase1/chease_mars/runs/tc24repin_ref_mars_n128_20261009_02/manifest.json,b17dc82fc65e5a7ba10f4871e194c9f85e06227d
tc24repin_gfile_chease_public_n32_20261009_01,CHEASE-public,complete,local PID 2131293,E5_tc24_gfile_chease,/home/ert/data/iter_tc24/phase1/chease_public/runs/tc24repin_gfile_chease_public_n32_20261009_01,/home/ert/data/iter_tc24/phase1/chease_public/runs/tc24repin_gfile_chease_public_n32_20261009_01/manifest.json,b17dc82fc65e5a7ba10f4871e194c9f85e06227d
tc24repin_gfile_chease_mars_n32_20261009_01,CHEASE-MARS,complete,local PID 2131520,E5_tc24_gfile_chease,/home/ert/data/iter_tc24/phase1/chease_mars/runs/tc24repin_gfile_chease_mars_n32_20261009_01,/home/ert/data/iter_tc24/phase1/chease_mars/runs/tc24repin_gfile_chease_mars_n32_20261009_01/manifest.json,b17dc82fc65e5a7ba10f4871e194c9f85e06227d
tc24repin_jintrac_public_n32_20261009_01,CHEASE-public,complete,local PID 2131654,E5_tc24_jintrac,/home/ert/data/iter_tc24/phase1/chease_public/runs/tc24repin_jintrac_public_n32_20261009_01,/home/ert/data/iter_tc24/phase1/chease_public/runs/tc24repin_jintrac_public_n32_20261009_01/manifest.json,b17dc82fc65e5a7ba10f4871e194c9f85e06227d
tc24repin_jintrac_mars_n32_20261009_01,CHEASE-MARS,complete,local PID 2131920,E5_tc24_jintrac,/home/ert/data/iter_tc24/phase1/chease_mars/runs/tc24repin_jintrac_mars_n32_20261009_01,/home/ert/data/iter_tc24/phase1/chease_mars/runs/tc24repin_jintrac_mars_n32_20261009_01/manifest.json,b17dc82fc65e5a7ba10f4871e194c9f85e06227d
tc24repin_leonardo_public_n32_20261009_01,CHEASE-public,complete,local PID 2132031,E5_tc24_leonardo,/home/ert/data/iter_tc24/phase1/chease_public/runs/tc24repin_leonardo_public_n32_20261009_01,/home/ert/data/iter_tc24/phase1/chease_public/runs/tc24repin_leonardo_public_n32_20261009_01/manifest.json,b17dc82fc65e5a7ba10f4871e194c9f85e06227d
tc24repin_leonardo_mars_n32_20261009_01,CHEASE-MARS,complete,local PID 2132251,E5_tc24_leonardo,/home/ert/data/iter_tc24/phase1/chease_mars/runs/tc24repin_leonardo_mars_n32_20261009_01,/home/ert/data/iter_tc24/phase1/chease_mars/runs/tc24repin_leonardo_mars_n32_20261009_01/manifest.json,b17dc82fc65e5a7ba10f4871e194c9f85e06227d
tc24repin_ref_desc_l1_20261009_01,DESC,complete,local PID 2128941,E5_tc24_reference,/home/ert/data/iter_tc24/phase1/desc/runs/tc24repin_ref_desc_l1_20261009_01,/home/ert/data/iter_tc24/phase1/desc/runs/tc24repin_ref_desc_l1_20261009_01/manifest.json,b17dc82fc65e5a7ba10f4871e194c9f85e06227d
tc24repin_ref_kin6d_n16_20261009_01,kin6d-GS,complete,local PID 2129039,E5_tc24_reference,/home/ert/data/iter_tc24/phase1/kin6d/runs/tc24repin_ref_kin6d_n16_20261009_01,/home/ert/data/iter_tc24/phase1/kin6d/runs/tc24repin_ref_kin6d_n16_20261009_01/manifest.json,b17dc82fc65e5a7ba10f4871e194c9f85e06227d
tc24repin_export_public128_20261009_01,CHEASE-public,aborted,local PID 2134079,E5_tc24_reference,/home/ert/data/iter_tc24/phase1/chease_public/runs/tc24repin_export_public128_20261009_01,/home/ert/data/iter_tc24/phase1/chease_public/runs/tc24repin_export_public128_20261009_01/manifest.json,b17dc82fc65e5a7ba10f4871e194c9f85e06227d
tc24repin_gfile_chease_vmecpp_l0_20261009_01,VMEC++,complete,local PID 2136655,E5_tc24_gfile_chease,/home/ert/data/iter_tc24/phase1/vmecpp/runs/tc24repin_gfile_chease_vmecpp_l0_20261009_01,/home/ert/data/iter_tc24/phase1/vmecpp/runs/tc24repin_gfile_chease_vmecpp_l0_20261009_01/manifest.json,b17dc82fc65e5a7ba10f4871e194c9f85e06227d
tc24repin_ref_kin6d_n24_20261009_01,kin6d-GS,complete,local PID 2132519,E5_tc24_reference,/home/ert/data/iter_tc24/phase1/kin6d/runs/tc24repin_ref_kin6d_n24_20261009_01,/home/ert/data/iter_tc24/phase1/kin6d/runs/tc24repin_ref_kin6d_n24_20261009_01/manifest.json,b17dc82fc65e5a7ba10f4871e194c9f85e06227d
tc24repin_jintrac_vmecpp_l0_20261009_01,VMEC++,complete,local PID 2136807,E5_tc24_jintrac,/home/ert/data/iter_tc24/phase1/vmecpp/runs/tc24repin_jintrac_vmecpp_l0_20261009_01,/home/ert/data/iter_tc24/phase1/vmecpp/runs/tc24repin_jintrac_vmecpp_l0_20261009_01/manifest.json,b17dc82fc65e5a7ba10f4871e194c9f85e06227d
tc24repin_leonardo_vmecpp_l0_20261009_01,VMEC++,complete,local PID 2137019,E5_tc24_leonardo,/home/ert/data/iter_tc24/phase1/vmecpp/runs/tc24repin_leonardo_vmecpp_l0_20261009_01,/home/ert/data/iter_tc24/phase1/vmecpp/runs/tc24repin_leonardo_vmecpp_l0_20261009_01/manifest.json,b17dc82fc65e5a7ba10f4871e194c9f85e06227d
tc24repin_export_public128_20261009_02,CHEASE-public,complete,local PID 2136636,E5_tc24_reference,/home/ert/data/iter_tc24/phase1/chease_public/runs/tc24repin_export_public128_20261009_02,/home/ert/data/iter_tc24/phase1/chease_public/runs/tc24repin_export_public128_20261009_02/manifest.json,b17dc82fc65e5a7ba10f4871e194c9f85e06227d
tc24repin_ref_vmecpp_l3_20261009_01,VMEC++,aborted,local PID 2129034,E5_tc24_reference,/home/ert/data/iter_tc24/phase1/vmecpp/runs/tc24repin_ref_vmecpp_l3_20261009_01,/home/ert/data/iter_tc24/phase1/vmecpp/runs/tc24repin_ref_vmecpp_l3_20261009_01/manifest.json,b17dc82fc65e5a7ba10f4871e194c9f85e06227d
tc24repin_ref_desc_l2_20261009_01,DESC,complete,local PID 2132529,E5_tc24_reference,/home/ert/data/iter_tc24/phase1/desc/runs/tc24repin_ref_desc_l2_20261009_01,/home/ert/data/iter_tc24/phase1/desc/runs/tc24repin_ref_desc_l2_20261009_01/manifest.json,b17dc82fc65e5a7ba10f4871e194c9f85e06227d
tc24repin_ref_kin6d_n48_20261009_01,kin6d-GS,complete,local PID 2136904,E5_tc24_reference,/home/ert/data/iter_tc24/phase1/kin6d/runs/tc24repin_ref_kin6d_n48_20261009_01,/home/ert/data/iter_tc24/phase1/kin6d/runs/tc24repin_ref_kin6d_n48_20261009_01/manifest.json,b17dc82fc65e5a7ba10f4871e194c9f85e06227d
tc24repin_ref_desc_l3_20261009_01,DESC,aborted,local PID 2139071,E5_tc24_reference,/home/ert/data/iter_tc24/phase1/desc/runs/tc24repin_ref_desc_l3_20261009_01,/home/ert/data/iter_tc24/phase1/desc/runs/tc24repin_ref_desc_l3_20261009_01/manifest.json,b17dc82fc65e5a7ba10f4871e194c9f85e06227d
tc24repin_export_public64_20261009_01,CHEASE-public,complete,local PID 2147455,E5_tc24_reference,/home/ert/data/iter_tc24/phase1/chease_public/runs/tc24repin_export_public64_20261009_01,/home/ert/data/iter_tc24/phase1/chease_public/runs/tc24repin_export_public64_20261009_01/manifest.json,b17dc82fc65e5a7ba10f4871e194c9f85e06227d
tc24repin_export_mars64_20261009_01,CHEASE-MARS,complete,local PID 2147866,E5_tc24_reference,/home/ert/data/iter_tc24/phase1/chease_mars/runs/tc24repin_export_mars64_20261009_01,/home/ert/data/iter_tc24/phase1/chease_mars/runs/tc24repin_export_mars64_20261009_01/manifest.json,b17dc82fc65e5a7ba10f4871e194c9f85e06227d
tc24repin_export_mars128_20261009_01,CHEASE-MARS,complete,local PID 2148328,E5_tc24_reference,/home/ert/data/iter_tc24/phase1/chease_mars/runs/tc24repin_export_mars128_20261009_01,/home/ert/data/iter_tc24/phase1/chease_mars/runs/tc24repin_export_mars128_20261009_01/manifest.json,b17dc82fc65e5a7ba10f4871e194c9f85e06227d
tc24repin_export_kin6d32_20261009_01,kin6d-GS,aborted,local PID 2148811,E5_tc24_reference,/home/ert/data/iter_tc24/phase1/kin6d/runs/tc24repin_export_kin6d32_20261009_01,/home/ert/data/iter_tc24/phase1/kin6d/runs/tc24repin_export_kin6d32_20261009_01/manifest.json,b17dc82fc65e5a7ba10f4871e194c9f85e06227d
tc24repin_export_kin6d48_20261009_01,kin6d-GS,aborted,local PID 2149624,E5_tc24_reference,/home/ert/data/iter_tc24/phase1/kin6d/runs/tc24repin_export_kin6d48_20261009_01,/home/ert/data/iter_tc24/phase1/kin6d/runs/tc24repin_export_kin6d48_20261009_01/manifest.json,b17dc82fc65e5a7ba10f4871e194c9f85e06227d
tc24repin_gfile_chease_kin6d_n16_20261009_01,kin6d-GS,complete,local PID 2147448,E5_tc24_gfile_chease,/home/ert/data/iter_tc24/phase1/kin6d/runs/tc24repin_gfile_chease_kin6d_n16_20261009_01,/home/ert/data/iter_tc24/phase1/kin6d/runs/tc24repin_gfile_chease_kin6d_n16_20261009_01/manifest.json,b17dc82fc65e5a7ba10f4871e194c9f85e06227d
tc24repin_gfile_chease_desc_vmecseed_l0_20261009_01,DESC,complete,local PID 2149332,E5_tc24_gfile_chease,/home/ert/data/iter_tc24/phase1/desc/runs/tc24repin_gfile_chease_desc_vmecseed_l0_20261009_01,/home/ert/data/iter_tc24/phase1/desc/runs/tc24repin_gfile_chease_desc_vmecseed_l0_20261009_01/manifest.json,b17dc82fc65e5a7ba10f4871e194c9f85e06227d
tc24repin_ref_desc_vmecseed_l0_20261009_01,DESC,complete,local PID 2149266,E5_tc24_reference,/home/ert/data/iter_tc24/phase1/desc/runs/tc24repin_ref_desc_vmecseed_l0_20261009_01,/home/ert/data/iter_tc24/phase1/desc/runs/tc24repin_ref_desc_vmecseed_l0_20261009_01/manifest.json,b17dc82fc65e5a7ba10f4871e194c9f85e06227d
tc24repin_jintrac_desc_vmecseed_l0_20261009_01,DESC,complete,local PID 2151381,E5_tc24_jintrac,/home/ert/data/iter_tc24/phase1/desc/runs/tc24repin_jintrac_desc_vmecseed_l0_20261009_01,/home/ert/data/iter_tc24/phase1/desc/runs/tc24repin_jintrac_desc_vmecseed_l0_20261009_01/manifest.json,b17dc82fc65e5a7ba10f4871e194c9f85e06227d
tc24repin_ref_desc_vmecseed_l1_20261009_01,DESC,complete,local PID 2151605,E5_tc24_reference,/home/ert/data/iter_tc24/phase1/desc/runs/tc24repin_ref_desc_vmecseed_l1_20261009_01,/home/ert/data/iter_tc24/phase1/desc/runs/tc24repin_ref_desc_vmecseed_l1_20261009_01/manifest.json,b17dc82fc65e5a7ba10f4871e194c9f85e06227d
tc24repin_jintrac_kin6d_n16_20261009_01,kin6d-GS,complete,local PID 2150836,E5_tc24_jintrac,/home/ert/data/iter_tc24/phase1/kin6d/runs/tc24repin_jintrac_kin6d_n16_20261009_01,/home/ert/data/iter_tc24/phase1/kin6d/runs/tc24repin_jintrac_kin6d_n16_20261009_01/manifest.json,b17dc82fc65e5a7ba10f4871e194c9f85e06227d
tc24repin_leonardo_kin6d_n16_20261009_01,kin6d-GS,aborted,local PID 2155474,E5_tc24_leonardo,/home/ert/data/iter_tc24/phase1/kin6d/runs/tc24repin_leonardo_kin6d_n16_20261009_01,/home/ert/data/iter_tc24/phase1/kin6d/runs/tc24repin_leonardo_kin6d_n16_20261009_01/manifest.json,b17dc82fc65e5a7ba10f4871e194c9f85e06227d
tc24repin_leonardo_desc_vmecseed_l0_20261009_01,DESC,complete,local PID 2153283,E5_tc24_leonardo,/home/ert/data/iter_tc24/phase1/desc/runs/tc24repin_leonardo_desc_vmecseed_l0_20261009_01,/home/ert/data/iter_tc24/phase1/desc/runs/tc24repin_leonardo_desc_vmecseed_l0_20261009_01/manifest.json,b17dc82fc65e5a7ba10f4871e194c9f85e06227d
tc24repin_ref_kin6d_n64_20261009_01,kin6d-GS,complete,local PID 2150477,E5_tc24_reference,/home/ert/data/iter_tc24/phase1/kin6d/runs/tc24repin_ref_kin6d_n64_20261009_01,/home/ert/data/iter_tc24/phase1/kin6d/runs/tc24repin_ref_kin6d_n64_20261009_01/manifest.json,b17dc82fc65e5a7ba10f4871e194c9f85e06227d
tc24repin_export_kin6d32_20261009_02,kin6d-GS,aborted,local PID 2155523,E5_tc24_reference,/home/ert/data/iter_tc24/phase1/kin6d/runs/tc24repin_export_kin6d32_20261009_02,/home/ert/data/iter_tc24/phase1/kin6d/runs/tc24repin_export_kin6d32_20261009_02/manifest.json,b17dc82fc65e5a7ba10f4871e194c9f85e06227d
tc24repin_gpec_public64_20261009_01,PENTRC,complete,local PID 2157238,E5_tc24_reference,/home/ert/data/iter_tc24/phase1/gpec/runs/tc24repin_gpec_public64_20261009_01,/home/ert/data/iter_tc24/phase1/gpec/runs/tc24repin_gpec_public64_20261009_01/manifest.json,b17dc82fc65e5a7ba10f4871e194c9f85e06227d
tc24repin_export_kin6d48_20261009_02,kin6d-GS,complete,local PID 2156198,E5_tc24_reference,/home/ert/data/iter_tc24/phase1/kin6d/runs/tc24repin_export_kin6d48_20261009_02,/home/ert/data/iter_tc24/phase1/kin6d/runs/tc24repin_export_kin6d48_20261009_02/manifest.json,b17dc82fc65e5a7ba10f4871e194c9f85e06227d
tc24repin_neo2_public64_20261009_01,NEO-2,complete,local PID 2157435,E5_tc24_reference,/home/ert/data/iter_tc24/phase1/neo-2/runs/tc24repin_neo2_public64_20261009_01,/home/ert/data/iter_tc24/phase1/neo-2/runs/tc24repin_neo2_public64_20261009_01/manifest.json,b17dc82fc65e5a7ba10f4871e194c9f85e06227d
tc24repin_gpec_public128_20261009_01,PENTRC,complete,local PID 2157721,E5_tc24_reference,/home/ert/data/iter_tc24/phase1/gpec/runs/tc24repin_gpec_public128_20261009_01,/home/ert/data/iter_tc24/phase1/gpec/runs/tc24repin_gpec_public128_20261009_01/manifest.json,b17dc82fc65e5a7ba10f4871e194c9f85e06227d
tc24repin_neo2_public128_20261009_01,NEO-2,complete,local PID 2157818,E5_tc24_reference,/home/ert/data/iter_tc24/phase1/neo-2/runs/tc24repin_neo2_public128_20261009_01,/home/ert/data/iter_tc24/phase1/neo-2/runs/tc24repin_neo2_public128_20261009_01/manifest.json,b17dc82fc65e5a7ba10f4871e194c9f85e06227d
tc24repin_gpec_mars64_20261009_01,PENTRC,complete,local PID 2157976,E5_tc24_reference,/home/ert/data/iter_tc24/phase1/gpec/runs/tc24repin_gpec_mars64_20261009_01,/home/ert/data/iter_tc24/phase1/gpec/runs/tc24repin_gpec_mars64_20261009_01/manifest.json,b17dc82fc65e5a7ba10f4871e194c9f85e06227d
tc24repin_neo2_mars64_20261009_01,NEO-2,complete,local PID 2158078,E5_tc24_reference,/home/ert/data/iter_tc24/phase1/neo-2/runs/tc24repin_neo2_mars64_20261009_01,/home/ert/data/iter_tc24/phase1/neo-2/runs/tc24repin_neo2_mars64_20261009_01/manifest.json,b17dc82fc65e5a7ba10f4871e194c9f85e06227d
tc24repin_gpec_mars128_20261009_01,PENTRC,complete,local PID 2158241,E5_tc24_reference,/home/ert/data/iter_tc24/phase1/gpec/runs/tc24repin_gpec_mars128_20261009_01,/home/ert/data/iter_tc24/phase1/gpec/runs/tc24repin_gpec_mars128_20261009_01/manifest.json,b17dc82fc65e5a7ba10f4871e194c9f85e06227d
tc24repin_neo2_mars128_20261009_01,NEO-2,complete,local PID 2158350,E5_tc24_reference,/home/ert/data/iter_tc24/phase1/neo-2/runs/tc24repin_neo2_mars128_20261009_01,/home/ert/data/iter_tc24/phase1/neo-2/runs/tc24repin_neo2_mars128_20261009_01/manifest.json,b17dc82fc65e5a7ba10f4871e194c9f85e06227d
tc24repin_ref_desc_vmecseed_l2_20261009_01,DESC,complete,local PID 2154966,E5_tc24_reference,/home/ert/data/iter_tc24/phase1/desc/runs/tc24repin_ref_desc_vmecseed_l2_20261009_01,/home/ert/data/iter_tc24/phase1/desc/runs/tc24repin_ref_desc_vmecseed_l2_20261009_01/manifest.json,b17dc82fc65e5a7ba10f4871e194c9f85e06227d
tc24repin_gpec_kin6d32_20261009_01,PENTRC,aborted,local PID 2159963,E5_tc24_reference,/home/ert/data/iter_tc24/phase1/gpec/runs/tc24repin_gpec_kin6d32_20261009_01,/home/ert/data/iter_tc24/phase1/gpec/runs/tc24repin_gpec_kin6d32_20261009_01/manifest.json,b17dc82fc65e5a7ba10f4871e194c9f85e06227d
tc24repin_neo2_kin6d32_20261009_01,NEO-2,complete,local PID 2159967,E5_tc24_reference,/home/ert/data/iter_tc24/phase1/neo-2/runs/tc24repin_neo2_kin6d32_20261009_01,/home/ert/data/iter_tc24/phase1/neo-2/runs/tc24repin_neo2_kin6d32_20261009_01/manifest.json,b17dc82fc65e5a7ba10f4871e194c9f85e06227d
tc24repin_ref_kin6d_n96_20261009_01,kin6d-GS,complete,local PID 2155957,E5_tc24_reference,/home/ert/data/iter_tc24/phase1/kin6d/runs/tc24repin_ref_kin6d_n96_20261009_01,/home/ert/data/iter_tc24/phase1/kin6d/runs/tc24repin_ref_kin6d_n96_20261009_01/manifest.json,b17dc82fc65e5a7ba10f4871e194c9f85e06227d
tc24repin_leonardo_kin6d_n24_20261009_01,kin6d-GS,complete,local PID 2159964,E5_tc24_leonardo,/home/ert/data/iter_tc24/phase1/kin6d/runs/tc24repin_leonardo_kin6d_n24_20261009_01,/home/ert/data/iter_tc24/phase1/kin6d/runs/tc24repin_leonardo_kin6d_n24_20261009_01/manifest.json,b17dc82fc65e5a7ba10f4871e194c9f85e06227d
tc24repin_export_kin6d64_20261009_01,kin6d-GS,complete,local PID 2165133,E5_tc24_reference,/home/ert/data/iter_tc24/phase1/kin6d/runs/tc24repin_export_kin6d64_20261009_01,/home/ert/data/iter_tc24/phase1/kin6d/runs/tc24repin_export_kin6d64_20261009_01/manifest.json,b17dc82fc65e5a7ba10f4871e194c9f85e06227d
tc24repin_export_kin6d96_20261009_01,kin6d-GS,complete,local PID 2166534,E5_tc24_reference,/home/ert/data/iter_tc24/phase1/kin6d/runs/tc24repin_export_kin6d96_20261009_01,/home/ert/data/iter_tc24/phase1/kin6d/runs/tc24repin_export_kin6d96_20261009_01/manifest.json,b17dc82fc65e5a7ba10f4871e194c9f85e06227d
tc24repin_ref_desc_vmecseed_l3_20261009_01,DESC,aborted,local PID 2159451,E5_tc24_reference,/home/ert/data/iter_tc24/phase1/desc/runs/tc24repin_ref_desc_vmecseed_l3_20261009_01,/home/ert/data/iter_tc24/phase1/desc/runs/tc24repin_ref_desc_vmecseed_l3_20261009_01/manifest.json,b17dc82fc65e5a7ba10f4871e194c9f85e06227d
tc24repin_gpec_kin6d64_20261009_01,PENTRC,aborted,local PID 2168901,E5_tc24_reference,/home/ert/data/iter_tc24/phase1/gpec/runs/tc24repin_gpec_kin6d64_20261009_01,/home/ert/data/iter_tc24/phase1/gpec/runs/tc24repin_gpec_kin6d64_20261009_01/manifest.json,b17dc82fc65e5a7ba10f4871e194c9f85e06227d
tc24repin_neo2_kin6d64_20261009_01,NEO-2,complete,local PID 2168904,E5_tc24_reference,/home/ert/data/iter_tc24/phase1/neo-2/runs/tc24repin_neo2_kin6d64_20261009_01,/home/ert/data/iter_tc24/phase1/neo-2/runs/tc24repin_neo2_kin6d64_20261009_01/manifest.json,b17dc82fc65e5a7ba10f4871e194c9f85e06227d
tc24repin_gpec_kin6d96_20261009_01,PENTRC,aborted,local PID 2169051,E5_tc24_reference,/home/ert/data/iter_tc24/phase1/gpec/runs/tc24repin_gpec_kin6d96_20261009_01,/home/ert/data/iter_tc24/phase1/gpec/runs/tc24repin_gpec_kin6d96_20261009_01/manifest.json,b17dc82fc65e5a7ba10f4871e194c9f85e06227d
tc24repin_neo2_kin6d96_20261009_01,NEO-2,complete,local PID 2169054,E5_tc24_reference,/home/ert/data/iter_tc24/phase1/neo-2/runs/tc24repin_neo2_kin6d96_20261009_01,/home/ert/data/iter_tc24/phase1/neo-2/runs/tc24repin_neo2_kin6d96_20261009_01/manifest.json,b17dc82fc65e5a7ba10f4871e194c9f85e06227d
tc24repin_export_gfile_chease_public32_20261009_01,CHEASE-public,complete,local PID 2168911,E5_tc24_gfile_chease,/home/ert/data/iter_tc24/phase1/chease_public/runs/tc24repin_export_gfile_chease_public32_20261009_01,/home/ert/data/iter_tc24/phase1/chease_public/runs/tc24repin_export_gfile_chease_public32_20261009_01/manifest.json,b17dc82fc65e5a7ba10f4871e194c9f85e06227d
tc24repin_gpec_gfile_chease_public32_20261009_01,PENTRC,complete,local PID 2169367,E5_tc24_gfile_chease,/home/ert/data/iter_tc24/phase1/gpec/runs/tc24repin_gpec_gfile_chease_public32_20261009_01,/home/ert/data/iter_tc24/phase1/gpec/runs/tc24repin_gpec_gfile_chease_public32_20261009_01/manifest.json,b17dc82fc65e5a7ba10f4871e194c9f85e06227d
tc24repin_neo2_gfile_chease_public32_20261009_01,NEO-2,complete,local PID 2169432,E5_tc24_gfile_chease,/home/ert/data/iter_tc24/phase1/neo-2/runs/tc24repin_neo2_gfile_chease_public32_20261009_01,/home/ert/data/iter_tc24/phase1/neo-2/runs/tc24repin_neo2_gfile_chease_public32_20261009_01/manifest.json,b17dc82fc65e5a7ba10f4871e194c9f85e06227d
tc24repin_export_gfile_chease_mars32_20261009_01,CHEASE-MARS,complete,local PID 2169636,E5_tc24_gfile_chease,/home/ert/data/iter_tc24/phase1/chease_mars/runs/tc24repin_export_gfile_chease_mars32_20261009_01,/home/ert/data/iter_tc24/phase1/chease_mars/runs/tc24repin_export_gfile_chease_mars32_20261009_01/manifest.json,b17dc82fc65e5a7ba10f4871e194c9f85e06227d
tc24repin_gpec_gfile_chease_mars32_20261009_01,PENTRC,complete,local PID 2170092,E5_tc24_gfile_chease,/home/ert/data/iter_tc24/phase1/gpec/runs/tc24repin_gpec_gfile_chease_mars32_20261009_01,/home/ert/data/iter_tc24/phase1/gpec/runs/tc24repin_gpec_gfile_chease_mars32_20261009_01/manifest.json,b17dc82fc65e5a7ba10f4871e194c9f85e06227d
tc24repin_neo2_gfile_chease_mars32_20261009_01,NEO-2,complete,local PID 2170198,E5_tc24_gfile_chease,/home/ert/data/iter_tc24/phase1/neo-2/runs/tc24repin_neo2_gfile_chease_mars32_20261009_01,/home/ert/data/iter_tc24/phase1/neo-2/runs/tc24repin_neo2_gfile_chease_mars32_20261009_01/manifest.json,b17dc82fc65e5a7ba10f4871e194c9f85e06227d
tc24repin_export_jintrac_public32_20261009_01,CHEASE-public,complete,local PID 2170336,E5_tc24_jintrac,/home/ert/data/iter_tc24/phase1/chease_public/runs/tc24repin_export_jintrac_public32_20261009_01,/home/ert/data/iter_tc24/phase1/chease_public/runs/tc24repin_export_jintrac_public32_20261009_01/manifest.json,b17dc82fc65e5a7ba10f4871e194c9f85e06227d
tc24repin_gpec_jintrac_public32_20261009_01,PENTRC,complete,local PID 2170851,E5_tc24_jintrac,/home/ert/data/iter_tc24/phase1/gpec/runs/tc24repin_gpec_jintrac_public32_20261009_01,/home/ert/data/iter_tc24/phase1/gpec/runs/tc24repin_gpec_jintrac_public32_20261009_01/manifest.json,b17dc82fc65e5a7ba10f4871e194c9f85e06227d
tc24repin_neo2_jintrac_public32_20261009_01,NEO-2,complete,local PID 2170968,E5_tc24_jintrac,/home/ert/data/iter_tc24/phase1/neo-2/runs/tc24repin_neo2_jintrac_public32_20261009_01,/home/ert/data/iter_tc24/phase1/neo-2/runs/tc24repin_neo2_jintrac_public32_20261009_01/manifest.json,b17dc82fc65e5a7ba10f4871e194c9f85e06227d
tc24repin_export_jintrac_mars32_20261009_01,CHEASE-MARS,complete,local PID 2171104,E5_tc24_jintrac,/home/ert/data/iter_tc24/phase1/chease_mars/runs/tc24repin_export_jintrac_mars32_20261009_01,/home/ert/data/iter_tc24/phase1/chease_mars/runs/tc24repin_export_jintrac_mars32_20261009_01/manifest.json,b17dc82fc65e5a7ba10f4871e194c9f85e06227d
tc24repin_gpec_jintrac_mars32_20261009_01,PENTRC,complete,local PID 2171581,E5_tc24_jintrac,/home/ert/data/iter_tc24/phase1/gpec/runs/tc24repin_gpec_jintrac_mars32_20261009_01,/home/ert/data/iter_tc24/phase1/gpec/runs/tc24repin_gpec_jintrac_mars32_20261009_01/manifest.json,b17dc82fc65e5a7ba10f4871e194c9f85e06227d
tc24repin_neo2_jintrac_mars32_20261009_01,NEO-2,complete,local PID 2171659,E5_tc24_jintrac,/home/ert/data/iter_tc24/phase1/neo-2/runs/tc24repin_neo2_jintrac_mars32_20261009_01,/home/ert/data/iter_tc24/phase1/neo-2/runs/tc24repin_neo2_jintrac_mars32_20261009_01/manifest.json,b17dc82fc65e5a7ba10f4871e194c9f85e06227d
tc24repin_export_leonardo_public32_20261009_01,CHEASE-public,complete,local PID 2171886,E5_tc24_leonardo,/home/ert/data/iter_tc24/phase1/chease_public/runs/tc24repin_export_leonardo_public32_20261009_01,/home/ert/data/iter_tc24/phase1/chease_public/runs/tc24repin_export_leonardo_public32_20261009_01/manifest.json,b17dc82fc65e5a7ba10f4871e194c9f85e06227d
tc24repin_gpec_leonardo_public32_20261009_01,PENTRC,complete,local PID 2172445,E5_tc24_leonardo,/home/ert/data/iter_tc24/phase1/gpec/runs/tc24repin_gpec_leonardo_public32_20261009_01,/home/ert/data/iter_tc24/phase1/gpec/runs/tc24repin_gpec_leonardo_public32_20261009_01/manifest.json,b17dc82fc65e5a7ba10f4871e194c9f85e06227d
tc24repin_neo2_leonardo_public32_20261009_01,NEO-2,complete,local PID 2172532,E5_tc24_leonardo,/home/ert/data/iter_tc24/phase1/neo-2/runs/tc24repin_neo2_leonardo_public32_20261009_01,/home/ert/data/iter_tc24/phase1/neo-2/runs/tc24repin_neo2_leonardo_public32_20261009_01/manifest.json,b17dc82fc65e5a7ba10f4871e194c9f85e06227d
tc24repin_export_leonardo_mars32_20261009_01,CHEASE-MARS,complete,local PID 2172667,E5_tc24_leonardo,/home/ert/data/iter_tc24/phase1/chease_mars/runs/tc24repin_export_leonardo_mars32_20261009_01,/home/ert/data/iter_tc24/phase1/chease_mars/runs/tc24repin_export_leonardo_mars32_20261009_01/manifest.json,b17dc82fc65e5a7ba10f4871e194c9f85e06227d
tc24repin_gpec_leonardo_mars32_20261009_01,PENTRC,complete,local PID 2173181,E5_tc24_leonardo,/home/ert/data/iter_tc24/phase1/gpec/runs/tc24repin_gpec_leonardo_mars32_20261009_01,/home/ert/data/iter_tc24/phase1/gpec/runs/tc24repin_gpec_leonardo_mars32_20261009_01/manifest.json,b17dc82fc65e5a7ba10f4871e194c9f85e06227d
tc24repin_neo2_leonardo_mars32_20261009_01,NEO-2,complete,local PID 2173307,E5_tc24_leonardo,/home/ert/data/iter_tc24/phase1/neo-2/runs/tc24repin_neo2_leonardo_mars32_20261009_01,/home/ert/data/iter_tc24/phase1/neo-2/runs/tc24repin_neo2_leonardo_mars32_20261009_01/manifest.json,b17dc82fc65e5a7ba10f4871e194c9f85e06227d
tc24repin_export_gfile_chease_kin6d16_20261009_01,kin6d-GS,complete,local PID 2177734,E5_tc24_gfile_chease,/home/ert/data/iter_tc24/phase1/kin6d/runs/tc24repin_export_gfile_chease_kin6d16_20261009_01,/home/ert/data/iter_tc24/phase1/kin6d/runs/tc24repin_export_gfile_chease_kin6d16_20261009_01/manifest.json,b17dc82fc65e5a7ba10f4871e194c9f85e06227d
tc24repin_gpec_gfile_chease_kin6d16_20261009_01,PENTRC,aborted,local PID 2179016,E5_tc24_gfile_chease,/home/ert/data/iter_tc24/phase1/gpec/runs/tc24repin_gpec_gfile_chease_kin6d16_20261009_01,/home/ert/data/iter_tc24/phase1/gpec/runs/tc24repin_gpec_gfile_chease_kin6d16_20261009_01/manifest.json,b17dc82fc65e5a7ba10f4871e194c9f85e06227d
tc24repin_neo2_gfile_chease_kin6d16_20261009_01,NEO-2,complete,local PID 2179059,E5_tc24_gfile_chease,/home/ert/data/iter_tc24/phase1/neo-2/runs/tc24repin_neo2_gfile_chease_kin6d16_20261009_01,/home/ert/data/iter_tc24/phase1/neo-2/runs/tc24repin_neo2_gfile_chease_kin6d16_20261009_01/manifest.json,b17dc82fc65e5a7ba10f4871e194c9f85e06227d
tc24repin_export_jintrac_kin6d16_20261009_01,kin6d-GS,complete,local PID 2179268,E5_tc24_jintrac,/home/ert/data/iter_tc24/phase1/kin6d/runs/tc24repin_export_jintrac_kin6d16_20261009_01,/home/ert/data/iter_tc24/phase1/kin6d/runs/tc24repin_export_jintrac_kin6d16_20261009_01/manifest.json,b17dc82fc65e5a7ba10f4871e194c9f85e06227d
tc24repin_gpec_jintrac_kin6d16_20261009_01,PENTRC,aborted,local PID 2180367,E5_tc24_jintrac,/home/ert/data/iter_tc24/phase1/gpec/runs/tc24repin_gpec_jintrac_kin6d16_20261009_01,/home/ert/data/iter_tc24/phase1/gpec/runs/tc24repin_gpec_jintrac_kin6d16_20261009_01/manifest.json,b17dc82fc65e5a7ba10f4871e194c9f85e06227d
tc24repin_neo2_jintrac_kin6d16_20261009_01,NEO-2,complete,local PID 2180369,E5_tc24_jintrac,/home/ert/data/iter_tc24/phase1/neo-2/runs/tc24repin_neo2_jintrac_kin6d16_20261009_01,/home/ert/data/iter_tc24/phase1/neo-2/runs/tc24repin_neo2_jintrac_kin6d16_20261009_01/manifest.json,b17dc82fc65e5a7ba10f4871e194c9f85e06227d
tc24repin_export_leonardo_kin6d24_20261009_01,kin6d-GS,complete,local PID 2180648,E5_tc24_leonardo,/home/ert/data/iter_tc24/phase1/kin6d/runs/tc24repin_export_leonardo_kin6d24_20261009_01,/home/ert/data/iter_tc24/phase1/kin6d/runs/tc24repin_export_leonardo_kin6d24_20261009_01/manifest.json,b17dc82fc65e5a7ba10f4871e194c9f85e06227d
tc24repin_gpec_leonardo_kin6d24_20261009_01,PENTRC,aborted,local PID 2181715,E5_tc24_leonardo,/home/ert/data/iter_tc24/phase1/gpec/runs/tc24repin_gpec_leonardo_kin6d24_20261009_01,/home/ert/data/iter_tc24/phase1/gpec/runs/tc24repin_gpec_leonardo_kin6d24_20261009_01/manifest.json,b17dc82fc65e5a7ba10f4871e194c9f85e06227d
tc24repin_neo2_leonardo_kin6d24_20261009_01,NEO-2,complete,local PID 2181717,E5_tc24_leonardo,/home/ert/data/iter_tc24/phase1/neo-2/runs/tc24repin_neo2_leonardo_kin6d24_20261009_01,/home/ert/data/iter_tc24/phase1/neo-2/runs/tc24repin_neo2_leonardo_kin6d24_20261009_01/manifest.json,b17dc82fc65e5a7ba10f4871e194c9f85e06227d
tc24repin_gpec_kin6d96_diagnostic_20261009_02,PENTRC,complete,local PID 2195353,E5_tc24_reference,/home/ert/data/iter_tc24/phase1/gpec/runs/tc24repin_gpec_kin6d96_diagnostic_20261009_02,/home/ert/data/iter_tc24/phase1/gpec/runs/tc24repin_gpec_kin6d96_diagnostic_20261009_02/manifest.json,b17dc82fc65e5a7ba10f4871e194c9f85e06227d
tc24repin_export_kin6d96_g1025_20261009_03,kin6d-GS,complete,local PID 2202548,E5_tc24_reference,/home/ert/data/iter_tc24/phase1/kin6d/runs/tc24repin_export_kin6d96_g1025_20261009_03,/home/ert/data/iter_tc24/phase1/kin6d/runs/tc24repin_export_kin6d96_g1025_20261009_03/manifest.json,b17dc82fc65e5a7ba10f4871e194c9f85e06227d
tc24repin_export_kin6d96_g1025_20261009_01,kin6d-GS,aborted,preparation only; no child process launched,E5_tc24_reference,/home/ert/data/iter_tc24/phase1/kin6d/runs/tc24repin_export_kin6d96_g1025_20261009_01,/home/ert/data/iter_tc24/phase1/kin6d/runs/tc24repin_export_kin6d96_g1025_20261009_01/manifest.json,b17dc82fc65e5a7ba10f4871e194c9f85e06227d
tc24repin_export_kin6d96_g1025_20261009_02,kin6d-GS,aborted,preparation only; no child process launched,E5_tc24_reference,/home/ert/data/iter_tc24/phase1/kin6d/runs/tc24repin_export_kin6d96_g1025_20261009_02,/home/ert/data/iter_tc24/phase1/kin6d/runs/tc24repin_export_kin6d96_g1025_20261009_02/manifest.json,b17dc82fc65e5a7ba10f4871e194c9f85e06227d
tc24repin_gpec_kin6d96_diagnostic_20261009_01,PENTRC,aborted,preparation only; no child process launched,E5_tc24_reference,/home/ert/data/iter_tc24/phase1/gpec/runs/tc24repin_gpec_kin6d96_diagnostic_20261009_01,/home/ert/data/iter_tc24/phase1/gpec/runs/tc24repin_gpec_kin6d96_diagnostic_20261009_01/manifest.json,b17dc82fc65e5a7ba10f4871e194c9f85e06227d
tc24repin_gpec_kin6d96_fixed_20261009_01,PENTRC,complete,local PID 2212030,E5_tc24_reference,/home/ert/data/iter_tc24/phase1/gpec/runs/tc24repin_gpec_kin6d96_fixed_20261009_01,/home/ert/data/iter_tc24/phase1/gpec/runs/tc24repin_gpec_kin6d96_fixed_20261009_01/manifest.json,b17dc82fc65e5a7ba10f4871e194c9f85e06227d
tc24repin_gpec_kin6d96_g1025_fixed_20261009_01,PENTRC,complete,local PID 2212060,E5_tc24_reference,/home/ert/data/iter_tc24/phase1/gpec/runs/tc24repin_gpec_kin6d96_g1025_fixed_20261009_01,/home/ert/data/iter_tc24/phase1/gpec/runs/tc24repin_gpec_kin6d96_g1025_fixed_20261009_01/manifest.json,b17dc82fc65e5a7ba10f4871e194c9f85e06227d
tc24repin_neo2_kin6d96_g1025_20261009_01,NEO-2,complete,local PID 2212062,E5_tc24_reference,/home/ert/data/iter_tc24/phase1/neo-2/runs/tc24repin_neo2_kin6d96_g1025_20261009_01,/home/ert/data/iter_tc24/phase1/neo-2/runs/tc24repin_neo2_kin6d96_g1025_20261009_01/manifest.json,b17dc82fc65e5a7ba10f4871e194c9f85e06227d
tc24repin_export_kin6d96_g1025_b1024m256_20261009_01,kin6d-GS,complete,local PID 2220717,E5_tc24_reference,/home/ert/data/iter_tc24/phase1/kin6d/runs/tc24repin_export_kin6d96_g1025_b1024m256_20261009_01,/home/ert/data/iter_tc24/phase1/kin6d/runs/tc24repin_export_kin6d96_g1025_b1024m256_20261009_01/manifest.json,b17dc82fc65e5a7ba10f4871e194c9f85e06227d
tc24repin_neo2_kin6d96_g1025_b1024m256_20261009_01,NEO-2,complete,local PID 2222455,E5_tc24_reference,/home/ert/data/iter_tc24/phase1/neo-2/runs/tc24repin_neo2_kin6d96_g1025_b1024m256_20261009_01,/home/ert/data/iter_tc24/phase1/neo-2/runs/tc24repin_neo2_kin6d96_g1025_b1024m256_20261009_01/manifest.json,b17dc82fc65e5a7ba10f4871e194c9f85e06227d
tc24cons_neo2_public128_a1024_20261010_01,NEO-2,complete,local PID 1695510,E5_tc24_reference,/home/ert/data/iter_tc24/phase1/neo-2/runs/tc24cons_neo2_public128_a1024_20261010_01,/home/ert/data/iter_tc24/phase1/neo-2/runs/tc24cons_neo2_public128_a1024_20261010_01/manifest.json,63abd4c32feefaa16ddef3c538214e53bbb33115
tc24cons_export_public128_b1024m256_20261010_01,CHEASE-public,complete,local PID 1832408,E5_tc24_reference,/home/ert/data/iter_tc24/phase1/chease_public/runs/tc24cons_export_public128_b1024m256_20261010_01,/home/ert/data/iter_tc24/phase1/chease_public/runs/tc24cons_export_public128_b1024m256_20261010_01/manifest.json,fe31ffca8297512cda21599dcd077316484208b7
tc24cons_neo2_public128_b1024m256_20261010_01,NEO-2,complete,local PID 1972735,E5_tc24_reference,/home/ert/data/iter_tc24/phase1/neo-2/runs/tc24cons_neo2_public128_b1024m256_20261010_01,/home/ert/data/iter_tc24/phase1/neo-2/runs/tc24cons_neo2_public128_b1024m256_20261010_01/manifest.json,f1aad4a04b8a37f2edfe90cc5cdd99a5d1d021c1
tc24cons_gpec_kin96_etol8_20261010_01,PENTRC,complete,local PID 2078733,E5_tc24_reference,/home/ert/data/iter_tc24/phase1/gpec/runs/tc24cons_gpec_kin96_etol8_20261010_01,/home/ert/data/iter_tc24/phase1/gpec/runs/tc24cons_gpec_kin96_etol8_20261010_01/manifest.json,b3dc6c5d6dd3b6dc706686ec9ba68758b100df86
tc24cons_export_public128_b2048m512_20261010_01,CHEASE-public,complete,local PID 2167514,E5_tc24_reference,/home/ert/data/iter_tc24/phase1/chease_public/runs/tc24cons_export_public128_b2048m512_20261010_01,/home/ert/data/iter_tc24/phase1/chease_public/runs/tc24cons_export_public128_b2048m512_20261010_01/manifest.json,76dc711252ce58081e7e3db0fe1ea589fe08604b
tc24cons_neo2_public128_b2048m512_20261010_01,NEO-2,complete,local PID 2587974,E5_tc24_reference,/home/ert/data/iter_tc24/phase1/neo-2/runs/tc24cons_neo2_public128_b2048m512_20261010_01,/home/ert/data/iter_tc24/phase1/neo-2/runs/tc24cons_neo2_public128_b2048m512_20261010_01/manifest.json,96089e123d9aa7cb98510725e92f9c41b8031262
tc24cons_gpec_kin96_optional_etol8_20261010_01,PENTRC,complete,local PID 2734114,E5_tc24_reference,/home/ert/data/iter_tc24/phase1/gpec/runs/tc24cons_gpec_kin96_optional_etol8_20261010_01,/home/ert/data/iter_tc24/phase1/gpec/runs/tc24cons_gpec_kin96_optional_etol8_20261010_01/manifest.json,1e10958f05e31c73045a652f54c684e1cad6e5c0
tc24cons_export_public128_precision_20261010_01,CHEASE-public,complete,local PID 3603067,E5_tc24_reference,/home/ert/data/iter_tc24/phase1/chease_public/runs/tc24cons_export_public128_precision_20261010_01,/home/ert/data/iter_tc24/phase1/chease_public/runs/tc24cons_export_public128_precision_20261010_01/manifest.json,2e6d3686fd506fa1eadc58bb54766a55cd6b409e
tc24cons_neo2_public128_precision_20261010_01,NEO-2,complete,local PID 3985486,E5_tc24_reference,/home/ert/data/iter_tc24/phase1/neo-2/runs/tc24cons_neo2_public128_precision_20261010_01,/home/ert/data/iter_tc24/phase1/neo-2/runs/tc24cons_neo2_public128_precision_20261010_01/manifest.json,4e3eb7decbce7b54e6753a502376bd6177703959
tc24cons_export_public128_native513_20261010_01,CHEASE-public,complete,local PID 1136234,E5_tc24_reference,/home/ert/data/iter_tc24/phase1/chease_public/runs/tc24cons_export_public128_native513_20261010_01,/home/ert/data/iter_tc24/phase1/chease_public/runs/tc24cons_export_public128_native513_20261010_01/manifest.json,85b53795167616860f614faa8263f92add195117
tc24cons_export_public128_native1025_20261010_01,CHEASE-public,complete,local PID 1514154,E5_tc24_reference,/home/ert/data/iter_tc24/phase1/chease_public/runs/tc24cons_export_public128_native1025_20261010_01,/home/ert/data/iter_tc24/phase1/chease_public/runs/tc24cons_export_public128_native1025_20261010_01/manifest.json,9fbc925e6607f90e91af92ea09c64f7674806b82
tc24cons_neo2_public128_native513_20261010_01,NEO-2,complete,local PID 1903765,E5_tc24_reference,/home/ert/data/iter_tc24/phase1/neo-2/runs/tc24cons_neo2_public128_native513_20261010_01,/home/ert/data/iter_tc24/phase1/neo-2/runs/tc24cons_neo2_public128_native513_20261010_01/manifest.json,8293bd4fb10040faa65a01e649e664be48a05b2f
tc24cons_neo2_public128_native1025_20261010_01,NEO-2,complete,local PID 2037566,E5_tc24_reference,/home/ert/data/iter_tc24/phase1/neo-2/runs/tc24cons_neo2_public128_native1025_20261010_01,/home/ert/data/iter_tc24/phase1/neo-2/runs/tc24cons_neo2_public128_native1025_20261010_01/manifest.json,c9600e1526e79ddca0bf0776e8316d1b1542a7bb
tc24cons_export_public128_native1025_tol11_20261010_01,CHEASE-public,complete,local PID 2362532,E5_tc24_reference,/home/ert/data/iter_tc24/phase1/chease_public/runs/tc24cons_export_public128_native1025_tol11_20261010_01,/home/ert/data/iter_tc24/phase1/chease_public/runs/tc24cons_export_public128_native1025_tol11_20261010_01/manifest.json,25d84f269a8aeeaeafa987210a17d5d23fe4fc99
tc24cons_neo2_public128_native1025_tol11_20261010_01,NEO-2,complete,local PID 2823455,E5_tc24_reference,/home/ert/data/iter_tc24/phase1/neo-2/runs/tc24cons_neo2_public128_native1025_tol11_20261010_01,/home/ert/data/iter_tc24/phase1/neo-2/runs/tc24cons_neo2_public128_native1025_tol11_20261010_01/manifest.json,928b922e590c872adef129dd0d3cf64503b1aa9e
tc24cons_export_public128_native1025_tol12_20261010_01,CHEASE-public,complete,local PID 3053319,E5_tc24_reference,/home/ert/data/iter_tc24/phase1/chease_public/runs/tc24cons_export_public128_native1025_tol12_20261010_01,/home/ert/data/iter_tc24/phase1/chease_public/runs/tc24cons_export_public128_native1025_tol12_20261010_01/manifest.json,f32d27f118d00b20b4197cb610e5bc7ccf9f3570
tc24cons_neo2_public128_native1025_tol12_20261010_01,NEO-2,complete,local PID 3448316,E5_tc24_reference,/home/ert/data/iter_tc24/phase1/neo-2/runs/tc24cons_neo2_public128_native1025_tol12_20261010_01,/home/ert/data/iter_tc24/phase1/neo-2/runs/tc24cons_neo2_public128_native1025_tol12_20261010_01/manifest.json,7bdc9e939204e8f5ee94f597f28f39cd8aa6e5d5
tc24cons_export_public128_native1025_tol12_rad4096_20261010_01,CHEASE-public,complete,local PID 486951,E5_tc24_reference,/home/ert/data/iter_tc24/phase1/chease_public/runs/tc24cons_export_public128_native1025_tol12_rad4096_20261010_01,/home/ert/data/iter_tc24/phase1/chease_public/runs/tc24cons_export_public128_native1025_tol12_rad4096_20261010_01/manifest.json,82be2e3ee73b4f8288cd24f814fe295166640007
tc24cons_neo2_public128_native1025_tol12_rad4096_20261010_01,NEO-2,complete,local PID 826733,E5_tc24_reference,/home/ert/data/iter_tc24/phase1/neo-2/runs/tc24cons_neo2_public128_native1025_tol12_rad4096_20261010_01,/home/ert/data/iter_tc24/phase1/neo-2/runs/tc24cons_neo2_public128_native1025_tol12_rad4096_20261010_01/manifest.json,4fcfc7ddf8e16186dd55f86b8cca1586a47c7f01
tc24cons_q_n256_r129a160_20261010_01,kin6d-GS,aborted,local PID 2374511,E5_tc24_reference,/home/ert/data/iter_tc24/phase1/kin6d/runs/tc24cons_q_n256_r129a160_20261010_01,/home/ert/data/iter_tc24/phase1/kin6d/runs/tc24cons_q_n256_r129a160_20261010_01/manifest.json,d8e3fc82651a1c29b33399c51305950518dd5dd7
tc24cons_q_n256_r129a160_20261010_02,kin6d-GS,aborted,local PID 2455694,E5_tc24_reference,/home/ert/data/iter_tc24/phase1/kin6d/runs/tc24cons_q_n256_r129a160_20261010_02,/home/ert/data/iter_tc24/phase1/kin6d/runs/tc24cons_q_n256_r129a160_20261010_02/manifest.json,a79d9698e2bcefd2872ffc32c52a4b00f511b5de
tc24cons_q_n256_r129a160_20261010_04,kin6d-GS,complete,local PID 2750112,E5_tc24_reference,/home/ert/data/iter_tc24/phase1/kin6d/runs/tc24cons_q_n256_r129a160_20261010_04,/home/ert/data/iter_tc24/phase1/kin6d/runs/tc24cons_q_n256_r129a160_20261010_04/manifest.json,6d66b8238734fd26595c18e3f9c08fa7b56a4f28
tc24cons_q_n256_r257a320_20261010_01,kin6d-GS,complete,local PID 2772268,E5_tc24_reference,/home/ert/data/iter_tc24/phase1/kin6d/runs/tc24cons_q_n256_r257a320_20261010_01,/home/ert/data/iter_tc24/phase1/kin6d/runs/tc24cons_q_n256_r257a320_20261010_01/manifest.json,0798b262c05e55dd011b6a7e39abcf5386df3f9a
tc24cons_q_n256_r2049a320_20261010_01,kin6d-GS,complete,local PID 3205003,E5_tc24_reference,/home/ert/data/iter_tc24/phase1/kin6d/runs/tc24cons_q_n256_r2049a320_20261010_01,/home/ert/data/iter_tc24/phase1/kin6d/runs/tc24cons_q_n256_r2049a320_20261010_01/manifest.json,ad401bf038f38365d080f490f08f10e6a67f740e
tc24cons_export_public128_native1025_tol12_out8192_20261010_01,CHEASE-public,complete,local PID 2121508,E5_tc24_reference,/home/ert/data/iter_tc24/phase1/chease_public/runs/tc24cons_export_public128_native1025_tol12_out8192_20261010_01,/home/ert/data/iter_tc24/phase1/chease_public/runs/tc24cons_export_public128_native1025_tol12_out8192_20261010_01/manifest.json,f197cb909411c53ee47422f3324221b48d792ee8
tc24cons_neo2_public128_native1025_tol12_out8192_20261010_01,NEO-2,complete,local PID 2618342,E5_tc24_reference,/home/ert/data/iter_tc24/phase1/neo-2/runs/tc24cons_neo2_public128_native1025_tol12_out8192_20261010_01,/home/ert/data/iter_tc24/phase1/neo-2/runs/tc24cons_neo2_public128_native1025_tol12_out8192_20261010_01/manifest.json,67379ccdabe6e20ee2cc5895687dd0952d769603
tc24cons_export_public128_native1025_tol12_m1024_20261010_01,CHEASE-public,complete,local PID 3197237,E5_tc24_reference,/home/ert/data/iter_tc24/phase1/chease_public/runs/tc24cons_export_public128_native1025_tol12_m1024_20261010_01,/home/ert/data/iter_tc24/phase1/chease_public/runs/tc24cons_export_public128_native1025_tol12_m1024_20261010_01/manifest.json,86678ee19a61d8c8f4f20cc1eed2928385fafc80
tc24cons_neo2_public128_native1025_tol12_m512a4096_20261010_01,NEO-2,complete,local PID 3915356,E5_tc24_reference,/home/ert/data/iter_tc24/phase1/neo-2/runs/tc24cons_neo2_public128_native1025_tol12_m512a4096_20261010_01,/home/ert/data/iter_tc24/phase1/neo-2/runs/tc24cons_neo2_public128_native1025_tol12_m512a4096_20261010_01/manifest.json,345d8eaf2722c86283ec5df17ba615256c5c4aec
tc24cons_neo2_public128_native1025_tol12_m1024a4096_20261010_01,NEO-2,complete,local PID 4101547,E5_tc24_reference,/home/ert/data/iter_tc24/phase1/neo-2/runs/tc24cons_neo2_public128_native1025_tol12_m1024a4096_20261010_01,/home/ert/data/iter_tc24/phase1/neo-2/runs/tc24cons_neo2_public128_native1025_tol12_m1024a4096_20261010_01/manifest.json,9ed6290aa91fd8eb01857f5d97421b6fe3ff0b9c
tc24cons_q_n384_r2049a320_20261010_01,kin6d-GS,complete,local PID 263174,E5_tc24_reference,/home/ert/data/iter_tc24/phase1/kin6d/runs/tc24cons_q_n384_r2049a320_20261010_01,/home/ert/data/iter_tc24/phase1/kin6d/runs/tc24cons_q_n384_r2049a320_20261010_01/manifest.json,60b0ea705ffb3597573f91c4b2b5bda2f4553ac0
tc24cons_export_public128_native1025_tol12_m1024t16384_20261010_01,CHEASE-public,complete,local PID 743959,E5_tc24_reference,/home/ert/data/iter_tc24/phase1/chease_public/runs/tc24cons_export_public128_native1025_tol12_m1024t16384_20261010_01,/home/ert/data/iter_tc24/phase1/chease_public/runs/tc24cons_export_public128_native1025_tol12_m1024t16384_20261010_01/manifest.json,1d294ae7b5ec839f1f4c79714b043ee16c6fcd1b
tc24cons_neo2_public128_native1025_tol12_m1024t16384a4096_20261010_01,NEO-2,complete,local PID 1524738,E5_tc24_reference,/home/ert/data/iter_tc24/phase1/neo-2/runs/tc24cons_neo2_public128_native1025_tol12_m1024t16384a4096_20261010_01,/home/ert/data/iter_tc24/phase1/neo-2/runs/tc24cons_neo2_public128_native1025_tol12_m1024t16384a4096_20261010_01/manifest.json,b67fcb6ed8cbd328d9a82b1a4f98a28f8745356b
