code,name,producer,mpol,nlabel,export_root,grid,path,psi_l2,psi_max,Bphi_l2,Bphi_max,bpol_l2,bpol_max,b_l2,b_max,bmod_l2,bmod_max,total_psi_l2,total_psi_max,total_Bphi_l2,total_Bphi_max,total_bpol_l2,total_bpol_max,total_b_l2,total_b_max,total_bmod_l2,total_bmod_max,consumer_bmod_max,consumer_q_max,ntheta
chease_public,reference,/home/ert/data/iter_tc24/phase1/chease_public/runs/tc24repin_ref_public_n128_20261009_01,128,512,/home/ert/data/iter_tc24/phase1/chease_public/runs/tc24repin_export_public128_20261009_02,513,EQDSK_repo,5.024004567635472e-07,3.7585563401903295e-06,1.602512330262822e-08,2.118195230830851e-07,9.456814823050999e-05,0.0012017026378134093,1.631309552221319e-05,0.00026097501574720697,9.801122346270744e-07,7.168767526301188e-06,5.024004567635472e-07,3.7585563401903295e-06,1.602512330262822e-08,2.118195230830851e-07,9.456814823050999e-05,0.0012017026378134093,1.631309552221319e-05,0.00026097501574720697,9.801122346270744e-07,7.168767526301188e-06,,,
chease_public,reference,/home/ert/data/iter_tc24/phase1/chease_public/runs/tc24repin_ref_public_n128_20261009_01,128,512,/home/ert/data/iter_tc24/phase1/chease_public/runs/tc24repin_export_public128_20261009_02,513,EQDSK_libneo,4.664988988257166e-07,3.5239294255750026e-06,1.7554710205499574e-08,2.013027701385071e-07,9.110485864675069e-05,0.0011105670269071365,1.5715676930268253e-05,0.00024118299979151148,8.927254156476005e-07,6.537073603311471e-06,4.664988988257166e-07,3.5239294255750026e-06,1.7554710205499574e-08,2.013027701385071e-07,9.110485864675069e-05,0.0011105670269071365,1.5715676930268253e-05,0.00024118299979151148,8.927254156476005e-07,6.537073603311471e-06,,,
chease_public,reference,/home/ert/data/iter_tc24/phase1/chease_public/runs/tc24repin_ref_public_n128_20261009_01,128,512,/home/ert/data/iter_tc24/phase1/chease_public/runs/tc24repin_export_public128_20261009_02,513,Boozer,5.734653326232234e-06,0.00016826512005311287,2.6530297664717313e-06,0.0001256737385344732,0.0003198903344639324,0.007375110727117731,5.691930968352968e-05,0.0015960096580280403,3.0778297930641746e-06,0.0001305360789026723,5.734653326232234e-06,0.00016826512005311287,2.6530297664717313e-06,0.0001256737385344732,0.0003198903344639324,0.007375110727117731,5.691930968352968e-05,0.0015960096580280403,3.0778297930641746e-06,0.0001305360789026723,9.819582639234465e-06,3.058525089383313e-05,
chease_public,reference,/home/ert/data/iter_tc24/phase1/chease_public/runs/tc24repin_ref_public_n64_20261009_01,128,512,/home/ert/data/iter_tc24/phase1/chease_public/runs/tc24repin_export_public64_20261009_01,513,EQDSK_repo,5.591819827964066e-07,3.6697033854883785e-06,1.6902680356506357e-08,1.6396618533509813e-07,0.00011231493588898129,0.001258752000544332,1.9374358280152834e-05,0.0002733244383651401,7.216444826245583e-07,4.9079533188972964e-06,2.2765154460563744e-05,0.00014759811265835127,4.908773025687229e-07,2.767979767515788e-06,0.0010896046622850314,0.006626142235822164,0.0001879583745972456,0.001439006400300559,1.1817702985266696e-05,9.590678009864212e-05,,,
chease_public,reference,/home/ert/data/iter_tc24/phase1/chease_public/runs/tc24repin_ref_public_n64_20261009_01,128,512,/home/ert/data/iter_tc24/phase1/chease_public/runs/tc24repin_export_public64_20261009_01,513,EQDSK_libneo,5.152354798084927e-07,3.4282932679536148e-06,1.8251138125645033e-08,1.7796714016718644e-07,0.00010058538404144196,0.0010145447162208602,1.7351010168018307e-05,0.00022029746292159482,6.788037152726922e-07,3.7803615469206807e-06,2.2773627354866458e-05,0.00014759457440735585,4.916577220625648e-07,2.770134919557472e-06,0.0010918903330652784,0.006637042731919557,0.00018835265546944077,0.001441373672318333,1.1817178864444877e-05,9.586835697571132e-05,,,
chease_public,reference,/home/ert/data/iter_tc24/phase1/chease_public/runs/tc24repin_ref_public_n64_20261009_01,128,512,/home/ert/data/iter_tc24/phase1/chease_public/runs/tc24repin_export_public64_20261009_01,513,Boozer,4.180157349165912e-06,9.32724324783111e-05,1.5595383177867698e-06,6.630617480653443e-05,0.00027330115069898,0.0044104792907032194,4.8604986138798235e-05,0.0009552570332959176,2.4444711634480543e-06,4.725461223979126e-05,2.8569707556618026e-05,0.00017798820732009682,1.6248712095330164e-06,6.482054304890521e-05,0.001089871614185844,0.008385016248861748,0.00019372498502855977,0.001814351830220606,1.5470696090134876e-05,0.0002838366427154493,5.665645859609854e-06,2.3054419634127576e-05,
chease_public,gfile_chease,/home/ert/data/iter_tc24/phase1/chease_public/runs/tc24repin_gfile_chease_public_n32_20261009_01,128,512,/home/ert/data/iter_tc24/phase1/chease_public/runs/tc24repin_export_gfile_chease_public32_20261009_01,513,EQDSK_repo,1.7669749982088566e-06,1.7541153181101013e-05,5.928980858351038e-08,1.0068475431359122e-06,0.00034570319931554746,0.0031188164919645463,5.965982816201366e-05,0.0006789091333709921,1.2965715352882167e-06,1.63586998467331e-05,1.7669749982088566e-06,1.7541153181101013e-05,5.928980858351038e-08,1.0068475431359122e-06,0.00034570319931554746,0.0031188164919645463,5.965982816201366e-05,0.0006789091333709921,1.2965715352882167e-06,1.63586998467331e-05,,,
chease_public,gfile_chease,/home/ert/data/iter_tc24/phase1/chease_public/runs/tc24repin_gfile_chease_public_n32_20261009_01,128,512,/home/ert/data/iter_tc24/phase1/chease_public/runs/tc24repin_export_gfile_chease_public32_20261009_01,513,EQDSK_libneo,1.6643770519651362e-06,1.5995611301691292e-05,5.615827905092996e-08,9.180839093239914e-07,0.0003241035760323249,0.003160564700707155,5.593226757234851e-05,0.0006879969431605743,1.1391567279887433e-06,1.1759735100209664e-05,1.6643770519651362e-06,1.5995611301691292e-05,5.615827905092996e-08,9.180839093239914e-07,0.0003241035760323249,0.003160564700707155,5.593226757234851e-05,0.0006879969431605743,1.1391567279887433e-06,1.1759735100209664e-05,,,
chease_public,gfile_chease,/home/ert/data/iter_tc24/phase1/chease_public/runs/tc24repin_gfile_chease_public_n32_20261009_01,128,512,/home/ert/data/iter_tc24/phase1/chease_public/runs/tc24repin_export_gfile_chease_public32_20261009_01,513,Boozer,1.5899709421913576e-05,0.00019072360651323548,3.748041183960933e-06,4.537186909649477e-05,0.001230088326472109,0.013902813598301615,0.0002187542445813748,0.0030291614254148534,6.8767512386906185e-06,0.00010006064260939721,1.5899709421913576e-05,0.00019072360651323548,3.748041183960933e-06,4.537186909649477e-05,0.001230088326472109,0.013902813598301615,0.0002187542445813748,0.0030291614254148534,6.8767512386906185e-06,0.00010006064260939721,1.3185302600227836e-05,1.365967628030873e-05,
chease_public,jintrac,/home/ert/data/iter_tc24/phase1/chease_public/runs/tc24repin_jintrac_public_n32_20261009_01,128,512,/home/ert/data/iter_tc24/phase1/chease_public/runs/tc24repin_export_jintrac_public32_20261009_01,513,EQDSK_repo,1.7292489942951926e-07,8.787200979259624e-07,4.411700353631441e-09,3.777993479546737e-08,2.660665877623625e-05,0.00023355660770011337,4.427551347214731e-06,4.8411636897482895e-05,2.707483845659759e-07,1.8190013924217263e-06,1.7292489942951926e-07,8.787200979259624e-07,4.411700353631441e-09,3.777993479546737e-08,2.660665877623625e-05,0.00023355660770011337,4.427551347214731e-06,4.8411636897482895e-05,2.707483845659759e-07,1.8190013924217263e-06,,,
chease_public,jintrac,/home/ert/data/iter_tc24/phase1/chease_public/runs/tc24repin_jintrac_public_n32_20261009_01,128,512,/home/ert/data/iter_tc24/phase1/chease_public/runs/tc24repin_export_jintrac_public32_20261009_01,513,EQDSK_libneo,1.5991430195057618e-07,8.045146132894781e-07,9.646307162392783e-08,2.14322194416235e-06,2.464239777074523e-05,0.00023374472317915423,4.1017843418771815e-06,4.8450629708174804e-05,2.778060699743114e-07,2.111141058494864e-06,1.5991430195057618e-07,8.045146132894781e-07,9.646307162392783e-08,2.14322194416235e-06,2.464239777074523e-05,0.00023374472317915423,4.1017843418771815e-06,4.8450629708174804e-05,2.778060699743114e-07,2.111141058494864e-06,,,
chease_public,jintrac,/home/ert/data/iter_tc24/phase1/chease_public/runs/tc24repin_jintrac_public_n32_20261009_01,128,512,/home/ert/data/iter_tc24/phase1/chease_public/runs/tc24repin_export_jintrac_public32_20261009_01,513,Boozer,1.8537694746077863e-06,1.34600575996867e-05,4.319165665439505e-07,1.7861472772703198e-06,0.00011564441381438843,0.0009828707295827697,1.985182057975361e-05,0.00020296244542763846,7.176646476107629e-07,6.9490211220698184e-06,1.8537694746077863e-06,1.34600575996867e-05,4.319165665439505e-07,1.7861472772703198e-06,0.00011564441381438843,0.0009828707295827697,1.985182057975361e-05,0.00020296244542763846,7.176646476107629e-07,6.9490211220698184e-06,4.516803734642049e-05,0.00013380326045853153,
chease_public,leonardo,/home/ert/data/iter_tc24/phase1/chease_public/runs/tc24repin_leonardo_public_n32_20261009_01,128,512,/home/ert/data/iter_tc24/phase1/chease_public/runs/tc24repin_export_leonardo_public32_20261009_01,513,EQDSK_repo,1.1692713209113082e-07,9.320813572721934e-07,3.215991946515613e-09,4.922015940772865e-08,1.9031921579016948e-05,0.00019983203129388328,3.3763848170176046e-06,4.417191752172311e-05,2.722039987885042e-07,1.951768650465796e-06,1.1692713209113082e-07,9.320813572721934e-07,3.215991946515613e-09,4.922015940772865e-08,1.9031921579016948e-05,0.00019983203129388328,3.3763848170176046e-06,4.417191752172311e-05,2.722039987885042e-07,1.951768650465796e-06,,,
chease_public,leonardo,/home/ert/data/iter_tc24/phase1/chease_public/runs/tc24repin_leonardo_public_n32_20261009_01,128,512,/home/ert/data/iter_tc24/phase1/chease_public/runs/tc24repin_export_leonardo_public32_20261009_01,513,EQDSK_libneo,1.1041647710600227e-07,8.618788933185436e-07,3.4117553926248316e-09,4.561287535861771e-08,1.7796378873657962e-05,0.00017763152598164364,3.157192023825766e-06,3.926460302749752e-05,2.432511498228515e-07,1.6816530549558327e-06,1.1041647710600227e-07,8.618788933185436e-07,3.4117553926248316e-09,4.561287535861771e-08,1.7796378873657962e-05,0.00017763152598164364,3.157192023825766e-06,3.926460302749752e-05,2.432511498228515e-07,1.6816530549558327e-06,,,
chease_public,leonardo,/home/ert/data/iter_tc24/phase1/chease_public/runs/tc24repin_leonardo_public_n32_20261009_01,128,512,/home/ert/data/iter_tc24/phase1/chease_public/runs/tc24repin_export_leonardo_public32_20261009_01,513,Boozer,1.1868419420294796e-06,1.7665961135233855e-05,2.562898053641178e-07,3.950398729989301e-06,5.472878465862184e-05,0.0005349219748795797,9.995777129935197e-06,0.00011772963478775173,5.259453267195036e-07,3.7448104540850024e-06,1.1868419420294796e-06,1.7665961135233855e-05,2.562898053641178e-07,3.950398729989301e-06,5.472878465862184e-05,0.0005349219748795797,9.995777129935197e-06,0.00011772963478775173,5.259453267195036e-07,3.7448104540850024e-06,6.639580043566441e-06,1.832688969050089e-05,
chease_mars,reference,/home/ert/data/iter_tc24/phase1/chease_mars/runs/tc24repin_ref_mars_n64_20261009_01,128,512,/home/ert/data/iter_tc24/phase1/chease_mars/runs/tc24repin_export_mars64_20261009_01,513,EQDSK_repo,1.241219887902854e-07,8.780026081064739e-07,3.730697196731089e-09,3.634434510624521e-08,4.18243523030953e-05,0.0006013430495357934,7.214711384836495e-06,0.00013057542350855019,3.143225709706673e-07,2.5355123589269364e-06,2.313819167053469e-05,0.00015439779112685095,4.3766293988960925e-07,3.1168651426112793e-06,0.0011141789210468741,0.006495211992580081,0.0001921973171879023,0.0014105721340441201,1.192959837869158e-05,9.578507657883779e-05,,,
chease_mars,reference,/home/ert/data/iter_tc24/phase1/chease_mars/runs/tc24repin_ref_mars_n64_20261009_01,128,512,/home/ert/data/iter_tc24/phase1/chease_mars/runs/tc24repin_export_mars64_20261009_01,513,EQDSK_libneo,9.783922882969909e-08,5.893872207715168e-07,9.92573236492853e-09,1.7803721740016686e-07,3.202436196557729e-05,0.00024147245839890123,5.524218500157292e-06,5.243324485752646e-05,2.7669270660117263e-07,2.4075177756767717e-06,2.3148363418618718e-05,0.00015440860952012115,4.38396077445964e-07,3.1289005435203537e-06,0.0011186084515986024,0.006509225364702266,0.00019296141476389715,0.0014136154324970221,1.1928448267177887e-05,9.577281432254919e-05,,,
chease_mars,reference,/home/ert/data/iter_tc24/phase1/chease_mars/runs/tc24repin_ref_mars_n64_20261009_01,128,512,/home/ert/data/iter_tc24/phase1/chease_mars/runs/tc24repin_export_mars64_20261009_01,513,Boozer,4.268350866322326e-06,9.317593572686558e-05,1.5739828528308114e-06,6.588717390093026e-05,0.00026759674462931686,0.004388132597380765,4.759198279504701e-05,0.0009503887631350665,2.414857927519613e-06,4.7979886757282644e-05,2.8743196271343622e-05,0.00018631003586544047,1.6299244804419288e-06,6.470726799375692e-05,0.0011000729790575999,0.008491084555256784,0.00019553820701991546,0.001837302665749706,1.53672622843581e-05,0.0002927677459034691,5.116001694435083e-06,8.960542061564603e-06,
chease_mars,reference,/home/ert/data/iter_tc24/phase1/chease_mars/runs/tc24repin_ref_mars_n128_20261009_02,128,512,/home/ert/data/iter_tc24/phase1/chease_mars/runs/tc24repin_export_mars128_20261009_01,513,EQDSK_repo,1.2976360334212022e-07,1.1696579274292066e-06,3.979280265690823e-09,5.180047588658127e-08,5.596410839675007e-05,0.0008220860130393543,9.653857444138126e-06,0.00017853333651937807,3.2147644724820185e-07,2.4846041547442027e-06,3.7741345698676197e-07,2.9662036791876927e-06,9.167107413680287e-09,6.95501200629627e-08,6.142364171233747e-05,0.0007957337428807722,1.0595635508332095e-05,0.0001728103311491077,3.585412820127814e-07,2.2482224757090265e-06,,,
chease_mars,reference,/home/ert/data/iter_tc24/phase1/chease_mars/runs/tc24repin_ref_mars_n128_20261009_02,128,512,/home/ert/data/iter_tc24/phase1/chease_mars/runs/tc24repin_export_mars128_20261009_01,513,EQDSK_libneo,1.1871334096581206e-07,9.64496327134183e-07,1.0210135074918954e-08,1.781018351797492e-07,5.224168333160664e-05,0.0007038236204263774,9.011740747152296e-06,0.000152850155578081,2.689576478068052e-07,1.8756851953454023e-06,3.694421826888916e-07,2.9900623084649957e-06,1.3050078190935658e-08,1.8275306576547616e-07,5.947432679319801e-05,0.0006698831291790947,1.0259381193406892e-05,0.00014547921827149212,3.1513636411875216e-07,2.0023545494794607e-06,,,
chease_mars,reference,/home/ert/data/iter_tc24/phase1/chease_mars/runs/tc24repin_ref_mars_n128_20261009_02,128,512,/home/ert/data/iter_tc24/phase1/chease_mars/runs/tc24repin_export_mars128_20261009_01,513,Boozer,5.786931497628986e-06,0.00017035272744665464,2.6599726983086103e-06,0.000126750876650149,0.0003200896536037123,0.007476543676429213,5.695503072012921e-05,0.001617909632012066,2.9658622922883832e-06,0.00012887427563787566,5.784835920575959e-06,0.00016982227520899622,2.6603751308746854e-06,0.0001267212102751981,0.0003177196966359782,0.007392335882816517,5.653424554211996e-05,0.001599702905260818,2.9542314202671348e-06,0.0001278192257794499,9.385464094754916e-06,9.508631237054033e-06,
chease_mars,gfile_chease,/home/ert/data/iter_tc24/phase1/chease_mars/runs/tc24repin_gfile_chease_mars_n32_20261009_01,128,512,/home/ert/data/iter_tc24/phase1/chease_mars/runs/tc24repin_export_gfile_chease_mars32_20261009_01,513,EQDSK_repo,5.630207657296398e-07,8.10138855007504e-06,1.76987413076986e-08,3.40151407070753e-07,0.00013240163041133035,0.0013808097634205516,2.2849205682658765e-05,0.0003005695395436862,9.453142222078628e-07,1.302599741175364e-05,6.639912585740735e-06,2.755963054258385e-05,2.7263002636859187e-06,6.5995735735558874e-06,0.00016343939069577852,0.0014317355007957872,2.83331330394386e-05,0.00031166314967515763,2.9349696565197414e-06,1.4385161762170808e-05,,,
chease_mars,gfile_chease,/home/ert/data/iter_tc24/phase1/chease_mars/runs/tc24repin_gfile_chease_mars_n32_20261009_01,128,512,/home/ert/data/iter_tc24/phase1/chease_mars/runs/tc24repin_export_gfile_chease_mars32_20261009_01,513,EQDSK_libneo,6.202085278495993e-07,9.918692154862897e-06,2.1812761934842376e-08,4.1651969393758053e-07,0.00011141384261862678,0.0015643876331667742,1.922724551380491e-05,0.0003405303295823392,7.306794350508283e-07,1.5465954564388256e-05,6.6304611210748745e-06,2.7552269031533223e-05,2.726192214916219e-06,6.597914706135676e-06,0.00015216403911297332,0.0017561415620649255,2.6396680009935337e-05,0.00038228041085952276,2.8749880196863574e-06,1.6825123023851223e-05,,,
chease_mars,gfile_chease,/home/ert/data/iter_tc24/phase1/chease_mars/runs/tc24repin_gfile_chease_mars_n32_20261009_01,128,512,/home/ert/data/iter_tc24/phase1/chease_mars/runs/tc24repin_export_gfile_chease_mars32_20261009_01,513,Boozer,1.5881195460297845e-05,0.00019048179772918528,4.036171044510156e-06,4.5888861230434135e-05,0.0012248152326036707,0.013885079409812805,0.00021782158211740846,0.0030255331422808034,6.896061361585537e-06,0.00010057351506358988,1.7631434461351804e-05,0.00018929004185627376,5.118762000054732e-06,4.803531590105107e-05,0.0012269487560477852,0.01385243907168788,0.00021822306305890397,0.0030181604411711827,7.5891267541078935e-06,0.00010850326544298957,1.3163810370653693e-05,2.4280288011269135e-06,
chease_mars,jintrac,/home/ert/data/iter_tc24/phase1/chease_mars/runs/tc24repin_jintrac_mars_n32_20261009_01,128,512,/home/ert/data/iter_tc24/phase1/chease_mars/runs/tc24repin_export_jintrac_mars32_20261009_01,513,EQDSK_repo,5.497853530581651e-08,5.525685744868031e-07,1.4818698669574351e-09,2.0586411833404437e-08,1.2571763800843693e-05,0.00011412294323272569,2.0920849284328646e-06,2.3655186179161243e-05,1.3749062640341124e-07,1.3147822984666741e-06,7.869896673007719e-06,2.146246218081112e-05,3.078311910312537e-05,6.035648525784772e-05,3.027737882530784e-05,0.00016820610271564305,3.076922631565411e-05,6.250926441360946e-05,3.0099992346901152e-05,5.819639304944164e-05,,,
chease_mars,jintrac,/home/ert/data/iter_tc24/phase1/chease_mars/runs/tc24repin_jintrac_mars_n32_20261009_01,128,512,/home/ert/data/iter_tc24/phase1/chease_mars/runs/tc24repin_export_jintrac_mars32_20261009_01,513,EQDSK_libneo,5.6881805767045065e-08,5.90688541198194e-07,9.801225917857854e-08,2.179329068784502e-06,1.191994206179837e-05,8.560021022588899e-05,1.985966858422614e-06,1.7743048453844543e-05,1.5717083929834252e-07,2.14547636877702e-06,7.870299310966551e-06,2.1472500114434993e-05,3.0791067001883646e-05,6.0354772651796864e-05,2.9486955497907526e-05,0.00016161861444196032,3.0755698668079946e-05,6.176028867989373e-05,3.010525705747056e-05,5.82166196962406e-05,,,
chease_mars,jintrac,/home/ert/data/iter_tc24/phase1/chease_mars/runs/tc24repin_jintrac_mars_n32_20261009_01,128,512,/home/ert/data/iter_tc24/phase1/chease_mars/runs/tc24repin_export_jintrac_mars32_20261009_01,513,Boozer,2.2158960575394446e-06,2.0885587033243685e-05,4.969305166301929e-07,4.579032769470841e-06,0.00011474369955772893,0.0009206180945021782,1.9699105454853135e-05,0.00019010526770102718,6.554708491602734e-07,6.7947901609946475e-06,9.09459764213522e-06,2.6568437454349824e-05,2.0455270628193124e-05,5.4555387094883446e-05,0.00011788414821059013,0.0008502914407257691,2.8555466807159313e-05,0.0001758205824334064,1.9926031454822957e-05,5.470149573304302e-05,4.631114262063119e-05,0.0001368865144248943,
chease_mars,leonardo,/home/ert/data/iter_tc24/phase1/chease_mars/runs/tc24repin_leonardo_mars_n32_20261009_01,128,512,/home/ert/data/iter_tc24/phase1/chease_mars/runs/tc24repin_export_leonardo_mars32_20261009_01,513,EQDSK_repo,2.107011929502456e-08,1.3885619724444467e-07,5.849555413203695e-10,6.487585465219541e-09,8.850068836554168e-06,8.826286561824233e-05,1.5700600278149147e-06,1.9510096361063715e-05,9.907355928311577e-08,8.381467136020228e-07,1.4338361294831927e-07,7.281438176895176e-07,1.0385028439027793e-06,1.427849368653841e-06,1.0778810355643254e-05,9.098811903718074e-05,2.168217078407238e-06,2.0124782473930938e-05,1.0063951233902848e-06,1.495021537274663e-06,,,
chease_mars,leonardo,/home/ert/data/iter_tc24/phase1/chease_mars/runs/tc24repin_leonardo_mars_n32_20261009_01,128,512,/home/ert/data/iter_tc24/phase1/chease_mars/runs/tc24repin_export_leonardo_mars32_20261009_01,513,EQDSK_libneo,2.1994793539535383e-08,1.6686211765793605e-07,1.5720206193699837e-09,2.609349596829337e-08,8.429118915381206e-06,8.071230590996242e-05,1.4953814615636639e-06,1.7841080226452117e-05,9.511031450560212e-08,6.322372801789276e-07,1.4354091452078297e-07,7.183575548450884e-07,1.0384501935031877e-06,1.427760244603616e-06,1.0239136200446788e-05,8.755418319569652e-05,2.084242318717705e-06,1.9366239814034164e-05,1.0095015891431252e-06,1.525029053065389e-06,,,
chease_mars,leonardo,/home/ert/data/iter_tc24/phase1/chease_mars/runs/tc24repin_leonardo_mars_n32_20261009_01,128,512,/home/ert/data/iter_tc24/phase1/chease_mars/runs/tc24repin_export_leonardo_mars32_20261009_01,513,Boozer,9.402284118206675e-07,8.27677742871139e-06,2.583381911466387e-07,3.012307048143403e-06,5.330344921229083e-05,0.0004726472804144333,9.73568260522316e-06,0.00010402385702898545,4.323286387849374e-07,3.708290835884536e-06,9.530058785775979e-07,8.276526408787852e-06,1.056103008172121e-06,3.737218400152048e-06,5.363809292319965e-05,0.0005048197974117197,9.848350983276093e-06,0.0001111149372300208,1.0713539259936462e-06,4.580243458220823e-06,6.590829146415979e-06,1.839408970882861e-05,
kin6d,reference,/home/ert/data/iter_tc24/phase1/kin6d/runs/tc24repin_ref_kin6d_n48_20261009_01,128,512,/home/ert/data/iter_tc24/phase1/kin6d/runs/tc24repin_export_kin6d48_20261009_02,513,EQDSK_repo,1.258405454907554e-06,1.3890218223280923e-05,2.46339317586479e-08,4.5702278801581723e-07,0.00036979985050049206,0.004456559931993053,6.380250969555628e-05,0.0009681389878948841,1.0160581388394193e-05,0.00016764842752488675,0.00013053005912932477,0.0005325799325528418,1.9255202395488717e-06,5.012643490579752e-06,0.0029972494410744266,0.012177868401914153,0.0005170316163144385,0.002644681162046913,0.0001180203343871389,0.0006706194637266528,,,
kin6d,reference,/home/ert/data/iter_tc24/phase1/kin6d/runs/tc24repin_ref_kin6d_n48_20261009_01,128,512,/home/ert/data/iter_tc24/phase1/kin6d/runs/tc24repin_export_kin6d48_20261009_02,513,EQDSK_libneo,1.309449549459353e-06,1.4839837157026907e-05,2.4138317037751096e-08,4.227329575432444e-07,0.0003795750113980311,0.0044675782673178266,6.548904267234853e-05,0.0009705326009183677,1.0718136143354251e-05,0.00016988485897376877,0.00013054830783458348,0.0005335295005899374,1.92484096672331e-06,5.012445996902334e-06,0.003000542679955108,0.012083169363254393,0.0005175996966184378,0.00262411528124929,0.00011823392969543147,0.0006661046190956257,,,
kin6d,reference,/home/ert/data/iter_tc24/phase1/kin6d/runs/tc24repin_ref_kin6d_n48_20261009_01,128,512,/home/ert/data/iter_tc24/phase1/kin6d/runs/tc24repin_export_kin6d48_20261009_02,513,Boozer,4.206198204149733e-05,0.0009864256991484513,7.14746251586648e-06,0.0001315113959915948,0.0009768295866682142,0.017208996920535218,0.0001738100657233299,0.0037349443003084548,2.8972079273888845e-05,0.0005166167163164048,0.00015321196888510476,0.0008810949530749209,7.389378916835129e-06,0.00013443728580843006,0.0034820741402675605,0.024483487212846263,0.0006189568334070751,0.0052977471998704095,0.0001473803533490111,0.0009722069917466903,7.434260717727526e-05,9.497512322953483e-05,
kin6d,reference,/home/ert/data/iter_tc24/phase1/kin6d/runs/tc24repin_ref_kin6d_n64_20261009_01,128,512,/home/ert/data/iter_tc24/phase1/kin6d/runs/tc24repin_export_kin6d64_20261009_01,513,EQDSK_repo,6.334121617830788e-07,5.155207744019873e-06,2.3895423201252837e-08,4.588536367860091e-07,0.00018193226325105612,0.0013641557156087395,3.1384961633812615e-05,0.00029631882346471813,6.115884143414314e-06,8.60612546364904e-05,5.7553980891911304e-05,0.00028528344745158213,4.698731776939379e-07,3.3500179671787517e-06,0.0019803231433052353,0.011669109848596336,0.00034160777949917166,0.0025341928204687895,7.793664479295016e-05,0.0006859108132017023,,,
kin6d,reference,/home/ert/data/iter_tc24/phase1/kin6d/runs/tc24repin_ref_kin6d_n64_20261009_01,128,512,/home/ert/data/iter_tc24/phase1/kin6d/runs/tc24repin_export_kin6d64_20261009_01,513,EQDSK_libneo,7.037216157592373e-07,5.6783480132274376e-06,2.3447192147977427e-08,4.2213280931126635e-07,0.00019259218124679698,0.0014082308614181843,3.322389262937643e-05,0.00030589272723442236,6.492983629056755e-06,8.783885868047921e-05,5.755961423081229e-05,0.00028527004098884785,4.699828338065288e-07,3.3531603805155388e-06,0.001983332049191587,0.011634300156642,0.00034212681805410373,0.002526633163438892,7.797539157841245e-05,0.000684472656909201,,,
kin6d,reference,/home/ert/data/iter_tc24/phase1/kin6d/runs/tc24repin_ref_kin6d_n64_20261009_01,128,512,/home/ert/data/iter_tc24/phase1/kin6d/runs/tc24repin_export_kin6d64_20261009_01,513,Boozer,3.436112665721221e-05,0.0006617174875081818,6.375794516138736e-06,0.00014180330279308634,0.0007644228620252569,0.009172282723386917,0.00013604533509844726,0.0019842278885044027,2.36072199647e-05,0.0003455450068434457,7.829013190560745e-05,0.0008015159250474772,6.376826708594807e-06,0.00014243432836763187,0.0023719592406182773,0.011555640451927803,0.0004216522712091828,0.002500406361249802,0.00010134662129288864,0.000731797390514935,4.269615714890047e-05,0.00018067506693963953,
kin6d,reference,/home/ert/data/iter_tc24/phase1/kin6d/runs/tc24repin_ref_kin6d_n96_20261009_01,128,512,/home/ert/data/iter_tc24/phase1/kin6d/runs/tc24repin_export_kin6d96_20261009_01,513,EQDSK_repo,4.928163379342736e-07,3.4506691294252774e-06,2.36878751695365e-08,4.5865486158201333e-07,0.0002125270097691189,0.002229809272310654,3.6661012145827747e-05,0.00048414724647910247,6.059488638696469e-06,6.548271475401432e-05,2.865508919549549e-05,0.00016565793442111786,2.3742965937418576e-07,1.7863374885043274e-06,0.00136548961852005,0.005964042544718309,0.0002355482638687413,0.0012952175120096961,5.522119845112951e-05,0.0003895560176598311,,,
kin6d,reference,/home/ert/data/iter_tc24/phase1/kin6d/runs/tc24repin_ref_kin6d_n96_20261009_01,128,512,/home/ert/data/iter_tc24/phase1/kin6d/runs/tc24repin_export_kin6d96_20261009_01,513,EQDSK_libneo,4.980135346344608e-07,3.913614631270354e-06,2.3118985070777264e-08,4.2168160008329344e-07,0.0002124445535759614,0.002151735018779344,3.664678806582924e-05,0.00046719537717108744,6.312504071888463e-06,6.741870836642369e-05,2.864317474333e-05,0.0001656211704506908,2.3749730540292938e-07,1.7848961592179087e-06,0.0013686363024501623,0.005982845983746306,0.0002360910693847531,0.0012993009992950705,5.5381227385587393e-05,0.0003911918840004387,,,
kin6d,reference,/home/ert/data/iter_tc24/phase1/kin6d/runs/tc24repin_ref_kin6d_n96_20261009_01,128,512,/home/ert/data/iter_tc24/phase1/kin6d/runs/tc24repin_export_kin6d96_20261009_01,513,Boozer,3.586958886329492e-05,0.0007319396614658694,5.698232307638838e-06,0.00019427964420061606,0.0005821086707566575,0.011016876351087208,0.00010362914865080435,0.0023859281525432856,1.8378924000445736e-05,0.0004529255923915267,4.407202948052492e-05,0.0007245707746764162,5.7028537884067034e-06,0.0001943031814411619,0.0014242184641707247,0.010055596139218121,0.00025321040470925024,0.0021768318109015184,6.02793857539342e-05,0.0005063006741109868,3.6233127219502596e-05,6.642369737619447e-05,
kin6d,gfile_chease,/home/ert/data/iter_tc24/phase1/kin6d/runs/tc24repin_gfile_chease_kin6d_n16_20261009_01,128,512,/home/ert/data/iter_tc24/phase1/kin6d/runs/tc24repin_export_gfile_chease_kin6d16_20261009_01,513,EQDSK_repo,2.1219190778875813e-06,2.1127841305279802e-05,3.435414016140198e-08,4.5004583762094267e-07,0.001112133192336176,0.015578089601189308,0.00019203667062770162,0.0033607277097255596,1.8860489795769158e-05,0.000226643854781539,0.0013814963202464976,0.00753823280064028,1.6046450039875217e-05,0.0001222925578978256,0.011378860081512178,0.05697182947316859,0.001963772689377044,0.012401743959790577,0.00028188304585764496,0.0014376645913749889,,,
kin6d,gfile_chease,/home/ert/data/iter_tc24/phase1/kin6d/runs/tc24repin_gfile_chease_kin6d_n16_20261009_01,128,512,/home/ert/data/iter_tc24/phase1/kin6d/runs/tc24repin_export_gfile_chease_kin6d16_20261009_01,513,EQDSK_libneo,2.116956711565706e-06,1.9972482333949044e-05,3.385566454471216e-08,4.1257720566278187e-07,0.0011508227738588987,0.016160987417423354,0.00019871736153386863,0.0034864787403968,1.9459735805597154e-05,0.00023737958572663277,0.001381543097689485,0.007538036354032347,1.604680950698187e-05,0.00012228947234526827,0.011381005334127073,0.0570858504088785,0.001964142897641099,0.012426564171888893,0.0002818205990894034,0.001431717916750676,,,
kin6d,gfile_chease,/home/ert/data/iter_tc24/phase1/kin6d/runs/tc24repin_gfile_chease_kin6d_n16_20261009_01,128,512,/home/ert/data/iter_tc24/phase1/kin6d/runs/tc24repin_export_gfile_chease_kin6d16_20261009_01,513,Boozer,7.344613303699836e-05,0.0012993445070335528,2.2999252503181556e-05,0.0004359831283015843,0.0027815847581872484,0.06407477569792569,0.0004953092422591466,0.013658460528884163,5.4575047495431055e-05,0.0014148666766437322,0.001549234005246208,0.008548910895961298,2.777142327235807e-05,0.00043291828487051066,0.013001343070256124,0.07545792499077514,0.0023124061498990814,0.016439123698295047,0.0003613121215199995,0.002192560064697565,0.0003697895088236732,0.000569808500379354,
kin6d,jintrac,/home/ert/data/iter_tc24/phase1/kin6d/runs/tc24repin_jintrac_kin6d_n16_20261009_01,128,512,/home/ert/data/iter_tc24/phase1/kin6d/runs/tc24repin_export_jintrac_kin6d16_20261009_01,513,EQDSK_repo,2.2094553477885247e-06,2.9462128579319755e-05,7.444563701463753e-08,8.117544692454915e-07,0.0006914038482929432,0.007931802950071957,0.00011510938663359856,0.0016329190445755154,1.3504534779066685e-05,0.00022143737730110887,0.0015359643391798681,0.005778399695198626,6.0078542602411654e-05,0.00012471830408905684,0.011493923987867152,0.05703046275697579,0.0019135930714420755,0.011821294769336094,0.00026895332023783885,0.0014610108941100163,,,
kin6d,jintrac,/home/ert/data/iter_tc24/phase1/kin6d/runs/tc24repin_jintrac_kin6d_n16_20261009_01,128,512,/home/ert/data/iter_tc24/phase1/kin6d/runs/tc24repin_export_jintrac_kin6d16_20261009_01,513,EQDSK_libneo,2.2803825433329976e-06,2.8232076850135715e-05,7.914656042954874e-08,9.089157042010627e-07,0.0007168679092069329,0.007797412014975016,0.00011934880951620558,0.0016052520023820682,1.4018936869860723e-05,0.00021769030491547133,0.0015360185085542132,0.0057785287568160515,6.0081493762658327e-05,0.00012471773967324325,0.011497685305147155,0.05736803079004015,0.0019142187732313458,0.01189126579884176,0.0002689797905791153,0.001455481757513,,,
kin6d,jintrac,/home/ert/data/iter_tc24/phase1/kin6d/runs/tc24repin_jintrac_kin6d_n16_20261009_01,128,512,/home/ert/data/iter_tc24/phase1/kin6d/runs/tc24repin_export_jintrac_kin6d16_20261009_01,513,Boozer,7.553129118325477e-05,0.0014325364580374225,2.0378241413340213e-05,0.00046466118575385365,0.002426070123481554,0.04878925818175051,0.000416983807664732,0.009925697567271847,4.416693644576358e-05,0.0010763720862785118,0.001659872894314777,0.006710683857576044,5.518776041392376e-05,0.0004593277000135079,0.01236560021495651,0.06535839269764918,0.002123272939047671,0.013496226106577459,0.0003332550618355429,0.002190967817350005,0.00038369329151533097,0.00047794779501630913,
kin6d,leonardo,/home/ert/data/iter_tc24/phase1/kin6d/runs/tc24repin_leonardo_kin6d_n24_20261009_01,128,512,/home/ert/data/iter_tc24/phase1/kin6d/runs/tc24repin_export_leonardo_kin6d24_20261009_01,513,EQDSK_repo,1.416092221733484e-06,1.018566690861444e-05,1.8468456602092916e-08,2.182073656475922e-07,0.0004845115152374185,0.0047625903683795375,8.596985235437923e-05,0.0010518607872131386,1.1347654573981638e-05,0.0001038344344948536,0.0005977629478412157,0.0015843835833516961,2.514655360735886e-05,5.9396835790946636e-05,0.005633272362797652,0.0170194662182013,0.0009996845351036845,0.003762160393058918,0.00019912302505938046,0.0008477591495955124,,,
kin6d,leonardo,/home/ert/data/iter_tc24/phase1/kin6d/runs/tc24repin_leonardo_kin6d_n24_20261009_01,128,512,/home/ert/data/iter_tc24/phase1/kin6d/runs/tc24repin_export_leonardo_kin6d24_20261009_01,513,EQDSK_libneo,1.4477527256067717e-06,1.0721827894113722e-05,1.844185558268724e-08,2.2968821618089368e-07,0.0004834657277678538,0.0045038296345350165,8.578429186677949e-05,0.0009947111566824729,1.1425052334303723e-05,9.896205668375747e-05,0.000597752144211065,0.0015840465480360833,2.5146805103345265e-05,5.939643575150132e-05,0.005637026081484157,0.017310841661047644,0.0010003502707288637,0.003826566042035541,0.00019895748106489645,0.0008478365379509458,,,
kin6d,leonardo,/home/ert/data/iter_tc24/phase1/kin6d/runs/tc24repin_leonardo_kin6d_n24_20261009_01,128,512,/home/ert/data/iter_tc24/phase1/kin6d/runs/tc24repin_export_leonardo_kin6d24_20261009_01,513,Boozer,4.37713945913062e-05,0.000886383541311242,1.4139533748244426e-05,0.0005803610746410226,0.0012181128293067482,0.03272625432181746,0.00022290950915049415,0.007176426984584419,2.7935659233829454e-05,0.0006138344011667566,0.0006373699933979759,0.002065018866806058,2.812927105891715e-05,0.0006136171796164206,0.005953316727794821,0.04200673395571586,0.0010874211239501384,0.009257144611182355,0.0002530467062972269,0.0017737131506584017,0.00017379838182827998,0.00012486355354657253,
kin6d,reference,/home/ert/data/iter_tc24/phase1/kin6d/runs/tc24repin_ref_kin6d_n96_20261009_01,128,512,/home/ert/data/iter_tc24/phase1/kin6d/runs/tc24repin_export_kin6d96_g1025_20261009_03,1025,EQDSK_repo,2.340231021295067e-07,2.3581264506805443e-06,2.171415477763835e-09,4.34110627765146e-08,0.00014074081284229628,0.0016587586244365632,2.4277853575638415e-05,0.0003601578957542058,2.637772697755904e-06,3.2533607678710406e-05,2.8665116082152253e-05,0.00016524720916527244,2.375999809830898e-07,1.7887163920106208e-06,0.0013631282521485814,0.005880052848139493,0.00023514092648229133,0.0012769773061428995,5.445495038868466e-05,0.00038422049200370417,,,
kin6d,reference,/home/ert/data/iter_tc24/phase1/kin6d/runs/tc24repin_ref_kin6d_n96_20261009_01,128,512,/home/ert/data/iter_tc24/phase1/kin6d/runs/tc24repin_export_kin6d96_g1025_20261009_03,1025,EQDSK_libneo,2.3104759037404722e-07,2.235304773117802e-06,1.999881322286363e-09,4.0911921127664694e-08,0.0001445090347556813,0.0016566519380377285,2.492787353321536e-05,0.00035970048128670836,2.70952965026504e-06,3.189437270638163e-05,2.8663585523342546e-05,0.0001651747728057399,2.375810052093095e-07,1.7881715959299916e-06,0.001364397800057331,0.005862627896223592,0.00023535992447465208,0.001273193111717881,5.45137930501519e-05,0.0003830359114785213,,,
kin6d,reference,/home/ert/data/iter_tc24/phase1/kin6d/runs/tc24repin_ref_kin6d_n96_20261009_01,128,512,/home/ert/data/iter_tc24/phase1/kin6d/runs/tc24repin_export_kin6d96_g1025_20261009_03,1025,Boozer,5.515583418318402e-05,0.0006651776394639408,8.126517234496007e-06,0.00019320305762863152,0.0006928042768742681,0.01052009171952354,0.00012341420997687632,0.0022766619229517195,1.9190760699114936e-05,0.00045311819681908845,6.215288628268205e-05,0.000678264312175973,8.12840439383085e-06,0.0001924514912092143,0.0014724507854818876,0.010613334899680823,0.0002618433473139689,0.0022966106671225167,6.0710795171696304e-05,0.0005043622309495816,3.90739056909057e-05,5.9462900143358866e-05,
kin6d,reference,/home/ert/data/iter_tc24/phase1/kin6d/runs/tc24repin_ref_kin6d_n96_20261009_01,256,1024,/home/ert/data/iter_tc24/phase1/kin6d/runs/tc24repin_export_kin6d96_g1025_b1024m256_20261009_01,1025,EQDSK_repo,2.340231021295067e-07,2.3581264506805443e-06,2.171415477763835e-09,4.34110627765146e-08,0.00014074081284229628,0.0016587586244365632,2.4277853575638415e-05,0.0003601578957542058,2.637772697755904e-06,3.2533607678710406e-05,2.8665116082152253e-05,0.00016524720916527244,2.375999809830898e-07,1.7887163920106208e-06,0.0013631282521485814,0.005880052848139493,0.00023514092648229133,0.0012769773061428995,5.445495038868466e-05,0.00038422049200370417,,,
kin6d,reference,/home/ert/data/iter_tc24/phase1/kin6d/runs/tc24repin_ref_kin6d_n96_20261009_01,256,1024,/home/ert/data/iter_tc24/phase1/kin6d/runs/tc24repin_export_kin6d96_g1025_b1024m256_20261009_01,1025,EQDSK_libneo,2.3104759037404722e-07,2.235304773117802e-06,1.999881322286363e-09,4.0911921127664694e-08,0.0001445090347556813,0.0016566519380377285,2.492787353321536e-05,0.00035970048128670836,2.70952965026504e-06,3.189437270638163e-05,2.8663585523342546e-05,0.0001651747728057399,2.375810052093095e-07,1.7881715959299916e-06,0.001364397800057331,0.005862627896223592,0.00023535992447465208,0.001273193111717881,5.45137930501519e-05,0.0003830359114785213,,,
kin6d,reference,/home/ert/data/iter_tc24/phase1/kin6d/runs/tc24repin_ref_kin6d_n96_20261009_01,256,1024,/home/ert/data/iter_tc24/phase1/kin6d/runs/tc24repin_export_kin6d96_g1025_b1024m256_20261009_01,1025,Boozer,2.328388018647443e-05,0.0008035004018868385,4.125652566279677e-06,0.00013108962154042403,0.0005067253637031825,0.01133806780612917,9.016115576868845e-05,0.0024536488302683733,1.0903198485546218e-05,0.00016316595185048645,3.8372793845662015e-05,0.000811456788364099,4.12637225581368e-06,0.00013061544902502617,0.0015069974620864378,0.014441466451539355,0.000267869333035453,0.0031249253806707924,6.28933995993895e-05,0.0005073986119690988,2.366947863648772e-05,6.556039261285118e-05,
chease_public,reference,/home/ert/data/iter_tc24/phase1/chease_public/runs/tc24repin_ref_public_n128_20261009_01,256,1024,/home/ert/data/iter_tc24/phase1/chease_public/runs/tc24cons_export_public128_b1024m256_20261010_01,513,EQDSK_repo,5.024004567635472e-07,3.7585563401903295e-06,1.602512330262822e-08,2.118195230830851e-07,9.456814823050999e-05,0.0012017026378134093,1.631309552221319e-05,0.00026097501574720697,9.801122346270744e-07,7.168767526301188e-06,5.024004567635472e-07,3.7585563401903295e-06,1.602512330262822e-08,2.118195230830851e-07,9.456814823050999e-05,0.0012017026378134093,1.631309552221319e-05,0.00026097501574720697,9.801122346270744e-07,7.168767526301188e-06,,,4096
chease_public,reference,/home/ert/data/iter_tc24/phase1/chease_public/runs/tc24repin_ref_public_n128_20261009_01,256,1024,/home/ert/data/iter_tc24/phase1/chease_public/runs/tc24cons_export_public128_b1024m256_20261010_01,513,EQDSK_libneo,4.664988988257166e-07,3.5239294255750026e-06,1.7554710205499574e-08,2.013027701385071e-07,9.110485864675069e-05,0.0011105670269071365,1.5715676930268253e-05,0.00024118299979151148,8.927254156476005e-07,6.537073603311471e-06,4.664988988257166e-07,3.5239294255750026e-06,1.7554710205499574e-08,2.013027701385071e-07,9.110485864675069e-05,0.0011105670269071365,1.5715676930268253e-05,0.00024118299979151148,8.927254156476005e-07,6.537073603311471e-06,,,4096
chease_public,reference,/home/ert/data/iter_tc24/phase1/chease_public/runs/tc24repin_ref_public_n128_20261009_01,256,1024,/home/ert/data/iter_tc24/phase1/chease_public/runs/tc24cons_export_public128_b1024m256_20261010_01,513,Boozer,1.8434106083416155e-06,2.8914445549910756e-05,5.209105578888503e-07,2.4347564482728666e-05,0.00010900244083862417,0.0020498542316861753,1.9379893930998156e-05,0.0004435505002468795,1.311342384506566e-06,1.5759934492366602e-05,1.8434106083416155e-06,2.8914445549910756e-05,5.209105578888503e-07,2.4347564482728666e-05,0.00010900244083862417,0.0020498542316861753,1.9379893930998156e-05,0.0004435505002468795,1.311342384506566e-06,1.5759934492366602e-05,7.005937943095725e-06,2.775227313633888e-05,4096
chease_public,reference,/home/ert/data/iter_tc24/phase1/chease_public/runs/tc24repin_ref_public_n128_20261009_01,512,2048,/home/ert/data/iter_tc24/phase1/chease_public/runs/tc24cons_export_public128_b2048m512_20261010_01,513,EQDSK_repo,5.024004567635472e-07,3.7585563401903295e-06,1.602512330262822e-08,2.118195230830851e-07,9.456814823050999e-05,0.0012017026378134093,1.631309552221319e-05,0.00026097501574720697,9.801122346270744e-07,7.168767526301188e-06,5.024004567635472e-07,3.7585563401903295e-06,1.602512330262822e-08,2.118195230830851e-07,9.456814823050999e-05,0.0012017026378134093,1.631309552221319e-05,0.00026097501574720697,9.801122346270744e-07,7.168767526301188e-06,,,8192
chease_public,reference,/home/ert/data/iter_tc24/phase1/chease_public/runs/tc24repin_ref_public_n128_20261009_01,512,2048,/home/ert/data/iter_tc24/phase1/chease_public/runs/tc24cons_export_public128_b2048m512_20261010_01,513,EQDSK_libneo,4.664988988257166e-07,3.5239294255750026e-06,1.7554710205499574e-08,2.013027701385071e-07,9.110485864675069e-05,0.0011105670269071365,1.5715676930268253e-05,0.00024118299979151148,8.927254156476005e-07,6.537073603311471e-06,4.664988988257166e-07,3.5239294255750026e-06,1.7554710205499574e-08,2.013027701385071e-07,9.110485864675069e-05,0.0011105670269071365,1.5715676930268253e-05,0.00024118299979151148,8.927254156476005e-07,6.537073603311471e-06,,,8192
chease_public,reference,/home/ert/data/iter_tc24/phase1/chease_public/runs/tc24repin_ref_public_n128_20261009_01,512,2048,/home/ert/data/iter_tc24/phase1/chease_public/runs/tc24cons_export_public128_b2048m512_20261010_01,513,Boozer,1.1776667722310368e-06,2.7728720297767425e-05,2.620545470192917e-07,6.577179255405483e-06,8.127822625149768e-05,0.0014157585218477129,1.4448607634543943e-05,0.00030634001320969516,9.597924427822944e-07,6.755251231664053e-06,1.1776667722310368e-06,2.7728720297767425e-05,2.620545470192917e-07,6.577179255405483e-06,8.127822625149768e-05,0.0014157585218477129,1.4448607634543943e-05,0.00030634001320969516,9.597924427822944e-07,6.755251231664053e-06,7.026888731434969e-06,2.7670834304216463e-05,8192
chease_public,reference,/home/ert/data/iter_tc24/phase1/chease_public/runs/tc24repin_ref_public_n128_20261009_01,512,2048,/home/ert/data/iter_tc24/phase1/chease_public/runs/tc24cons_export_public128_precision_20261010_01,513,EQDSK_repo,5.024004567635472e-07,3.7585563401903295e-06,1.602512330262822e-08,2.118195230830851e-07,9.456814823050999e-05,0.0012017026378134093,1.631309552221319e-05,0.00026097501574720697,9.801122346270744e-07,7.168767526301188e-06,5.024004567635472e-07,3.7585563401903295e-06,1.602512330262822e-08,2.118195230830851e-07,9.456814823050999e-05,0.0012017026378134093,1.631309552221319e-05,0.00026097501574720697,9.801122346270744e-07,7.168767526301188e-06,,,8192
chease_public,reference,/home/ert/data/iter_tc24/phase1/chease_public/runs/tc24repin_ref_public_n128_20261009_01,512,2048,/home/ert/data/iter_tc24/phase1/chease_public/runs/tc24cons_export_public128_precision_20261010_01,513,EQDSK_libneo,4.664988988257166e-07,3.5239294255750026e-06,1.7554710205499574e-08,2.013027701385071e-07,9.110485864675069e-05,0.0011105670269071365,1.5715676930268253e-05,0.00024118299979151148,8.927254156476005e-07,6.537073603311471e-06,4.664988988257166e-07,3.5239294255750026e-06,1.7554710205499574e-08,2.013027701385071e-07,9.110485864675069e-05,0.0011105670269071365,1.5715676930268253e-05,0.00024118299979151148,8.927254156476005e-07,6.537073603311471e-06,,,8192
chease_public,reference,/home/ert/data/iter_tc24/phase1/chease_public/runs/tc24repin_ref_public_n128_20261009_01,512,2048,/home/ert/data/iter_tc24/phase1/chease_public/runs/tc24cons_export_public128_precision_20261010_01,513,Boozer,1.1756618077557347e-06,2.7719403204322225e-05,2.619689786698225e-07,6.583760348090647e-06,8.127792913610177e-05,0.0014157612190441474,1.4448553367016094e-05,0.00030634059609005573,9.5985770942573e-07,6.755422494594165e-06,1.1756618077557347e-06,2.7719403204322225e-05,2.619689786698225e-07,6.583760348090647e-06,8.127792913610177e-05,0.0014157612190441474,1.4448553367016094e-05,0.00030634059609005573,9.5985770942573e-07,6.755422494594165e-06,7.026792113825552e-06,2.7664713864616886e-05,8192
chease_public,reference,/home/ert/data/iter_tc24/phase1/chease_public/runs/tc24repin_ref_public_n128_20261009_01,512,2048,/home/ert/data/iter_tc24/phase1/chease_public/runs/tc24cons_export_public128_native513_20261010_01,513,EQDSK_repo,1.3051378984453746e-07,1.1820614776653247e-06,3.792467564033425e-09,4.8695276896009744e-08,4.878360880130613e-05,0.0007072151479972279,8.41521581039155e-06,0.00015358665877276533,3.855606149052167e-07,3.3649275676997876e-06,1.3051378984453746e-07,1.1820614776653247e-06,3.792467564033425e-09,4.8695276896009744e-08,4.878360880130613e-05,0.0007072151479972279,8.41521581039155e-06,0.00015358665877276533,3.855606149052167e-07,3.3649275676997876e-06,,,8192
chease_public,reference,/home/ert/data/iter_tc24/phase1/chease_public/runs/tc24repin_ref_public_n128_20261009_01,512,2048,/home/ert/data/iter_tc24/phase1/chease_public/runs/tc24cons_export_public128_native513_20261010_01,513,EQDSK_libneo,1.169640967721966e-07,8.412235457663719e-07,1.0158480803843415e-08,1.781051330647888e-07,4.4982321938177726e-05,0.0005686980906792876,7.75949614029233e-06,0.00012350475816662207,3.17476578810746e-07,2.0118506313935564e-06,1.169640967721966e-07,8.412235457663719e-07,1.0158480803843415e-08,1.781051330647888e-07,4.4982321938177726e-05,0.0005686980906792876,7.75949614029233e-06,0.00012350475816662207,3.17476578810746e-07,2.0118506313935564e-06,,,8192
chease_public,reference,/home/ert/data/iter_tc24/phase1/chease_public/runs/tc24repin_ref_public_n128_20261009_01,512,2048,/home/ert/data/iter_tc24/phase1/chease_public/runs/tc24cons_export_public128_native513_20261010_01,513,Boozer,9.733753911105711e-07,2.5770059132730477e-05,2.492470074610634e-07,6.281169113717386e-06,5.830237665474212e-05,0.0011524943186525293,1.0365509533326535e-05,0.00024937523474497956,3.734081436606456e-07,6.030897200408503e-06,9.733753911105711e-07,2.5770059132730477e-05,2.492470074610634e-07,6.281169113717386e-06,5.830237665474212e-05,0.0011524943186525293,1.0365509533326535e-05,0.00024937523474497956,3.734081436606456e-07,6.030897200408503e-06,1.2251059242931054e-06,2.56898086503643e-06,8192
chease_public,reference,/home/ert/data/iter_tc24/phase1/chease_public/runs/tc24repin_ref_public_n128_20261009_01,512,2048,/home/ert/data/iter_tc24/phase1/chease_public/runs/tc24cons_export_public128_native1025_20261010_01,1025,EQDSK_repo,1.2781701868539247e-08,1.1590090844392498e-07,2.9109844650974695e-10,4.880791759118767e-09,6.096774884197997e-06,4.704570114062968e-05,1.0516990134658899e-06,1.021696510294894e-05,6.381986936872603e-08,6.5520536336558e-07,1.2781701868539247e-08,1.1590090844392498e-07,2.9109844650974695e-10,4.880791759118767e-09,6.096774884197997e-06,4.704570114062968e-05,1.0516990134658899e-06,1.021696510294894e-05,6.381986936872603e-08,6.5520536336558e-07,,,8192
chease_public,reference,/home/ert/data/iter_tc24/phase1/chease_public/runs/tc24repin_ref_public_n128_20261009_01,512,2048,/home/ert/data/iter_tc24/phase1/chease_public/runs/tc24cons_export_public128_native1025_20261010_01,1025,EQDSK_libneo,1.286270915219159e-08,1.2044705829304017e-07,1.2892376709103922e-09,2.1416098079531738e-08,6.274200022918824e-06,4.730230699909472e-05,1.0823057102631354e-06,1.0272691394780179e-05,6.333913012487292e-08,5.840593857403857e-07,1.286270915219159e-08,1.2044705829304017e-07,1.2892376709103922e-09,2.1416098079531738e-08,6.274200022918824e-06,4.730230699909472e-05,1.0823057102631354e-06,1.0272691394780179e-05,6.333913012487292e-08,5.840593857403857e-07,,,8192
chease_public,reference,/home/ert/data/iter_tc24/phase1/chease_public/runs/tc24repin_ref_public_n128_20261009_01,512,2048,/home/ert/data/iter_tc24/phase1/chease_public/runs/tc24cons_export_public128_native1025_20261010_01,1025,Boozer,7.426553459848722e-06,0.00042191653794418154,1.4782154170357482e-06,8.753212543643446e-05,0.00018739146427354476,0.0073482530235187945,3.333852588773221e-05,0.0015901828209588381,4.052475205911169e-07,2.7879199160129976e-05,7.426553459848722e-06,0.00042191653794418154,1.4782154170357482e-06,8.753212543643446e-05,0.00018739146427354476,0.0073482530235187945,3.333852588773221e-05,0.0015901828209588381,4.052475205911169e-07,2.7879199160129976e-05,2.15998883302517e-06,8.316644112271732e-07,8192
chease_public,reference,/home/ert/data/iter_tc24/phase1/chease_public/runs/tc24repin_ref_public_n128_20261009_01,512,2048,/home/ert/data/iter_tc24/phase1/chease_public/runs/tc24cons_export_public128_native1025_tol11_20261010_01,1025,EQDSK_repo,1.2781701868539247e-08,1.1590090844392498e-07,2.9109844650974695e-10,4.880791759118767e-09,6.096774884197997e-06,4.704570114062968e-05,1.0516990134658899e-06,1.021696510294894e-05,6.381986936872603e-08,6.5520536336558e-07,1.2781701868539247e-08,1.1590090844392498e-07,2.9109844650974695e-10,4.880791759118767e-09,6.096774884197997e-06,4.704570114062968e-05,1.0516990134658899e-06,1.021696510294894e-05,6.381986936872603e-08,6.5520536336558e-07,,,8192
chease_public,reference,/home/ert/data/iter_tc24/phase1/chease_public/runs/tc24repin_ref_public_n128_20261009_01,512,2048,/home/ert/data/iter_tc24/phase1/chease_public/runs/tc24cons_export_public128_native1025_tol11_20261010_01,1025,EQDSK_libneo,1.286270915219159e-08,1.2044705829304017e-07,1.2892376709103922e-09,2.1416098079531738e-08,6.274200022918824e-06,4.730230699909472e-05,1.0823057102631354e-06,1.0272691394780179e-05,6.333913012487292e-08,5.840593857403857e-07,1.286270915219159e-08,1.2044705829304017e-07,1.2892376709103922e-09,2.1416098079531738e-08,6.274200022918824e-06,4.730230699909472e-05,1.0823057102631354e-06,1.0272691394780179e-05,6.333913012487292e-08,5.840593857403857e-07,,,8192
chease_public,reference,/home/ert/data/iter_tc24/phase1/chease_public/runs/tc24repin_ref_public_n128_20261009_01,512,2048,/home/ert/data/iter_tc24/phase1/chease_public/runs/tc24cons_export_public128_native1025_tol11_20261010_01,1025,Boozer,3.459818053017135e-07,4.4117345143836476e-06,8.410901235792635e-08,2.8610078025042823e-06,1.9788375390812616e-05,0.0004979799629703413,3.5181403811415207e-06,0.0001077609537400277,1.5232829081142626e-07,2.433008401946086e-06,3.459818053017135e-07,4.4117345143836476e-06,8.410901235792635e-08,2.8610078025042823e-06,1.9788375390812616e-05,0.0004979799629703413,3.5181403811415207e-06,0.0001077609537400277,1.5232829081142626e-07,2.433008401946086e-06,3.1529214010167857e-07,8.467632979236583e-07,8192
chease_public,reference,/home/ert/data/iter_tc24/phase1/chease_public/runs/tc24repin_ref_public_n128_20261009_01,512,2048,/home/ert/data/iter_tc24/phase1/chease_public/runs/tc24cons_export_public128_native1025_tol12_20261010_01,1025,EQDSK_repo,1.2781701868539247e-08,1.1590090844392498e-07,2.9109844650974695e-10,4.880791759118767e-09,6.096774884197997e-06,4.704570114062968e-05,1.0516990134658899e-06,1.021696510294894e-05,6.381986936872603e-08,6.5520536336558e-07,1.2781701868539247e-08,1.1590090844392498e-07,2.9109844650974695e-10,4.880791759118767e-09,6.096774884197997e-06,4.704570114062968e-05,1.0516990134658899e-06,1.021696510294894e-05,6.381986936872603e-08,6.5520536336558e-07,,,8192
chease_public,reference,/home/ert/data/iter_tc24/phase1/chease_public/runs/tc24repin_ref_public_n128_20261009_01,512,2048,/home/ert/data/iter_tc24/phase1/chease_public/runs/tc24cons_export_public128_native1025_tol12_20261010_01,1025,EQDSK_libneo,1.286270915219159e-08,1.2044705829304017e-07,1.2892376709103922e-09,2.1416098079531738e-08,6.274200022918824e-06,4.730230699909472e-05,1.0823057102631354e-06,1.0272691394780179e-05,6.333913012487292e-08,5.840593857403857e-07,1.286270915219159e-08,1.2044705829304017e-07,1.2892376709103922e-09,2.1416098079531738e-08,6.274200022918824e-06,4.730230699909472e-05,1.0823057102631354e-06,1.0272691394780179e-05,6.333913012487292e-08,5.840593857403857e-07,,,8192
chease_public,reference,/home/ert/data/iter_tc24/phase1/chease_public/runs/tc24repin_ref_public_n128_20261009_01,512,2048,/home/ert/data/iter_tc24/phase1/chease_public/runs/tc24cons_export_public128_native1025_tol12_20261010_01,1025,Boozer,3.454106820112543e-07,4.41179821805971e-06,8.411322691159198e-08,2.860996093462726e-06,1.9798636478745508e-05,0.0004979831600639782,3.5199637698180754e-06,0.00010776164606795966,1.523310246167725e-07,2.4330752939561927e-06,3.454106820112543e-07,4.41179821805971e-06,8.411322691159198e-08,2.860996093462726e-06,1.9798636478745508e-05,0.0004979831600639782,3.5199637698180754e-06,0.00010776164606795966,1.523310246167725e-07,2.4330752939561927e-06,3.1526903933622343e-07,8.468035888054004e-07,8192
chease_public,reference,/home/ert/data/iter_tc24/phase1/chease_public/runs/tc24repin_ref_public_n128_20261009_01,512,4096,/home/ert/data/iter_tc24/phase1/chease_public/runs/tc24cons_export_public128_native1025_tol12_rad4096_20261010_01,1025,EQDSK_repo,1.2781701868539247e-08,1.1590090844392498e-07,2.9109844650974695e-10,4.880791759118767e-09,6.096774884197997e-06,4.704570114062968e-05,1.0516990134658899e-06,1.021696510294894e-05,6.381986936872603e-08,6.5520536336558e-07,1.2781701868539247e-08,1.1590090844392498e-07,2.9109844650974695e-10,4.880791759118767e-09,6.096774884197997e-06,4.704570114062968e-05,1.0516990134658899e-06,1.021696510294894e-05,6.381986936872603e-08,6.5520536336558e-07,,,8192
chease_public,reference,/home/ert/data/iter_tc24/phase1/chease_public/runs/tc24repin_ref_public_n128_20261009_01,512,4096,/home/ert/data/iter_tc24/phase1/chease_public/runs/tc24cons_export_public128_native1025_tol12_rad4096_20261010_01,1025,EQDSK_libneo,1.286270915219159e-08,1.2044705829304017e-07,1.2892376709103922e-09,2.1416098079531738e-08,6.274200022918824e-06,4.730230699909472e-05,1.0823057102631354e-06,1.0272691394780179e-05,6.333913012487292e-08,5.840593857403857e-07,1.286270915219159e-08,1.2044705829304017e-07,1.2892376709103922e-09,2.1416098079531738e-08,6.274200022918824e-06,4.730230699909472e-05,1.0823057102631354e-06,1.0272691394780179e-05,6.333913012487292e-08,5.840593857403857e-07,,,8192
chease_public,reference,/home/ert/data/iter_tc24/phase1/chease_public/runs/tc24repin_ref_public_n128_20261009_01,512,4096,/home/ert/data/iter_tc24/phase1/chease_public/runs/tc24cons_export_public128_native1025_tol12_rad4096_20261010_01,1025,Boozer,3.3312130930824767e-07,4.271633016994145e-06,4.4655494285167304e-08,2.1984901675055082e-07,1.7730876965841313e-05,0.00019686060566696548,3.1517751972395784e-06,4.259685108300792e-05,1.4845345313293416e-07,2.432456471914163e-06,3.3312130930824767e-07,4.271633016994145e-06,4.4655494285167304e-08,2.1984901675055082e-07,1.7730876965841313e-05,0.00019686060566696548,3.1517751972395784e-06,4.259685108300792e-05,1.4845345313293416e-07,2.432456471914163e-06,3.1158170000493223e-07,8.287827655273361e-07,8192
