comparison,psi_l2,Bphi_l2,bpol_l2,bpol_max,q_max,volume_rel,phi_edge_rel,psi_axis_rel,axis_rel,axis_distance_m,state_root,reference_root,sample_file
public128_to_public256,7.624288211204054e-06,1.4625017305537626e-07,0.000621751684901977,0.005387580713066357,9.913802647965042e-05,1.7529406370897505e-07,5.097446797996952e-08,1.0395417224806636e-06,1.643956723461663e-08,1.057441209877806e-07,/home/ert/data/iter_tc24/phase1/chease_public/runs/tc24repin_ref_public_n128_20261009_01,/home/ert/data/iter_tc24/phase1/chease_public/runs/tc24w1b_ref_public_n256_20261009_01,/home/ert/data/iter_tc24/phase1/kin6d/runs/tc24w1b_ref_kin6d_n256_20261009_01/common_samples.npz
public128_to_public320,7.69434336195033e-06,1.4705336237226002e-07,0.0006356413672911784,0.005327828798099392,0.0001104278364068012,1.8393532208449415e-07,5.050029705522263e-08,1.0285432872070288e-06,1.5892866618853235e-08,1.0222758213007009e-07,/home/ert/data/iter_tc24/phase1/chease_public/runs/tc24repin_ref_public_n128_20261009_01,/mnt/storage/codex-equilibrium-20261010/vmecpp/scratch/runs/tc24_public_ref_n320_20261010_01,/home/ert/data/iter_tc24/phase1/kin6d/runs/tc24w1b_ref_kin6d_n256_20261009_01/common_samples.npz
public256_to_public320,4.943704922263363e-07,5.947897800274769e-09,5.335636232047243e-05,0.00023834506995523756,1.1288690788591182e-05,8.641256821206866e-09,4.741708137245837e-10,1.0998423838337601e-08,1.098016796691351e-09,7.062766268409097e-09,/home/ert/data/iter_tc24/phase1/chease_public/runs/tc24w1b_ref_public_n256_20261009_01,/mnt/storage/codex-equilibrium-20261010/vmecpp/scratch/runs/tc24_public_ref_n320_20261010_01,/home/ert/data/iter_tc24/phase1/kin6d/runs/tc24w1b_ref_kin6d_n256_20261009_01/common_samples.npz
kin256_to_public256,1.6532631579925566e-06,2.693896686234551e-08,0.00025783636443694,0.002609204663306443,0.0029118852872778156,8.661123152009509e-09,3.327977837752627e-08,5.241555500745676e-08,0.00018413607660962096,0.0011844172833347134,/home/ert/data/iter_tc24/phase1/kin6d/runs/tc24w1b_ref_kin6d_n256_20261009_01,/home/ert/data/iter_tc24/phase1/chease_public/runs/tc24w1b_ref_public_n256_20261009_01,/home/ert/data/iter_tc24/phase1/kin6d/runs/tc24w1b_ref_kin6d_n256_20261009_01/common_samples.npz
kin320_to_public256,7.853164269096895e-07,2.498803415346254e-08,0.00011120063216947808,0.0006356119769119473,0.0029336542344642336,1.2530834592183737e-08,3.264612169484593e-08,5.4183393327633667e-08,8.799408431086031e-05,0.0005660037739912907,/mnt/storage/codex-equilibrium-20261010/kin6d_tc24/scratch/tc24k2_modx03_n320_rankq5_20261010_01,/home/ert/data/iter_tc24/phase1/chease_public/runs/tc24w1b_ref_public_n256_20261009_01,/home/ert/data/iter_tc24/phase1/kin6d/runs/tc24w1b_ref_kin6d_n256_20261009_01/common_samples.npz
kin256_to_public320,1.5374757898321197e-06,2.6163062527024072e-08,0.00025210177376000926,0.0026048623776060045,0.002918289156518261,1.9866441824945014e-11,3.3753949302273156e-08,6.341397829068285e-08,0.00018413654389963686,0.0011844202884278429,/home/ert/data/iter_tc24/phase1/kin6d/runs/tc24w1b_ref_kin6d_n256_20261009_01,/mnt/storage/codex-equilibrium-20261010/vmecpp/scratch/runs/tc24_public_ref_n320_20261010_01,/home/ert/data/iter_tc24/phase1/kin6d/runs/tc24w1b_ref_kin6d_n256_20261009_01/common_samples.npz
kin320_to_public320,5.53402524994078e-07,2.4174783589194262e-08,9.935835333859661e-05,0.0006862532897812052,0.0029343831573471757,3.889577993021476e-09,3.312029261959282e-08,4.318496893418455e-08,8.799456429496634e-05,0.0005660068610776828,/mnt/storage/codex-equilibrium-20261010/kin6d_tc24/scratch/tc24k2_modx03_n320_rankq5_20261010_01,/mnt/storage/codex-equilibrium-20261010/vmecpp/scratch/runs/tc24_public_ref_n320_20261010_01,/home/ert/data/iter_tc24/phase1/kin6d/runs/tc24w1b_ref_kin6d_n256_20261009_01/common_samples.npz
kin256_readback2049_to_public256,1.6532631579925566e-06,2.693896686234551e-08,0.00025783636443694,0.002609204663306443,0.00022879279235432648,8.661123152009509e-09,3.327977837752627e-08,5.241555500745676e-08,0.00018413607660962096,0.0011844172833347134,/home/ert/data/iter_tc24/phase1/kin6d/runs/tc24cons_q_n256_r2049a320_20261010_01,/home/ert/data/iter_tc24/phase1/chease_public/runs/tc24w1b_ref_public_n256_20261009_01,/home/ert/data/iter_tc24/phase1/kin6d/runs/tc24w1b_ref_kin6d_n256_20261009_01/common_samples.npz
kin256_readback2049_to_public320,1.5374757898321197e-06,2.6163062527024072e-08,0.00025210177376000926,0.0026048623776060045,0.0002352138939469839,1.9866441824945014e-11,3.3753949302273156e-08,6.341397829068285e-08,0.00018413654389963686,0.0011844202884278429,/home/ert/data/iter_tc24/phase1/kin6d/runs/tc24cons_q_n256_r2049a320_20261010_01,/mnt/storage/codex-equilibrium-20261010/vmecpp/scratch/runs/tc24_public_ref_n320_20261010_01,/home/ert/data/iter_tc24/phase1/kin6d/runs/tc24w1b_ref_kin6d_n256_20261009_01/common_samples.npz
