code,name,ns,nt,wall_s,returncode,native_converged,raw_root,psi_axis,current_A,q_axis,q95,resolution,n,total_current,degree,iterations,dof,contour_s,integral_s,radial_points,angular_points,majorant_status,axis_R,axis_Z,volume,phi_edge,residual,flux_consistency,majorant,majorant_flux,majorant_balance,majorant_recovery_converged,majorant_iterations,estimator_s,solve_s,inverse_evaluations,inverse_q_error,stability_estimate,reference,profile_contract,version,code_commit,binary_path,process_id,input_hash,binary_sha256,state,native_wall_s,niter,fsqr,fsqz,fsql,ftolv,ier_flag,jax,source_path,threads,cpu_affinity,seed_iterations,message,optimality,cost,initial_guess
chease_public,reference,16,32,5.530711616855115,0,True,/home/ert/data/iter_tc24/phase1/chease_public/runs/tc24repin_ref_public_n16_20261009_01,-11.84307415,-15541123.77,-0.9951904333,-3.079956833,null,,,,,,,,,,,,,,,,,,,,,,,,,,,,,,,,,,,,,,,,,,,,,,,,,,,
chease_public,reference,32,64,9.734091769903898,0,True,/home/ert/data/iter_tc24/phase1/chease_public/runs/tc24repin_ref_public_n32_20261009_01,-11.82452175,-15491476.17,-1.002897223,-3.1010122551999997,null,,,,,,,,,,,,,,,,,,,,,,,,,,,,,,,,,,,,,,,,,,,,,,,,,,,
chease_public,reference,64,128,36.43745898688212,0,True,/home/ert/data/iter_tc24/phase1/chease_public/runs/tc24repin_ref_public_n64_20261009_01,-11.8256551,-15485547.83,-1.00232861,-3.1064902726,null,,,,,,,,,,,,,,,,,,,,,,,,,,,,,,,,,,,,,,,,,,,,,,,,,,,
chease_public,reference,128,256,190.93653823784553,0,True,/home/ert/data/iter_tc24/phase1/chease_public/runs/tc24repin_ref_public_n128_20261009_01,-11.82555293,-15482088.37,-1.002272736,-3.1068902438,null,,,,,,,,,,,,,,,,,,,,,,,,,,,,,,,,,,,,,,,,,,,,,,,,,,,
chease_public,gfile_chease,32,64,8.303294732002541,0,True,/home/ert/data/iter_tc24/phase1/chease_public/runs/tc24repin_gfile_chease_public_n32_20261009_01,-11.8282921,-15493092.28,-1.002464955,-3.0987508723999997,null,,,,,,,,,,,,,,,,,,,,,,,,,,,,,,,,,,,,,,,,,,,,,,,,,,,
chease_public,jintrac,32,64,8.247428289148957,0,True,/home/ert/data/iter_tc24/phase1/chease_public/runs/tc24repin_jintrac_public_n32_20261009_01,11.47456566,14705342.02,-2.065435774,-3.2468992824,null,,,,,,,,,,,,,,,,,,,,,,,,,,,,,,,,,,,,,,,,,,,,,,,,,,,
chease_public,leonardo,32,64,7.939853701973334,0,True,/home/ert/data/iter_tc24/phase1/chease_public/runs/tc24repin_leonardo_public_n32_20261009_01,-11.88337705,-15222757.07,-1.373947265,-3.0527558611999996,null,,,,,,,,,,,,,,,,,,,,,,,,,,,,,,,,,,,,,,,,,,,,,,,,,,,
chease_public,reference_smooth,16,32,3.7610103141050786,0,True,/home/ert/data/iter_tc24/phase1/chease_public/runs/tc24w1_refsmooth_chease_public_n16_20261009_01,-11.82234711,-15534513.71,-1.046844218,-3.0754517639999994,null,,,,,,,,,,,,,,,,,,,,,,,,,,,,,,,,,,,,,,,,,,,,,,,,,,,
chease_public,reference_smooth,32,64,7.2291218710597605,0,True,/home/ert/data/iter_tc24/phase1/chease_public/runs/tc24w1_refsmooth_chease_public_n32_20261009_01,-11.82328398,-15504410.0,-1.041016756,-3.079230205,null,,,,,,,,,,,,,,,,,,,,,,,,,,,,,,,,,,,,,,,,,,,,,,,,,,,
chease_public,reference_smooth,64,128,19.502746746176854,0,True,/home/ert/data/iter_tc24/phase1/chease_public/runs/tc24w1_refsmooth_chease_public_n64_20261009_01,-11.8232469,-15486547.41,-1.038992093,-3.0800690031999998,null,,,,,,,,,,,,,,,,,,,,,,,,,,,,,,,,,,,,,,,,,,,,,,,,,,,
chease_public,reference_smooth,128,256,57.8966466949787,0,True,/home/ert/data/iter_tc24/phase1/chease_public/runs/tc24w1_refsmooth_chease_public_n128_20261009_01,-11.82324469,-15482397.24,-1.038469722,-3.0800725163999996,null,,,,,,,,,,,,,,,,,,,,,,,,,,,,,,,,,,,,,,,,,,,,,,,,,,,
chease_public,reference,256,512,475.68749052495696,0,True,/home/ert/data/iter_tc24/phase1/chease_public/runs/tc24w1b_ref_public_n256_20261009_01,-11.8255407,-15481591.02,-1.002258937,-3.1068038948,null,,,,,,,,,,,,,,,,,,,,,,,,,,,,,,,,,,,,,,,,,,,,,,,,,,,
chease_mars,reference,32,64,5.173483195016161,0,True,/home/ert/data/iter_tc24/phase1/chease_mars/runs/tc24repin_ref_mars_n32_20261009_01,-11.8245192,-15485983.85,-1.002747877,-3.1010254483999997,null,,,,,,,,,,,,,,,,,,,,,,,,,,,,,,,,,,,,,,,,,,,,,,,,,,,
chease_mars,reference,16,32,2.2427208400331438,0,True,/home/ert/data/iter_tc24/phase1/chease_mars/runs/tc24repin_ref_mars_n16_20261009_01,-11.84304114,-15497335.68,-0.9957681423,-3.079934685,null,,,,,,,,,,,,,,,,,,,,,,,,,,,,,,,,,,,,,,,,,,,,,,,,,,,
chease_mars,reference,64,128,32.380299393087626,0,True,/home/ert/data/iter_tc24/phase1/chease_mars/runs/tc24repin_ref_mars_n64_20261009_01,-11.82565573,-15482654.22,-1.002330094,-3.1065111562,null,,,,,,,,,,,,,,,,,,,,,,,,,,,,,,,,,,,,,,,,,,,,,,,,,,,
chease_mars,reference,128,256,1.149284103885293,0,False,/home/ert/data/iter_tc24/phase1/chease_mars/runs/tc24repin_ref_mars_n128_20261009_01,,,,,null,,,,,,,,,,,,,,,,,,,,,,,,,,,,,,,,,,,,,,,,,,,,,,,,,,,
chease_mars,reference,128,256,78.84009281988256,0,True,/home/ert/data/iter_tc24/phase1/chease_mars/runs/tc24repin_ref_mars_n128_20261009_02,-11.82555294,-15481798.55,-1.002273223,-3.1068912748,null,,,,,,,,,,,,,,,,,,,,,,,,,,,,,,,,,,,,,,,,,,,,,,,,,,,
chease_mars,gfile_chease,32,64,4.418979219859466,0,True,/home/ert/data/iter_tc24/phase1/chease_mars/runs/tc24repin_gfile_chease_mars_n32_20261009_01,-11.82827045,-15487660.96,-1.002326859,-3.0987897118,null,,,,,,,,,,,,,,,,,,,,,,,,,,,,,,,,,,,,,,,,,,,,,,,,,,,
chease_mars,jintrac,32,64,4.346972196130082,0,True,/home/ert/data/iter_tc24/phase1/chease_mars/runs/tc24repin_jintrac_mars_n32_20261009_01,11.47461652,14717960.34,-2.06967352,-3.2467563113999995,null,,,,,,,,,,,,,,,,,,,,,,,,,,,,,,,,,,,,,,,,,,,,,,,,,,,
chease_mars,leonardo,32,64,4.1467084269970655,0,True,/home/ert/data/iter_tc24/phase1/chease_mars/runs/tc24repin_leonardo_mars_n32_20261009_01,-11.88337736,-15212125.96,-1.373028068,-3.0527186825999997,null,,,,,,,,,,,,,,,,,,,,,,,,,,,,,,,,,,,,,,,,,,,,,,,,,,,
kin6d,reference,,,287.6642703311518,0,True,/home/ert/data/iter_tc24/phase1/kin6d/runs/tc24repin_ref_kin6d_n32_20261009_01,-11.822845570186647,,,,null,32,-15481528.84405147,3.0,4.0,907.0,0.2114764,0.083088522,129.0,160.0,4.0,6.394200134963623,0.5243956896207649,810.1791137862909,-119.32508343654152,1.7695550509279554e-10,1.601897945846531e-05,1.2049641570911906,0.1070527056499219,1.0979114514412687,1.0,717.0,0.148821315,286.88800612,,,,,,,,,,,,,,,,,,,,,,,,,,,,
kin6d,reference,,,122.36878209700808,0,True,/home/ert/data/iter_tc24/phase1/kin6d/runs/tc24repin_ref_kin6d_n16_20261009_01,-11.822397165204622,,,,null,16,-15481528.84405147,3.0,4.0,193.0,0.0213932,0.00373604,129.0,160.0,4.0,6.37545328186837,0.5277698884416651,809.6797273272763,-119.22822235260406,7.051561855060522e-11,1.0610187882287292e-05,1.9066254707544878,0.3183549889980307,1.588270481756457,1.0,323.0,0.005522496,122.258277684,,,,,,,,,,,,,,,,,,,,,,,,,,,,
kin6d,reference,,,141.30326167703606,0,True,/home/ert/data/iter_tc24/phase1/kin6d/runs/tc24repin_ref_kin6d_n24_20261009_01,-11.823095005652217,,,,null,24,-15481528.84405147,3.0,4.0,487.0,0.029082419,0.009314541,129.0,160.0,4.0,6.3789271170456345,0.5255898172141336,809.9533274596098,-119.27875036310834,1.0467923677826205e-10,5.212110734342801e-06,1.470587328543951,0.14998280385349133,1.3206045246904596,1.0,574.0,0.017841328,141.156677572,,,,,,,,,,,,,,,,,,,,,,,,,,,,
kin6d,reference,,,165.1429056059569,0,True,/home/ert/data/iter_tc24/phase1/kin6d/runs/tc24repin_ref_kin6d_n48_20261009_01,-11.824681551432057,,,,null,48,-15481528.84405147,3.0,4.0,2080.0,0.052019924,0.036254807,129.0,160.0,4.0,6.399996037596486,0.5241827491627776,810.1060269038137,-119.30897738620673,4.020893680921947e-10,3.5719709047254966e-06,1.025473196754269,0.0700927486676846,0.9553804480865843,1.0,1140.0,0.10403545,164.873118091,,,,,,,,,,,,,,,,,,,,,,,,,,,,
kin6d,gfile_chease,,,109.50847906898707,0,True,/home/ert/data/iter_tc24/phase1/kin6d/runs/tc24repin_gfile_chease_kin6d_n16_20261009_01,-11.825507591759642,,,,null,16,-15482830.960245667,3.0,4.0,193.0,0.021814889,0.00393254,129.0,160.0,4.0,6.375385024001038,0.5275779716881647,809.7675782848876,-119.24426899672942,7.174124612544265e-11,3.1336635575307525e-06,1.9709132250557664,0.30933789051126936,1.661575334544497,1.0,324.0,0.005505194,109.421936997,,,,,,,,,,,,,,,,,,,,,,,,,,,,
kin6d,reference,,,175.2219569340814,0,True,/home/ert/data/iter_tc24/phase1/kin6d/runs/tc24repin_ref_kin6d_n64_20261009_01,-11.825572580060527,,,,null,64,-15481528.84405147,3.0,4.0,3667.0,0.075927964,0.070362154,129.0,160.0,4.0,6.409887869836158,0.524115073274419,810.0632566251675,-119.30094219690653,5.102081475311703e-10,1.0282464736333097e-05,0.8926800983821686,0.04643210077750656,0.846247997604662,1.0,1616.0,0.268908017,174.68930344,,,,,,,,,,,,,,,,,,,,,,,,,,,,
kin6d,jintrac,,,146.56731682200916,0,True,/home/ert/data/iter_tc24/phase1/kin6d/runs/tc24repin_jintrac_kin6d_n16_20261009_01,11.515760507524412,,,,null,16,14699663.536103547,3.0,6.0,193.0,0.021460632,0.003848913,129.0,160.0,4.0,6.378320725024992,0.5275770993945634,808.0670515015253,118.8253474710139,4.857880825846962e-15,3.547852686747177e-06,1.9248409610444541,0.28823692097332393,1.6366040400711301,1.0,324.0,0.005579815,146.466027757,,,,,,,,,,,,,,,,,,,,,,,,,,,,
kin6d,leonardo,,,0.16519106598570943,1,False,/home/ert/data/iter_tc24/phase1/kin6d/runs/tc24repin_leonardo_kin6d_n16_20261009_01,,,,,null,16,,,,,,,,,,,,,,,,,,,,,,,,,,,,,,,,,,,,,,,,,,,,,,,,,,
kin6d,reference,,,230.49101070896722,0,True,/home/ert/data/iter_tc24/phase1/kin6d/runs/tc24repin_ref_kin6d_n96_20261009_01,-11.825528144833754,,,,null,96,-15481528.84405147,3.0,4.0,8479.0,0.106466795,0.15278442,129.0,160.0,4.0,6.412690391246762,0.5239524390820481,810.0680745859212,-119.30188744337974,6.540665038760823e-10,4.486889007226935e-05,0.6775276578569619,0.027030574586675897,0.650497083270286,1.0,2456.0,0.882239147,229.23862142,,,,,,,,,,,,,,,,,,,,,,,,,,,,
kin6d,leonardo,,,178.87693103495985,0,True,/home/ert/data/iter_tc24/phase1/kin6d/runs/tc24repin_leonardo_kin6d_n24_20261009_01,-11.900112752799041,,,,null,24,-15209305.373085368,3.0,6.0,505.0,0.029557009,0.009744904,129.0,160.0,4.0,6.386554753335357,0.524588659247005,810.1476101654486,-115.46064489249405,6.7807112190913485e-15,1.2893808587044475e-05,1.3922300532597003,0.13999212129900074,1.2522379319606995,1.0,598.0,0.018181492,178.735093298,,,,,,,,,,,,,,,,,,,,,,,,,,,,
kin6d,reference,,,41.488020464079455,0,True,/home/ert/data/iter_tc24/phase1/kin6d/runs/tc24w1_ref_kin6d_n128_20261009_01,-11.825540500194924,,,,null,128,-15481528.84405147,3.0,5.0,14956.0,0.141739345,0.363559922,129.0,160.0,4.0,6.412876596906455,0.5239820312874074,810.066952820563,-119.3016604966874,2.1337513152643772e-13,5.179007884836828e-05,0.5064074826411273,0.016926238985498235,0.48948124365562906,1.0,3430.0,1.960514803,38.841511232,0.0,0.0,0.0,,,,,,,,,,,,,,,,,,,,,,,,,
kin6d,reference,,,84.95001727808267,0,True,/home/ert/data/iter_tc24/phase1/kin6d/runs/tc24w1_ref_kin6d_n192_20261009_01,-11.825538150091948,,,,null,192,-15481528.84405147,3.0,5.0,33706.0,0.203014359,0.571260654,129.0,160.0,4.0,6.412307676021302,0.5240059894035657,810.067367018067,-119.30176490160984,4.778890402222506e-13,5.5242701854751886e-05,0.290539266362673,0.006657749201457329,0.2838815171612157,1.0,5205.0,6.745856362,77.099126187,0.0,0.0,0.0,,,,,,,,,,,,,,,,,,,,,,,,,
kin6d,reference,,,29.6020488999784,0,True,/home/ert/data/iter_tc24/phase1/kin6d/runs/tc24w1_ref_kin6d_n96_20261009_01,-11.825536125185883,,,,null,96,-15481528.84405147,3.0,5.0,8227.0,0.101845342,0.142333647,129.0,160.0,4.0,6.412687457217161,0.5239537763216172,810.0680745859252,-119.30188823549933,1.196063840835318e-13,2.821723163126677e-05,0.6702746647436295,0.026455707454818313,0.6438189572888112,1.0,2421.0,0.786405823,28.432372192,0.0,0.0,0.0,,,,,,,,,,,,,,,,,,,,,,,,,
kin6d,reference,,,183.19025643798523,0,True,/home/ert/data/iter_tc24/phase1/kin6d/runs/tc24w1_ref_kin6d_n256_20261009_01,-11.825540040692434,,,,null,256,-15481528.84405147,3.0,5.0,60367.0,0.273953546,1.018361866,129.0,160.0,4.0,6.412092702905855,0.524068151013382,810.0673559839069,-119.30176112582458,8.373687342974283e-13,5.772830659878103e-05,0.2033650100107827,0.003706582194021465,0.19965842781676124,0.0,6000.0,17.532010429,163.884572146,0.0,0.0,0.0,,,,,,,,,,,,,,,,,,,,,,,,,
kin6d,reference_smooth,,,42.262243234785274,0,True,/home/ert/data/iter_tc24/phase1/kin6d/runs/tc24w1_refsmooth_kin6d_n24_20261009_01,-11.821829267118222,,,,null,24,-15481528.84405147,3.0,6.0,487.0,0.027677446,0.00925487,129.0,160.0,4.0,6.378938972387416,0.5255962105478239,809.953327459609,-119.27836867047097,3.300903050234492e-11,7.751587852156128e-06,1.407583430398427,0.152052677927517,1.2555307524709098,1.0,575.0,0.01639248,42.159047431,0.0,0.0,0.0,,,,,,,,,,,,,,,,,,,,,,,,,
kin6d,reference_smooth,,,30.206271674949676,0,True,/home/ert/data/iter_tc24/phase1/kin6d/runs/tc24w1_refsmooth_kin6d_n48_20261009_01,-11.822469663376262,,,,null,48,-15481528.84405147,3.0,6.0,2080.0,0.052318791,0.036349077,129.0,160.0,4.0,6.400027749194974,0.5241681149548946,810.1060269038069,-119.30880511551491,4.067580115601967e-11,1.0804505174988321e-06,0.6959764076452448,0.050429602128234795,0.64554680551701,1.0,1140.0,0.104963835,29.921339914,0.0,0.0,0.0,,,,,,,,,,,,,,,,,,,,,,,,,
kin6d,reference_smooth,,,16.745166150853038,0,True,/home/ert/data/iter_tc24/phase1/kin6d/runs/tc24w1_refsmooth_kin6d_n96_20261009_01,-11.823224289842342,,,,null,96,-15481528.84405147,3.0,6.0,8227.0,0.100828844,0.146392474,129.0,160.0,4.0,6.412371154401745,0.5240761720840899,810.0680745859252,-119.30166349298273,1.6058806714110894e-13,2.4383551402440418e-05,0.44268047253172493,0.024967120472883852,0.4177133520588411,1.0,2435.0,0.734681615,15.623894549,0.0,0.0,0.0,,,,,,,,,,,,,,,,,,,,,,,,,
kin6d,reference_smooth,,,86.14245442091487,0,True,/home/ert/data/iter_tc24/phase1/kin6d/runs/tc24w1_refsmooth_kin6d_n192_20261009_01,-11.823225519657509,,,,null,192,-15481528.84405147,3.0,6.0,33706.0,0.200588591,0.567548416,129.0,160.0,4.0,6.411540302895184,0.5240408860380887,810.067367018067,-119.30153689953225,4.819599824563581e-13,3.788184253705751e-05,0.1753634803108428,0.007810233284356498,0.1675532470264863,1.0,5267.0,6.265091588,78.798686493,0.0,0.0,0.0,,,,,,,,,,,,,,,,,,,,,,,,,
kin6d,reference,,,19.397806046996266,1,False,/home/ert/data/iter_tc24/phase1/kin6d/runs/tc24w1_ref_kin6d_n384_20261009_01,,,,,null,384,,,,,,,,,,,,,,,,,,,,,,,,,,,,,,,,,,,,,,,,,,,,,,,,,,
kin6d,reference,,,18.542963322950527,1,False,/home/ert/data/iter_tc24/phase1/kin6d/runs/tc24w1_ref_kin6d_n384_20261009_02,,,,,null,384,,,,,,,,,,,,,,,,,,,,,,,,,,,,,,,,,,,,,,,,,,,,,,,,,,
kin6d,reference,,,10.528646336868405,1,False,/home/ert/data/iter_tc24/phase1/kin6d/runs/tc24w1_ref_kin6d_n320_20261009_01,,,,,null,320,,,,,,,,,,,,,,,,,,,,,,,,,,,,,,,,,,,,,,,,,,,,,,,,,,
kin6d,reference_smooth,,,10.276469836942852,1,False,/home/ert/data/iter_tc24/phase1/kin6d/runs/tc24w1_refsmooth_kin6d_n320_20261009_01,,,,,null,320,,,,,,,,,,,,,,,,,,,,,,,,,,,,,,,,,,,,,,,,,,,,,,,,,,
kin6d,reference_smooth,,,18.192155902041122,1,False,/home/ert/data/iter_tc24/phase1/kin6d/runs/tc24w1_refsmooth_kin6d_n384_20261009_01,,,,,null,384,,,,,,,,,,,,,,,,,,,,,,,,,,,,,,,,,,,,,,,,,,,,,,,,,,
kin6d,reference,,,22.522329352097586,1,False,/home/ert/data/iter_tc24/phase1/kin6d/runs/tc24w1b_ref_kin6d_n384_20261009_01,,,,,null,384,,,,,,,,,,,,,,,,,,,,,,,,,,,,,,,,,,,,,,,,,,,,,,,,,,
kin6d,reference,,,193.77267432888038,0,True,/home/ert/data/iter_tc24/phase1/kin6d/runs/tc24w1b_ref_kin6d_n256_20261009_01,-11.825540040692434,,,,null,256,-15481528.84405147,3.0,5.0,60367.0,0.309224967,1.039893061,129.0,160.0,4.0,6.412092702905855,0.524068151013382,810.0673559839069,-119.30176112582458,8.373687342974283e-13,5.772830659878103e-05,0.2033650100107827,0.003706582194021465,0.19965842781676124,0.0,6000.0,18.616671032,173.194213282,0.0,0.0,0.0,,,,,,,,,,,,,,,,,,,,,,,,,
kin6d,reference,,,13.298514404101297,1,False,/home/ert/data/iter_tc24/phase1/kin6d/runs/tc24w1b_ref_kin6d_n320_20261009_01,,,,,null,320,,,,,,,,,,,,,,,,,,,,,,,,,,,,,,,,,,,,,,,,,,,,,,,,,,
kin6d,reference,,,30.292232966981828,0,True,/home/ert/data/iter_tc24/phase1/kin6d/runs/tc24w1b_ref_kin6d_n96_20261009_01,-11.825536125185883,,,,null,96,-15481528.84405147,3.0,5.0,8227.0,0.107121045,0.145299038,129.0,160.0,4.0,6.412687457217161,0.5239537763216172,810.0680745859252,-119.30188823549933,1.196063840835318e-13,2.821723163126677e-05,0.6702746647436295,0.026455707454818313,0.6438189572888112,1.0,2421.0,0.765432903,29.135519266,0.0,0.0,0.0,,,,,,,,,,,,,,,,,,,,,,,,,
kin6d,reference,,,84.35933225299232,0,True,/home/ert/data/iter_tc24/phase1/kin6d/runs/tc24w1b_ref_kin6d_n192_20261009_01,-11.825538150091948,,,,null,192,-15481528.84405147,3.0,5.0,33706.0,0.215391071,0.574989938,129.0,160.0,4.0,6.412307676021302,0.5240059894035657,810.067367018067,-119.30176490160984,4.778890402222506e-13,5.5242701854751886e-05,0.290539266362673,0.006657749201457329,0.2838815171612157,1.0,5205.0,6.412932085,76.826068204,0.0,0.0,0.0,,,,,,,,,,,,,,,,,,,,,,,,,
kin6d,reference,,,40.755394455976784,0,True,/home/ert/data/iter_tc24/phase1/kin6d/runs/tc24w1b_ref_kin6d_n128_20261009_01,-11.825540500194924,,,,null,128,-15481528.84405147,3.0,5.0,14956.0,0.146681402,0.265167126,129.0,160.0,4.0,6.412876596906455,0.5239820312874074,810.066952820563,-119.3016604966874,2.1337513152643772e-13,5.179007884836828e-05,0.5064074826411273,0.016926238985498235,0.48948124365562906,1.0,3430.0,1.880788839,38.279590635,0.0,0.0,0.0,,,,,,,,,,,,,,,,,,,,,,,,,
vmecpp,reference,,,3.7430986729450524,0,True,/home/ert/data/iter_tc24/phase1/vmecpp/runs/tc24repin_ref_vmecpp_l0_20261009_01,,,,,"{""ns"": 33, ""mpol"": 17, ""tcon0"": 0.0}",,,,,,,,,,,,,,,,,,,,,,,,,,,/home/ert/data/iter_tc24/phase1/chease_public/runs/tc24repin_ref_public_n128_20261009_01,"mapped p/iota/Phi; q and Phi prescribed, current is a measured output",0.8.1,a4150a4e2101bd47868d040f3adee5d0304ce89b,/home/ert/code/worktrees/_lanes/vmecpp/.venv/lib/python3.12/site-packages/vmecpp/cpp/_vmecpp.cpython-312-x86_64-linux-gnu.so,2126122,6c28b83cf3697065c20bc024e1c931f1229c3c40d60b203fcde5fbc6e5e7ae24,3b49cdc1c85ee3d76b89f46e3d13d4bc316e23571f4c8ebd07d82212a25e13c7,complete,2.7809248277917504,2951,9.984108317710245e-13,8.604474627709964e-14,4.779820990077771e-16,1e-12,0,,,,,,,,,
vmecpp,reference,,,13.7533174471464,0,True,/home/ert/data/iter_tc24/phase1/vmecpp/runs/tc24repin_ref_vmecpp_l1_20261009_01,,,,,"{""ns"": 65, ""mpol"": 25, ""tcon0"": 0.0}",,,,,,,,,,,,,,,,,,,,,,,,,,,/home/ert/data/iter_tc24/phase1/chease_public/runs/tc24repin_ref_public_n128_20261009_01,"mapped p/iota/Phi; q and Phi prescribed, current is a measured output",0.8.1,a4150a4e2101bd47868d040f3adee5d0304ce89b,/home/ert/code/worktrees/_lanes/vmecpp/.venv/lib/python3.12/site-packages/vmecpp/cpp/_vmecpp.cpython-312-x86_64-linux-gnu.so,2126320,7d76b11858644f01d89ba7bcd808e5e91c07abee541c8b2742571c6f8bfa629a,3b49cdc1c85ee3d76b89f46e3d13d4bc316e23571f4c8ebd07d82212a25e13c7,complete,12.772297547897324,3573,9.994761589149208e-13,9.799195049966432e-14,6.468929879940049e-15,1e-12,0,,,,,,,,,
vmecpp,reference,,,72.49572130315937,0,True,/home/ert/data/iter_tc24/phase1/vmecpp/runs/tc24repin_ref_vmecpp_l2_20261009_01,,,,,"{""ns"": 129, ""mpol"": 33, ""tcon0"": 0.0}",,,,,,,,,,,,,,,,,,,,,,,,,,,/home/ert/data/iter_tc24/phase1/chease_public/runs/tc24repin_ref_public_n128_20261009_01,"mapped p/iota/Phi; q and Phi prescribed, current is a measured output",0.8.1,a4150a4e2101bd47868d040f3adee5d0304ce89b,/home/ert/code/worktrees/_lanes/vmecpp/.venv/lib/python3.12/site-packages/vmecpp/cpp/_vmecpp.cpython-312-x86_64-linux-gnu.so,2126728,e37c4341ed6606819f2ef65d42174ed73ebd5774b32271c59d24fa255402e793,3b49cdc1c85ee3d76b89f46e3d13d4bc316e23571f4c8ebd07d82212a25e13c7,complete,71.46025896002539,5359,2.0486524457180593e-13,2.6525946421882297e-14,9.998807093995223e-13,1e-12,0,,,,,,,,,
vmecpp,reference,,,300.1812057660427,124,False,/home/ert/data/iter_tc24/phase1/vmecpp/runs/tc24repin_ref_vmecpp_l3_20261009_01,,,,,"{""ns"": 257, ""mpol"": 49, ""tcon0"": 0.0}",,,,,,,,,,,,,,,,,,,,,,,,,,,/home/ert/data/iter_tc24/phase1/chease_public/runs/tc24repin_ref_public_n128_20261009_01,"mapped p/iota/Phi; q and Phi prescribed, current is a measured output",0.8.1,a4150a4e2101bd47868d040f3adee5d0304ce89b,/home/ert/code/worktrees/_lanes/vmecpp/.venv/lib/python3.12/site-packages/vmecpp/cpp/_vmecpp.cpython-312-x86_64-linux-gnu.so,2129034,35aadfbbd6941ae2837b788bfc651d1984fc23954bf54620bbad1e03bc1224cf,3b49cdc1c85ee3d76b89f46e3d13d4bc316e23571f4c8ebd07d82212a25e13c7,running,,,,,,,,,,,,,,,,
vmecpp,gfile_chease,,,3.629659101134166,0,True,/home/ert/data/iter_tc24/phase1/vmecpp/runs/tc24repin_gfile_chease_vmecpp_l0_20261009_01,,,,,"{""ns"": 33, ""mpol"": 17, ""tcon0"": 0.0}",,,,,,,,,,,,,,,,,,,,,,,,,,,/home/ert/data/iter_tc24/phase1/chease_public/runs/tc24repin_gfile_chease_public_n32_20261009_01,"mapped p/iota/Phi; q and Phi prescribed, current is a measured output",0.8.1,a4150a4e2101bd47868d040f3adee5d0304ce89b,/home/ert/code/worktrees/_lanes/vmecpp/.venv/lib/python3.12/site-packages/vmecpp/cpp/_vmecpp.cpython-312-x86_64-linux-gnu.so,2136655,5fdde818fbdf7fb9fb0b805524ec14b7062c065b94688b2d47d4a87d8f139bcc,3b49cdc1c85ee3d76b89f46e3d13d4bc316e23571f4c8ebd07d82212a25e13c7,complete,2.575056959874928,2813,9.999125603885732e-13,8.272699557661799e-14,9.000862008201957e-16,1e-12,0,,,,,,,,,
vmecpp,jintrac,,,3.7751347778830677,0,True,/home/ert/data/iter_tc24/phase1/vmecpp/runs/tc24repin_jintrac_vmecpp_l0_20261009_01,,,,,"{""ns"": 33, ""mpol"": 17, ""tcon0"": 0.0}",,,,,,,,,,,,,,,,,,,,,,,,,,,/home/ert/data/iter_tc24/phase1/chease_public/runs/tc24repin_jintrac_public_n32_20261009_01,"mapped p/iota/Phi; q and Phi prescribed, current is a measured output",0.8.1,a4150a4e2101bd47868d040f3adee5d0304ce89b,/home/ert/code/worktrees/_lanes/vmecpp/.venv/lib/python3.12/site-packages/vmecpp/cpp/_vmecpp.cpython-312-x86_64-linux-gnu.so,2136807,8cfa0bbde4c828c1e5982281adb83497d2808825ac8626c102750a16b2e573d8,3b49cdc1c85ee3d76b89f46e3d13d4bc316e23571f4c8ebd07d82212a25e13c7,complete,2.7621849400456995,2953,9.971956551057137e-13,7.694062875917718e-14,5.170926163388434e-16,1e-12,0,,,,,,,,,
vmecpp,leonardo,,,3.7266252520494163,0,True,/home/ert/data/iter_tc24/phase1/vmecpp/runs/tc24repin_leonardo_vmecpp_l0_20261009_01,,,,,"{""ns"": 33, ""mpol"": 17, ""tcon0"": 0.0}",,,,,,,,,,,,,,,,,,,,,,,,,,,/home/ert/data/iter_tc24/phase1/chease_public/runs/tc24repin_leonardo_public_n32_20261009_01,"mapped p/iota/Phi; q and Phi prescribed, current is a measured output",0.8.1,a4150a4e2101bd47868d040f3adee5d0304ce89b,/home/ert/code/worktrees/_lanes/vmecpp/.venv/lib/python3.12/site-packages/vmecpp/cpp/_vmecpp.cpython-312-x86_64-linux-gnu.so,2137019,8337a63660fa624373ec3fd34788f4145fb1e85412a0f68d31458dabe07551de,3b49cdc1c85ee3d76b89f46e3d13d4bc316e23571f4c8ebd07d82212a25e13c7,complete,2.50046483008191,2737,9.987631281986283e-13,8.12091547913319e-14,8.814997557367121e-16,1e-12,0,,,,,,,,,
desc,reference,,,94.19449288886972,0,False,/home/ert/data/iter_tc24/phase1/desc/runs/tc24repin_ref_desc_l0_20261009_01,,,,,"{""L"": 12, ""M"": 6, ""N"": 0, ""cpu"": 25, ""maxiter"": 200, ""continuation"": true, ""continuation_steps"": [4]}",,,,200,168,,,,,,,,,,,,,,,,,,,,,,/home/ert/data/iter_tc24/phase1/chease_public/runs/tc24repin_ref_public_n128_20261009_01,"mapped p/iota/Phi; q and Phi prescribed, current is a measured output",0.17.3+4.g2888389,2888389dcce56f5827a4ec54f9f9ef226f3ee5ed,/home/ert/code/worktrees/_lanes/desc/venv/bin/python,,,,,,,,,,,,0.9.2,/home/ert/code/worktrees/_lanes/desc/desc0173/desc/__init__.py,1,[25],54,Maximum number of iterations has been exceeded.,5.20183845027431e-07,0.0184842109373082,
desc,reference,,,124.40021676686592,0,False,/home/ert/data/iter_tc24/phase1/desc/runs/tc24repin_ref_desc_l1_20261009_01,,,,,"{""L"": 16, ""M"": 8, ""N"": 0, ""cpu"": 25, ""maxiter"": 200, ""continuation"": true, ""continuation_steps"": [4]}",,,,200,296,,,,,,,,,,,,,,,,,,,,,,/home/ert/data/iter_tc24/phase1/chease_public/runs/tc24repin_ref_public_n128_20261009_01,"mapped p/iota/Phi; q and Phi prescribed, current is a measured output",0.17.3+4.g2888389,2888389dcce56f5827a4ec54f9f9ef226f3ee5ed,/home/ert/code/worktrees/_lanes/desc/venv/bin/python,,,,,,,,,,,,0.9.2,/home/ert/code/worktrees/_lanes/desc/desc0173/desc/__init__.py,1,[25],54,Maximum number of iterations has been exceeded.,2.593317330781108e-06,0.03844125898639981,
desc,reference,,,207.58460625912994,0,False,/home/ert/data/iter_tc24/phase1/desc/runs/tc24repin_ref_desc_l2_20261009_01,,,,,"{""L"": 20, ""M"": 10, ""N"": 0, ""cpu"": 25, ""maxiter"": 200, ""continuation"": true, ""continuation_steps"": [4]}",,,,200,460,,,,,,,,,,,,,,,,,,,,,,/home/ert/data/iter_tc24/phase1/chease_public/runs/tc24repin_ref_public_n128_20261009_01,"mapped p/iota/Phi; q and Phi prescribed, current is a measured output",0.17.3+4.g2888389,2888389dcce56f5827a4ec54f9f9ef226f3ee5ed,/home/ert/code/worktrees/_lanes/desc/venv/bin/python,,,,,,,,,,,,0.9.2,/home/ert/code/worktrees/_lanes/desc/desc0173/desc/__init__.py,1,[25],54,Maximum number of iterations has been exceeded.,3.474669705453113e-06,6.11270790539565,
desc,reference,,,300.29454238014296,124,False,/home/ert/data/iter_tc24/phase1/desc/runs/tc24repin_ref_desc_l3_20261009_01,,,,,"{""L"": 24, ""M"": 12, ""N"": 0, ""cpu"": 25, ""maxiter"": 200, ""continuation"": true, ""continuation_steps"": [4]}",,,,,,,,,,,,,,,,,,,,,,,,,,,/home/ert/data/iter_tc24/phase1/chease_public/runs/tc24repin_ref_public_n128_20261009_01,"mapped p/iota/Phi; q and Phi prescribed, current is a measured output",,,,,,,,,,,,,,,,,,,,,,,
desc,reference,,,69.60175359388813,0,False,/home/ert/data/iter_tc24/phase1/desc/runs/tc24repin_ref_desc_vmecseed_l0_20261009_01,,,,,"{""L"": 12, ""M"": 6, ""N"": 0, ""cpu"": 25, ""maxiter"": 200, ""continuation"": true, ""continuation_steps"": [4], ""initial_guess"": ""/mnt/storage/data2/iter_tc24/phase1/vmecpp/runs/tc24repin_ref_vmecpp_l2_20261009_01/wout.nc""}",,,,200,168,,,,,,,,,,,,,,,,,,,,,,/home/ert/data/iter_tc24/phase1/chease_public/runs/tc24repin_ref_public_n128_20261009_01,"mapped p/iota/Phi; q and Phi prescribed, current is a measured output",,2888389dcce56f5827a4ec54f9f9ef226f3ee5ed,,,,,,,,,,,,,,,,,,Maximum number of iterations has been exceeded.,2.7419587290802647e-06,2.600482516212056e-05,/mnt/storage/data2/iter_tc24/phase1/vmecpp/runs/tc24repin_ref_vmecpp_l2_20261009_01/wout.nc
desc,gfile_chease,,,61.18253416521475,0,True,/home/ert/data/iter_tc24/phase1/desc/runs/tc24repin_gfile_chease_desc_vmecseed_l0_20261009_01,,,,,"{""L"": 12, ""M"": 6, ""N"": 0, ""cpu"": 27, ""maxiter"": 200, ""continuation"": true, ""continuation_steps"": [4], ""initial_guess"": ""/mnt/storage/data2/iter_tc24/phase1/vmecpp/runs/tc24repin_gfile_chease_vmecpp_l0_20261009_01/wout.nc""}",,,,135,168,,,,,,,,,,,,,,,,,,,,,,/home/ert/data/iter_tc24/phase1/chease_public/runs/tc24repin_gfile_chease_public_n32_20261009_01,"mapped p/iota/Phi; q and Phi prescribed, current is a measured output",,2888389dcce56f5827a4ec54f9f9ef226f3ee5ed,,,,,,,,,,,,,,,,,,"Optimization terminated successfully.
`ftol` condition satisfied. (ftol=1.00e-12)",1.8177964767393465e-10,2.1020828369142007e-05,/mnt/storage/data2/iter_tc24/phase1/vmecpp/runs/tc24repin_gfile_chease_vmecpp_l0_20261009_01/wout.nc
desc,jintrac,,,66.60174264898524,0,False,/home/ert/data/iter_tc24/phase1/desc/runs/tc24repin_jintrac_desc_vmecseed_l0_20261009_01,,,,,"{""L"": 12, ""M"": 6, ""N"": 0, ""cpu"": 27, ""maxiter"": 200, ""continuation"": true, ""continuation_steps"": [4], ""initial_guess"": ""/mnt/storage/data2/iter_tc24/phase1/vmecpp/runs/tc24repin_jintrac_vmecpp_l0_20261009_01/wout.nc""}",,,,200,168,,,,,,,,,,,,,,,,,,,,,,/home/ert/data/iter_tc24/phase1/chease_public/runs/tc24repin_jintrac_public_n32_20261009_01,"mapped p/iota/Phi; q and Phi prescribed, current is a measured output",,2888389dcce56f5827a4ec54f9f9ef226f3ee5ed,,,,,,,,,,,,,,,,,,Maximum number of iterations has been exceeded.,1.395484589456892e-07,1.71023347118982e-05,/mnt/storage/data2/iter_tc24/phase1/vmecpp/runs/tc24repin_jintrac_vmecpp_l0_20261009_01/wout.nc
desc,reference,,,112.19729633396491,0,False,/home/ert/data/iter_tc24/phase1/desc/runs/tc24repin_ref_desc_vmecseed_l1_20261009_01,,,,,"{""L"": 16, ""M"": 8, ""N"": 0, ""cpu"": 25, ""maxiter"": 200, ""continuation"": true, ""continuation_steps"": [4], ""initial_guess"": ""/mnt/storage/data2/iter_tc24/phase1/vmecpp/runs/tc24repin_ref_vmecpp_l2_20261009_01/wout.nc""}",,,,200,296,,,,,,,,,,,,,,,,,,,,,,/home/ert/data/iter_tc24/phase1/chease_public/runs/tc24repin_ref_public_n128_20261009_01,"mapped p/iota/Phi; q and Phi prescribed, current is a measured output",,2888389dcce56f5827a4ec54f9f9ef226f3ee5ed,,,,,,,,,,,,,,,,,,Maximum number of iterations has been exceeded.,4.618738614426123e-06,5.813558547917704e-06,/mnt/storage/data2/iter_tc24/phase1/vmecpp/runs/tc24repin_ref_vmecpp_l2_20261009_01/wout.nc
desc,leonardo,,,64.81556346593425,0,True,/home/ert/data/iter_tc24/phase1/desc/runs/tc24repin_leonardo_desc_vmecseed_l0_20261009_01,,,,,"{""L"": 12, ""M"": 6, ""N"": 0, ""cpu"": 27, ""maxiter"": 200, ""continuation"": true, ""continuation_steps"": [4], ""initial_guess"": ""/mnt/storage/data2/iter_tc24/phase1/vmecpp/runs/tc24repin_leonardo_vmecpp_l0_20261009_01/wout.nc""}",,,,154,168,,,,,,,,,,,,,,,,,,,,,,/home/ert/data/iter_tc24/phase1/chease_public/runs/tc24repin_leonardo_public_n32_20261009_01,"mapped p/iota/Phi; q and Phi prescribed, current is a measured output",,2888389dcce56f5827a4ec54f9f9ef226f3ee5ed,,,,,,,,,,,,,,,,,,"Optimization terminated successfully.
`ftol` condition satisfied. (ftol=1.00e-12)",2.386230201865814e-11,2.193604894884964e-05,/mnt/storage/data2/iter_tc24/phase1/vmecpp/runs/tc24repin_leonardo_vmecpp_l0_20261009_01/wout.nc
desc,reference,,,143.68891942501068,0,True,/home/ert/data/iter_tc24/phase1/desc/runs/tc24repin_ref_desc_vmecseed_l2_20261009_01,,,,,"{""L"": 20, ""M"": 10, ""N"": 0, ""cpu"": 25, ""maxiter"": 200, ""continuation"": true, ""continuation_steps"": [4], ""initial_guess"": ""/mnt/storage/data2/iter_tc24/phase1/vmecpp/runs/tc24repin_ref_vmecpp_l2_20261009_01/wout.nc""}",,,,132,460,,,,,,,,,,,,,,,,,,,,,,/home/ert/data/iter_tc24/phase1/chease_public/runs/tc24repin_ref_public_n128_20261009_01,"mapped p/iota/Phi; q and Phi prescribed, current is a measured output",,2888389dcce56f5827a4ec54f9f9ef226f3ee5ed,,,,,,,,,,,,,,,,,,"Optimization terminated successfully.
`ftol` condition satisfied. (ftol=1.00e-12)",1.9235334561708754e-11,3.1441482018179034e-06,/mnt/storage/data2/iter_tc24/phase1/vmecpp/runs/tc24repin_ref_vmecpp_l2_20261009_01/wout.nc
desc,reference,,,300.2750363089144,124,False,/home/ert/data/iter_tc24/phase1/desc/runs/tc24repin_ref_desc_vmecseed_l3_20261009_01,,,,,"{""L"": 24, ""M"": 12, ""N"": 0, ""cpu"": 25, ""maxiter"": 200, ""continuation"": true, ""continuation_steps"": [4], ""initial_guess"": ""/mnt/storage/data2/iter_tc24/phase1/vmecpp/runs/tc24repin_ref_vmecpp_l2_20261009_01/wout.nc""}",,,,,,,,,,,,,,,,,,,,,,,,,,,/home/ert/data/iter_tc24/phase1/chease_public/runs/tc24repin_ref_public_n128_20261009_01,"mapped p/iota/Phi; q and Phi prescribed, current is a measured output",,,,,,,,,,,,,,,,,,,,,,,
