family,code,A_low,A_high,B_rel_L2_order,B_first_order_remainder_order,q_rel_max_order
gold_hoyle,chease_public,10,30,1.0049176848016776,2.0061524465352547,2.0076329092259213
gold_hoyle,chease_public,30,100,1.0005092327425968,2.0006376790585305,2.0007892305114137
gold_hoyle,chease_public,100,300.0,1.0000491208739606,2.0000600207678056,2.000108118421044
gold_hoyle,chease_mars,10,30,1.0049176841546594,2.0061524464969622,2.00763290614154
gold_hoyle,chease_mars,30,100.0,1.0005092330407295,2.0006376712900567,2.000789248995285
gold_hoyle,chease_mars,100.0,300.0,1.0000490505965922,2.000060526257961,2.0001105943987505
gold_hoyle,vmecpp,10.0,30.0,1.0049178271793497,2.006154911293531,2.0076327434741894
gold_hoyle,vmecpp,30.0,100.0,1.00050924495102,2.0006511610110924,2.0007877140267682
gold_hoyle,vmecpp,100.0,300.0,1.0000490537558944,2.000200438354433,2.000099353758877
gold_hoyle,desc,10.0,30.0,1.0049176848127332,2.006154211671254,2.0076329092168113
gold_hoyle,desc,30.0,100.0,1.0005092328920049,2.0006500414264408,2.0007892305121433
gold_hoyle,desc,100.0,300.0,1.0000490480297688,2.0001915266433086,2.000108118436913
lundquist,chease_public,10,30,1.0031002700516538,2.005474239460873,2.00782376418352
lundquist,chease_public,30,100,1.000320342020872,2.0005600597531368,2.0008236349688686
lundquist,chease_public,100,300,1.0000388595799925,1.9993655790920817,2.000700678837417
lundquist,chease_mars,10,30,1.0031002223358116,2.005473942617587,2.0078255226357262
lundquist,chease_mars,30,100,1.0003206496055428,2.000548224728865,2.000838100268714
lundquist,chease_mars,100,300,1.0000309811050438,1.9998858981004337,2.0003417072553473
lundquist,vmecpp,10.0,30.0,1.0031005409897835,2.0109894406371644,2.0204726988432005
lundquist,vmecpp,30.0,100.0,1.0003204680667541,2.0512398791811437,2.144826298072473
lundquist,vmecpp,100.0,300.0,1.0000285878680995,1.6889154547348457,2.2886568782386996
lundquist,desc,10,30,1.0036066260403855,1.8777607224301027,2.0078237646123727
lundquist,desc,30,100,1.0002913542074643,0.6198938789180237,2.000823633120408
lundquist,desc,100,300,0.9851520061309956,-0.4801598847005864,2.00070066409501
