family,aspect,code,n,dof,twist,reversal,next_n,B_discretization_difference,q_discretization_difference,observed_power
gold_hoyle,10,chease_public,16,1088,1,1,32,5.420378639873931e-08,1.9452776234274438e-07,2.9677166402312123
gold_hoyle,10,chease_public,32,4224,1,1,64,6.928797961887288e-09,2.7284153825135604e-08,
gold_hoyle,10,chease_mars,16,1088,1,1,32,5.4248623303835774e-08,2.1162910945893287e-07,2.9809098991262064
gold_hoyle,10,chease_mars,32,4224,1,1,64,6.871403113326157e-09,2.7394693846716223e-08,
gold_hoyle,30,chease_public,16,1088,1,1,32,1.3382718595666187e-08,1.7744249647400068e-07,2.5846723608857936
gold_hoyle,30,chease_public,32,4224,1,1,64,2.2309017099364963e-09,2.605824889201358e-08,
gold_hoyle,30,chease_mars,16,1088,1,1,32,1.3467212810210432e-08,1.89219826252085e-07,2.593539501853599
gold_hoyle,30,chease_mars,32,4224,1,1,64,2.2312310138475546e-09,2.644614993663197e-08,
gold_hoyle,100,chease_public,16,1088,1,1,32,4.566704381160044e-09,1.7523940187835763e-07,2.6102893561851395
gold_hoyle,100,chease_public,32,4224,1,1,64,7.478723991694649e-10,2.592037784410195e-08,
gold_hoyle,100,chease_mars,16,1088,1,1,32,4.483731886365647e-09,1.864471990131733e-07,2.588509249436004
gold_hoyle,100,chease_mars,32,4224,1,1,64,7.45453755604173e-10,2.5942596737493773e-08,
gold_hoyle,300.0,chease_public,16,1088,1,1,32,3.17417358059033e-09,1.7516299677389213e-07,-0.9293889453756654
gold_hoyle,300.0,chease_public,32,4224,1,1,64,6.045115774643755e-09,2.585320224568477e-08,
gold_hoyle,300.0,chease_mars,16,1088,1,1,32,3.0661253715297215e-09,1.8637625986972495e-07,1.3969012177405509
gold_hoyle,300.0,chease_mars,32,4224,1,1,64,1.1643424766102875e-09,2.6114002960042626e-08,
gold_hoyle,10.0,vmecpp,33,1122,1,1,65,1.5328030532437207e-06,7.641874910646607e-09,1.6551289137045704
gold_hoyle,10.0,vmecpp,65,2210,1,1,129,4.991342480410111e-07,5.262583480103444e-09,
gold_hoyle,30.0,vmecpp,33,1122,1,1,65,4.1331660572791874e-07,3.167038853391091e-09,1.6306261923262348
gold_hoyle,30.0,vmecpp,65,2210,1,1,129,1.3684453374556717e-07,4.056166513777271e-09,
lundquist,10,chease_public,16,1088,1,1,32,1.5300811236745883e-06,1.1881704574889795e-05,3.243456162586392
lundquist,10,chease_public,32,4224,1,1,64,1.6156112283437446e-07,1.757295333582043e-06,
gold_hoyle,100.0,vmecpp,33,1122,1,1,65,1.5383109231228187e-07,2.685142774794258e-09,1.6876459555252918
gold_hoyle,100.0,vmecpp,65,2210,1,1,129,4.9000683601029597e-08,4.172298284643716e-09,
gold_hoyle,10.0,desc,4,12,1,1,6,4.991562987396184e-06,0.0,15.57711486130816
gold_hoyle,10.0,desc,6,27,1,1,8,9.020752915489136e-09,0.0,
lundquist,10,chease_mars,16,1088,1,1,32,1.5417393214065549e-06,1.1172794696534538e-05,3.077505169783073
lundquist,10,chease_mars,32,4224,1,1,64,1.8263734329249077e-07,1.970719438526558e-06,
lundquist,30,chease_public,16,1088,1,1,32,1.3449232001080093e-06,1.1832087374763489e-05,3.6287872397144825
lundquist,30,chease_public,32,4224,1,1,64,1.0872356348809377e-07,1.8411928308648129e-06,
lundquist,30,chease_mars,16,1088,1,1,32,1.3519312904069002e-06,1.111352168248203e-05,3.4025178982550957
lundquist,30,chease_mars,32,4224,1,1,64,1.2784821585151688e-07,2.05469087144472e-06,
lundquist,100,chease_public,16,1088,1,1,32,1.3289837096281476e-06,1.1846279893146239e-05,3.750000337777756
lundquist,100,chease_public,32,4224,1,1,64,9.877728207408344e-08,1.8511385135866476e-06,
lundquist,100,chease_mars,16,1088,1,1,32,1.3347330759743565e-06,1.1105420470336469e-05,3.5093822300698507
lundquist,100,chease_mars,32,4224,1,1,64,1.172101185858143e-07,2.063576005739698e-06,
gold_hoyle,300.0,vmecpp,33,1122,1,1,65,4.738949173811756e-08,2.5692854510594998e-09,1.8363156605319153
gold_hoyle,300.0,vmecpp,65,2210,1,1,129,1.3648087286611626e-08,3.9001197826848966e-09,
lundquist,10.0,vmecpp,33,1122,1,1,65,4.606748754823307e-05,0.00021048944624291188,1.9319234296804495
lundquist,10.0,vmecpp,65,2210,1,1,129,1.243475967677598e-05,5.691622376424732e-05,
gold_hoyle,30.0,desc,4,12,1,1,6,1.927706463220422e-07,0.0,12.156656612293977
gold_hoyle,30.0,desc,6,27,1,1,8,1.394311902439609e-09,0.0,
lundquist,300,chease_public,16,1088,1,1,32,1.3282608247032333e-06,1.1852249086952149e-05,3.566082192963718
lundquist,300,chease_public,32,4224,1,1,64,1.1214648260852972e-07,1.8527656193700892e-06,
gold_hoyle,300.0,desc,4,12,1,1,6,8.04414281403387e-06,0.0,22.39408589739249
gold_hoyle,300.0,desc,6,27,1,1,8,9.163829311776643e-10,0.0,
lundquist,300,chease_mars,16,1088,1,1,32,1.3331677886173793e-06,1.1105010024881068e-05,3.517190412887521
lundquist,300,chease_mars,32,4224,1,1,64,1.1644075082218488e-07,2.06453293627451e-06,
gold_hoyle,100.0,desc,4,12,1,1,6,3.018041253088639e-06,0.0,20.186942166901794
gold_hoyle,100.0,desc,6,27,1,1,8,8.41358543560064e-10,0.0,
lundquist,30.0,vmecpp,33,1122,1,1,65,3.748680934356111e-05,0.00021847896891202812,2.024827407531533
lundquist,30.0,vmecpp,65,2210,1,1,129,9.501025190962978e-06,5.911115745893536e-05,
lundquist,100.0,vmecpp,33,1122,1,1,65,3.634179918563555e-05,0.00021938782807584545,2.0430520547136704
lundquist,100.0,vmecpp,65,2210,1,1,129,9.097730987272172e-06,5.936108606052759e-05,
lundquist,10.0,desc,4,12,1,1,6,0.1633173052538238,0.0,
lundquist,10.0,desc,6,27,1,1,8,0.0072136586981109245,0.0,5.049871309099257
lundquist,10.0,desc,8,48,1,1,12,0.0016874505278399819,0.0,
lundquist,300.0,vmecpp,33,1122,1,1,65,3.623901343627352e-05,0.00021946775669035024,2.0447912424294485
lundquist,300.0,vmecpp,65,2210,1,1,129,9.061310591819216e-06,5.938312591780015e-05,
lundquist,30.0,desc,4,12,1,1,6,0.13963351333116453,0.0,
lundquist,30.0,desc,6,27,1,1,8,0.009209163873448943,0.0,5.725287629513247
lundquist,30.0,desc,8,48,1,1,12,0.0017738218407619842,0.0,
lundquist,100.0,desc,4,12,1,1,6,0.14107860341427428,0.0,
lundquist,100.0,desc,6,27,1,1,8,0.00725224448739058,0.0,4.755049784299609
lundquist,100.0,desc,8,48,1,1,12,0.0018466412138163635,0.0,
lundquist,300.0,desc,4,12,1,1,6,0.14132366339539298,0.0,
lundquist,300.0,desc,6,27,1,1,8,0.007218732716107764,0.0,4.770479481616597
lundquist,300.0,desc,8,48,1,1,12,0.0018299671018372472,0.0,
