code,family,aspect,twist,reversal,dof,wall_s,native_converged,B_rel_L2,Bpol_rel_L2,Btor_rel_L2,q_rel_max,phi_rel,axis_shift_a,n,B_first_order_remainder,raw_root,source_profile_error,q_role,field_path,profile_reference,B_rel_max,Bpol_rel_max,Btor_rel_max,B_to_public_L2,B_to_public_max
chease_public,gold_hoyle,10,1,1,1088,3.341622289037332,True,0.04529553468379118,0.04604538108730161,0.045294171187512194,0.00771489851878826,0.002507437207164731,0.012540056451613229,16,0.0028834037784617413,/home/ert/data/iter_tc24/phase1/chease_public/runs/cyl20261009_forward_chease_public_gold_hoyle_A10_00,9.709508814992828e-11,measured,EQDSK readback,,0.09802485657202106,0.0749526216656528,0.09792404369635578,5.236221663356111e-08,1.4303056712316878e-07
chease_public,gold_hoyle,10,1,1,4224,6.95118594286032,True,0.04529553468685012,0.04604538834899638,0.045294171177263705,0.007714895504256747,0.002507445602729197,0.012540062903225234,32,0.002883403771358235,/home/ert/data/iter_tc24/phase1/chease_public/runs/cyl20261009_forward_chease_public_gold_hoyle_A10_01,7.222600197913858e-11,measured,EQDSK readback,,0.09802485379100417,0.07495186910664604,0.09792404295089512,6.928797961887288e-09,1.5909097304864054e-08
chease_public,gold_hoyle,10,1,1,16640,19.60980884009041,True,0.045295534671200934,0.04604538608124948,0.045294171165743344,0.0077148914502152,0.0025074480194653415,0.012540062903225234,64,0.00288340376050884,/home/ert/data/iter_tc24/phase1/chease_public/runs/cyl20261009_forward_chease_public_gold_hoyle_A10_02,7.091659996093399e-11,measured,EQDSK readback,,0.09802485375066833,0.07495186323958565,0.09792404292640923,0.0,0.0
chease_mars,gold_hoyle,10,1,1,1088,2.8043778019491583,True,0.04529553468441731,0.04604538035472436,0.04529417118948253,0.007714897864924408,0.00250743731368841,0.012540016129032112,16,0.002883403778964817,/home/ert/data/iter_tc24/phase1/chease_mars/runs/cyl20261009_forward_chease_mars_gold_hoyle_A10_00,7.05394147549296e-11,measured,EQDSK readback,,0.09802485656733165,0.07495261857361238,0.09792404370003692,5.2403367930716875e-08,1.430817152364272e-07
chease_mars,gold_hoyle,10,1,1,4224,3.9430517540313303,True,0.0452955346857301,0.046045387844995345,0.04529417117706564,0.0077148955030950095,0.002507445717457202,0.012540069354838672,32,0.0028834037712138763,/home/ert/data/iter_tc24/phase1/chease_mars/runs/cyl20261009_forward_chease_mars_gold_hoyle_A10_01,7.0348874013764e-11,measured,EQDSK readback,,0.09802485379025296,0.07495186828673098,0.09792404295236398,6.961884369802861e-09,1.607605425325375e-08
chease_mars,gold_hoyle,10,1,1,16640,9.458383676130325,True,0.045295534672746926,0.04604538623663744,0.04529417116700729,0.007714891450212535,0.0025074480331350735,0.012540130645160592,64,0.0028834037595404905,/home/ert/data/iter_tc24/phase1/chease_mars/runs/cyl20261009_forward_chease_mars_gold_hoyle_A10_02,7.091659996093399e-11,measured,EQDSK readback,,0.09802485372348707,0.07495185248574257,0.09792404292832839,5.255428480035534e-10,1.0948379805663933e-09
chease_public,gold_hoyle,30,1,1,1088,3.560491155134514,True,0.015017159852116746,0.015295284011177326,0.015016653626264805,0.0008500596975740127,0.0002773548278132143,0.004173629032256179,16,0.0003182199981936219,/home/ert/data/iter_tc24/phase1/chease_public/runs/cyl20261009_forward_chease_public_gold_hoyle_A30_00,2.350353185879407e-10,measured,EQDSK readback,,0.03066680562757075,0.023814299872187614,0.030634268613252077,1.2861040839121525e-08,3.276920860760225e-08
chease_public,gold_hoyle,30,1,1,4224,7.270335515961051,True,0.015017159870559729,0.015295279242419526,0.01501665365350128,0.000850055623392354,0.0002773624682388398,0.004173580645161132,32,0.00031822001373553644,/home/ert/data/iter_tc24/phase1/chease_public/runs/cyl20261009_forward_chease_public_gold_hoyle_A30_01,2.3491834708013334e-10,measured,EQDSK readback,,0.030666805038030598,0.02381411355926194,0.03063426853562895,2.2309017099364963e-09,6.005761223755891e-09
chease_public,gold_hoyle,30,1,1,16640,19.296609059907496,True,0.015017159855758161,0.015295282983455439,0.015016653631800707,0.0008500519876222246,0.0002773642883528993,0.004173612903222587,64,0.00031822001221474226,/home/ert/data/iter_tc24/phase1/chease_public/runs/cyl20261009_forward_chease_public_gold_hoyle_A30_02,2.3455754526547187e-10,measured,EQDSK readback,,0.030666805007582475,0.023814118708557593,0.030634268490982313,0.0,0.0
chease_mars,gold_hoyle,30,1,1,1088,2.7077461411245167,True,0.015017159865697259,0.015295277349194173,0.015016653652107494,0.0008500596907232705,0.0002773551187194023,0.004173580645161132,16,0.0003182199988221774,/home/ert/data/iter_tc24/phase1/chease_mars/runs/cyl20261009_forward_chease_mars_gold_hoyle_A30_00,2.350353185879407e-10,measured,EQDSK readback,,0.030666805655065018,0.023814290754458407,0.03063426866585908,1.2916290719925952e-08,3.3877603263214115e-08
chease_mars,gold_hoyle,30,1,1,4224,4.11348580988124,True,0.015017159871595352,0.015295279073529535,0.015016653654849036,0.0008500554064141408,0.00027736255677734967,0.004173661290317634,32,0.0003182200132209037,/home/ert/data/iter_tc24/phase1/chease_mars/runs/cyl20261009_forward_chease_mars_gold_hoyle_A30_01,2.3491834708013334e-10,measured,EQDSK readback,,0.03066680503373464,0.023814111221553448,0.030634268537759433,2.2151257742466956e-09,5.670632593250956e-09
chease_mars,gold_hoyle,30,1,1,16640,9.668507870985195,True,0.015017159866945243,0.015295278306784768,0.015016653651598797,0.0008500519905023651,0.00027736478387474506,0.004173532258060354,64,0.0003182200121212597,/home/ert/data/iter_tc24/phase1/chease_mars/runs/cyl20261009_forward_chease_mars_gold_hoyle_A30_02,2.379017909838211e-10,measured,EQDSK readback,,0.030666805036858556,0.023814113998272157,0.03063426853324793,1.3827846516247704e-09,3.8060360634976894e-09
chease_public,gold_hoyle,100,1,1,1088,3.5434707780368626,True,0.004502386679077878,0.004586782462188787,0.004502233049552764,7.643978785587535e-05,2.4939958284564412e-05,0.0012518709677434095,16,2.8617818988188106e-05,/home/ert/data/iter_tc24/phase1/chease_public/runs/cyl20261009_forward_chease_public_gold_hoyle_A100_00,1.229374424083843e-10,measured,EQDSK readback,,0.00900631908057602,0.007029988046361323,0.008996663851722955,4.377617458758422e-09,8.510279493056991e-09
chease_public,gold_hoyle,100,1,1,4224,6.84780359105207,True,0.004502386691208608,0.004586774901137303,0.004502233075597543,7.643539618351625e-05,2.494738805647323e-05,0.0012518709677434095,32,2.8617821844695997e-05,/home/ert/data/iter_tc24/phase1/chease_public/runs/cyl20261009_forward_chease_public_gold_hoyle_A100_01,7.086075618213399e-11,measured,EQDSK readback,,0.009006318873936162,0.0070299032417290965,0.008996663879365444,7.478723991694649e-10,1.8009734640390385e-09
chease_public,gold_hoyle,100,1,1,16640,18.308497852878645,True,0.004502386686380942,0.004586777908760821,0.004502233065235167,7.643201774376607e-05,2.494954062126631e-05,0.0012518709677434095,64,2.8617821380838773e-05,/home/ert/data/iter_tc24/phase1/chease_public/runs/cyl20261009_forward_chease_public_gold_hoyle_A100_02,7.058786753321965e-11,measured,EQDSK readback,,0.009006318861222983,0.007029905822075391,0.008996663859503165,0.0,0.0
chease_mars,gold_hoyle,100,1,1,1088,2.5772688949946314,True,0.004502386688590287,0.004586775810888692,0.004502233071302946,7.643978255278405e-05,2.4940235586967674e-05,0.0012515322580608859,16,2.8617819022462373e-05,/home/ert/data/iter_tc24/phase1/chease_mars/runs/cyl20261009_forward_chease_mars_gold_hoyle_A100_00,7.025907391245847e-11,measured,EQDSK readback,,0.009006319116473187,0.007029986067742847,0.008996663893130547,4.334314551755816e-09,8.38277628715319e-09
chease_mars,gold_hoyle,100,1,1,4224,3.781939856009558,True,0.0045023866881040864,0.0045867761638564855,0.004502233070167351,7.643540157076245e-05,2.4947497923033524e-05,0.001251677419351759,32,2.8617821238351957e-05,/home/ert/data/iter_tc24/phase1/chease_mars/runs/cyl20261009_forward_chease_mars_gold_hoyle_A100_01,7.086075618213399e-11,measured,EQDSK readback,,0.009006318858117248,0.0070299013762343526,0.00899666386868789,7.43982457947861e-10,1.7361675160015695e-09
chease_mars,gold_hoyle,100.0,1,1,16640,10.702563895843923,True,0.004502386688118907,0.00458677671266531,0.004502233069173884,7.64320163018084e-05,2.4949540433416573e-05,0.0012521290322579702,64,2.8617821640095188e-05,/home/ert/data/iter_tc24/phase1/chease_mars/runs/cyl20261009_forward2_chease_mars_gold_hoyle_A100_02,7.058786753321965e-11,measured,EQDSK readback,,0.009006318848237943,0.007029898308627344,0.008996663867280527,4.968164684976305e-10,1.1799152883802167e-09
chease_public,gold_hoyle,300.0,1,1,1088,3.659809852950275,True,0.001500714704840965,0.001528863500584771,0.001500663463982083,8.499334988476548e-06,2.76160202905551e-06,0.00041725806449867083,16,3.179527813780362e-06,/home/ert/data/iter_tc24/phase1/chease_public/runs/cyl20261009_forward2_chease_public_gold_hoyle_A300_00,2.739724108229384e-10,measured,EQDSK readback,,0.00298415340332276,0.002332714510530199,0.002980944835372104,5.675299606683071e-09,1.0230330681127662e-08
chease_public,gold_hoyle,300.0,1,1,4224,7.364626576192677,True,0.0015007147393502165,0.001528844132542424,0.0015006635341394642,8.495040102918239e-06,2.7691093160697733e-06,0.00041725806449867083,32,3.1795450742788505e-06,/home/ert/data/iter_tc24/phase1/chease_public/runs/cyl20261009_forward2_chease_public_gold_hoyle_A300_01,2.336190797756809e-10,measured,EQDSK readback,,0.0029841533042612536,0.0023326291726989607,0.0029809449725260915,6.045115774643755e-09,9.007957792493267e-09
chease_public,gold_hoyle,300.0,1,1,16640,20.110178963048384,True,0.0015007145741862567,0.0015289505978308229,0.0015006631730587598,8.491437741176e-06,2.7713929851014285e-06,0.00041725806449867083,64,3.1795482663000815e-06,/home/ert/data/iter_tc24/phase1/chease_public/runs/cyl20261009_forward2_chease_public_gold_hoyle_A300_02,2.336190797756809e-10,measured,EQDSK readback,,0.0029841528775546664,0.0023327337421547136,0.002980944255772396,0.0,0.0
chease_mars,gold_hoyle,300.0,1,1,1088,2.800568768987432,True,0.0015007146924068714,0.001528872383274974,0.001500663435204908,8.49931267188353e-06,2.7619271039114324e-06,0.00041629032257479857,16,3.1795285348960433e-06,/home/ert/data/iter_tc24/phase1/chease_mars/runs/cyl20261009_forward2_chease_mars_gold_hoyle_A300_00,2.3438954941851645e-10,measured,EQDSK readback,,0.002984153369921132,0.0023327234777994867,0.0029809447771007975,5.287415882037323e-09,1.0317128137497007e-08
vmecpp,gold_hoyle,10.0,1,1,1122,1.7927108949515969,True,0.04529560055901648,0.04606064602778062,0.04529420919335747,0.007714893935452993,0.0025074480194657855,0.012454612593486784,33,0.002883440171461766,/home/ert/data/iter_tc24/phase1/vmecpp/runs/cyl20261009_vmec_vmecpp_gold_hoyle_A10_00,,prescribed,native,/home/ert/data/iter_tc24/phase1/chease_public/runs/cyl20261009_forward_chease_public_gold_hoyle_A10_02/native/profile_reference.json,0.09802500702051521,0.07498307086452266,0.09792411180692893,2.1895563473262342e-06,5.46351097421454e-06
vmecpp,gold_hoyle,10.0,1,1,2210,2.2794248620048165,True,0.04529555081437193,0.04604929953627362,0.045294180163584837,0.007714893752703844,0.0025074480194662296,0.012503320179666202,65,0.0028834114753878777,/home/ert/data/iter_tc24/phase1/vmecpp/runs/cyl20261009_vmec_vmecpp_gold_hoyle_A10_01,,prescribed,native,/home/ert/data/iter_tc24/phase1/chease_public/runs/cyl20261009_forward_chease_public_gold_hoyle_A10_02/native/profile_reference.json,0.09802489045641148,0.07495946342239324,0.09792405908288276,7.112494043061318e-07,2.2742508099511407e-06
chease_mars,gold_hoyle,300.0,1,1,4224,4.277137530036271,True,0.0015007146927729555,0.0015288731364854367,0.0015006634341877818,8.494861250207819e-06,2.7692084898500724e-06,0.0004182258064683846,32,3.1795460196862762e-06,/home/ert/data/iter_tc24/phase1/chease_mars/runs/cyl20261009_forward2_chease_mars_gold_hoyle_A300_01,2.336190797756809e-10,measured,EQDSK readback,,0.002984153179764141,0.0023326561435737638,0.0029809447732046593,4.527699754990315e-09,7.424807299586462e-09
vmecpp,gold_hoyle,10.0,1,1,4386,2.8676927171181887,True,0.04529553864068023,0.04604637486619292,0.045294173329719654,0.007714892011820407,0.0025074480194662296,0.012524037104666073,129,0.002883405126800442,/home/ert/data/iter_tc24/phase1/vmecpp/runs/cyl20261009_vmec_vmecpp_gold_hoyle_A10_02,,prescribed,native,/home/ert/data/iter_tc24/phase1/chease_public/runs/cyl20261009_forward_chease_public_gold_hoyle_A10_02/native/profile_reference.json,0.09802486196807009,0.07495370771768219,0.09792404615620712,2.330938247154477e-07,9.65122350468296e-07
vmecpp,gold_hoyle,30.0,1,1,1122,1.6555593500379473,True,0.015017143631280545,0.0152909401796695,0.015016645353575282,0.0008500525480499288,0.0002773642883524552,0.004199948690015505,33,0.0003182192809122182,/home/ert/data/iter_tc24/phase1/vmecpp/runs/cyl20261009_vmec_vmecpp_gold_hoyle_A30_00,,prescribed,native,/home/ert/data/iter_tc24/phase1/chease_public/runs/cyl20261009_forward_chease_public_gold_hoyle_A30_02/native/profile_reference.json,0.030666789444518595,0.023810082226408822,0.03063426401465631,5.884432065579199e-07,1.6901764976910365e-06
vmecpp,gold_hoyle,30.0,1,1,2210,1.9944596148561686,True,0.015017155785782575,0.015294202761823718,0.015016651538509734,0.0008500525320846997,0.00027736428835223315,0.00418446308037503,65,0.00031821926167168775,/home/ert/data/iter_tc24/phase1/vmecpp/runs/cyl20261009_vmec_vmecpp_gold_hoyle_A30_01,,prescribed,native,/home/ert/data/iter_tc24/phase1/chease_public/runs/cyl20261009_forward_chease_public_gold_hoyle_A30_02/native/profile_reference.json,0.030666800407994712,0.02381317939962874,0.030634266470447934,1.8948760380924318e-07,6.882804354972331e-07
chease_mars,gold_hoyle,300.0,1,1,16640,10.046964628854766,True,0.0015007146906320927,0.001528872165925977,0.0015006634338262062,8.491414483113857e-06,2.771395225753537e-06,0.00041629032257479857,64,3.1795465293819135e-06,/home/ert/data/iter_tc24/phase1/chease_mars/runs/cyl20261009_forward2_chease_mars_gold_hoyle_A300_02,2.336190797756809e-10,measured,EQDSK readback,,0.00298415319729459,0.0023326625182554348,0.002980944773101093,4.550992701743923e-09,7.59214131932513e-09
vmecpp,gold_hoyle,30.0,1,1,4386,2.9546202309429646,True,0.015017158822836628,0.015295020404551437,0.015016653079301884,0.0008500522042935721,0.00027736428835534177,0.004177823468257572,129,0.00031821930132251177,/home/ert/data/iter_tc24/phase1/vmecpp/runs/cyl20261009_vmec_vmecpp_gold_hoyle_A30_02,,prescribed,native,/home/ert/data/iter_tc24/phase1/chease_public/runs/cyl20261009_forward_chease_public_gold_hoyle_A30_02/native/profile_reference.json,0.030666803137725476,0.023813905638455767,0.030634267205270432,5.68730793851528e-08,2.614033728186336e-07
chease_public,lundquist,10,1,1,1088,5.325203283922747,True,0.0388585502282048,0.04393538229331252,0.03739836402341925,0.008639358460848623,0.001508867637181277,0.013887596774193385,16,0.001919864282285627,/home/ert/data/iter_tc24/phase1/chease_public/runs/cyl20261009_forward2_chease_public_lundquist_A10_00,7.163481529136767e-11,measured,EQDSK readback,,0.06674899832988636,0.068600317159044,0.05595495675353606,1.5041029871673094e-06,2.676963123142749e-06
vmecpp,gold_hoyle,100.0,1,1,1122,1.6160264539066702,True,0.004502380646358786,0.004585211629725071,0.004502229891315494,7.64323306952086e-05,2.494954062126631e-05,0.0012614240476418745,33,2.861751849719603e-05,/home/ert/data/iter_tc24/phase1/vmecpp/runs/cyl20261009_vmec_vmecpp_gold_hoyle_A100_00,,prescribed,native,/home/ert/data/iter_tc24/phase1/chease_public/runs/cyl20261009_forward_chease_public_gold_hoyle_A100_02/native/profile_reference.json,0.009006311930455885,0.007028367046439361,0.008996661175833453,2.1393148523586238e-07,6.237271237606773e-07
vmecpp,gold_hoyle,100.0,1,1,2210,1.7830372089520097,True,0.004502385201033587,0.004586386223939716,0.004502232296761696,7.643214705677082e-05,2.494954062126631e-05,0.0012558163119237979,65,2.861725778081138e-05,/home/ert/data/iter_tc24/phase1/vmecpp/runs/cyl20261009_vmec_vmecpp_gold_hoyle_A100_01,,prescribed,native,/home/ert/data/iter_tc24/phase1/chease_public/runs/cyl20261009_forward_chease_public_gold_hoyle_A100_02/native/profile_reference.json,0.009006316588696996,0.007029489006284312,0.008996662737071804,6.721224016201583e-08,2.55039648960065e-07
vmecpp,gold_hoyle,100.0,1,1,4386,2.463459410937503,True,0.004502386310515593,0.004586679733138646,0.0045022328690531195,7.643217677588687e-05,2.4949540621044264e-05,0.0012533913209745334,129,2.8617292932711647e-05,/home/ert/data/iter_tc24/phase1/vmecpp/runs/cyl20261009_vmec_vmecpp_gold_hoyle_A100_02,,prescribed,native,/home/ert/data/iter_tc24/phase1/chease_public/runs/cyl20261009_forward_chease_public_gold_hoyle_A100_02/native/profile_reference.json,0.009006317758885003,0.007029804650855172,0.008996663035728757,1.9932799269951018e-08,9.656663369789808e-08
chease_public,lundquist,10,1,1,4224,10.513037523021922,True,0.038858602466386595,0.04393562022792795,0.03739835863130756,0.008639092707129592,0.001509342049520468,0.013887937096773538,32,0.001919890740813456,/home/ert/data/iter_tc24/phase1/chease_public/runs/cyl20261009_forward2_chease_public_lundquist_A10_01,9.426977931472746e-11,measured,EQDSK readback,,0.06674833882311831,0.06859828883320603,0.05595487250858753,1.6156112283437446e-07,3.004743930087507e-07
desc,gold_hoyle,10.0,1,1,12,37.56581278308295,True,0.045295599200956896,0.045998644976057525,0.045294321461655504,0.007714891450077532,0.0025074480194653415,0.012629167338476252,4,0.0028834127041486753,/home/ert/data/iter_tc24/phase1/desc/runs/cyl20261009_desc_desc_gold_hoyle_A10_00,,prescribed,native,/home/ert/data/iter_tc24/phase1/chease_public/runs/cyl20261009_forward_chease_public_gold_hoyle_A10_02/native/profile_reference.json,0.09802440829457687,0.07510267904665123,0.09792318807954814,4.990280192132391e-06,9.425885735021759e-06
chease_public,lundquist,10,1,1,16640,28.140906777000055,True,0.03885860437567362,0.04393563400726751,0.037398356852342995,0.008639071464926262,0.0015094706918705736,0.013887982258064733,64,0.0019198897448162295,/home/ert/data/iter_tc24/phase1/chease_public/runs/cyl20261009_forward2_chease_public_lundquist_A10_02,1.125477950465938e-10,measured,EQDSK readback,,0.06674836348203177,0.06859838070818819,0.05595487009455533,0.0,0.0
chease_mars,lundquist,10,1,1,1088,6.020861359778792,True,0.03885854980325933,0.04393538100532662,0.03739836386575333,0.008639372230099251,0.0015089094401306014,0.013887638709676428,16,0.0019198649982104673,/home/ert/data/iter_tc24/phase1/chease_mars/runs/cyl20261009_forward2_chease_mars_lundquist_A10_00,7.163481529136767e-11,measured,EQDSK readback,,0.06674899606410623,0.0686003088900162,0.05595495691541605,1.513193198023165e-06,2.689976153564205e-06
chease_mars,lundquist,10,1,1,4224,7.701901020016521,True,0.03885860398350588,0.04393562550753921,0.03739835898216045,0.008639092139677285,0.0015093462476387653,0.013887945161290334,32,0.0019198908733046064,/home/ert/data/iter_tc24/phase1/chease_mars/runs/cyl20261009_forward2_chease_mars_lundquist_A10_01,9.426977931472746e-11,measured,EQDSK readback,,0.06674833521203605,0.06859827393732762,0.05595487336230158,1.8285593556809e-07,3.3503808405611694e-07
chease_mars,lundquist,10,1,1,16640,16.95535387401469,True,0.038858607211780666,0.043935644744833816,0.03739835723814071,0.008639069617200956,0.0015094710504468534,0.013887974193547935,64,0.0019198897317838693,/home/ert/data/iter_tc24/phase1/chease_mars/runs/cyl20261009_forward2_chease_mars_lundquist_A10_02,1.125477950465938e-10,measured,EQDSK readback,,0.06674836299410017,0.0685983771980376,0.05595487072948251,1.6968149444696054e-08,3.889259589432702e-08
chease_public,lundquist,30,1,1,1088,3.940903790993616,True,0.012908806236596494,0.01461405808651272,0.012417898782995611,0.000951996105464259,0.00016629594949080229,0.004622612903224235,16,0.00021200978335703176,/home/ert/data/iter_tc24/phase1/chease_public/runs/cyl20261009_forward2_chease_public_lundquist_A30_00,2.3088826653218568e-10,measured,EQDSK readback,,0.021080352703474626,0.021999179812620458,0.017554199176364527,1.317080185728831e-06,2.7112607913006047e-06
vmecpp,gold_hoyle,30.0,-1,1,2210,2.147825632011518,True,0.015017155785782575,0.015294202761823718,0.015016651538509734,0.0008500525320846997,0.00027736428835223315,0.00418446308037503,65,0.00031821926167168775,/home/ert/data/iter_tc24/phase1/vmecpp/runs/cyl20261009_twist_vmecpp_gold_hoyle_A30_00,,prescribed,native,/home/ert/data/iter_tc24/phase1/chease_public/runs/cyl20261009_forward_chease_public_gold_hoyle_A30_02/native/profile_reference.json,0.030666800407994712,0.02381317939962874,0.030634266470447934,1.8948760380924318e-07,6.882804354972331e-07
desc,gold_hoyle,10.0,1,1,27,41.620474787894636,True,0.0452955346215448,0.04604536127079189,0.045294171161481725,0.007714891450077532,0.0025074480194653415,0.012539947384250202,6,0.002883403155236242,/home/ert/data/iter_tc24/phase1/desc/runs/cyl20261009_desc_desc_gold_hoyle_A10_01,,prescribed,native,/home/ert/data/iter_tc24/phase1/chease_public/runs/cyl20261009_forward_chease_public_gold_hoyle_A10_02/native/profile_reference.json,0.09802485195166587,0.07495195376918408,0.09792404088031458,9.074637891452178e-09,1.7064729986540647e-08
vmecpp,gold_hoyle,30.0,1,-1,2210,1.9413332229014486,True,0.015017155785782575,0.015294202761823718,0.015016651538509734,0.0008500525320846997,0.00027736428835223315,0.00418446308037503,65,0.00031821926167168775,/home/ert/data/iter_tc24/phase1/vmecpp/runs/cyl20261009_reversal_vmecpp_gold_hoyle_A30_00,,prescribed,native,/home/ert/data/iter_tc24/phase1/chease_public/runs/cyl20261009_forward_chease_public_gold_hoyle_A30_02/native/profile_reference.json,0.030666800407994712,0.02381317939962874,0.030634266470447934,1.8948760380924318e-07,6.882804354972331e-07
chease_public,lundquist,30,1,1,4224,8.058634529123083,True,0.01290882524641849,0.014614147212986124,0.012417895993225472,0.0009517028103809277,0.00016677356381311625,0.004622741935481515,32,0.0002120417932110553,/home/ert/data/iter_tc24/phase1/chease_public/runs/cyl20261009_forward2_chease_public_lundquist_A30_01,2.9667906489279256e-10,measured,EQDSK readback,,0.02107985280284485,0.021997517286894693,0.017554187528162186,1.0872356348809377e-07,3.0951072939257703e-07
chease_public,lundquist,30,1,1,16640,20.759326967177913,True,0.012908825770635726,0.014614144495945319,0.012417897529593755,0.0009516816007670847,0.00016690217873627233,0.004622758064515108,64,0.00021204200561091062,/home/ert/data/iter_tc24/phase1/chease_public/runs/cyl20261009_forward2_chease_public_lundquist_A30_02,3.700828434309686e-10,measured,EQDSK readback,,0.021079889370886847,0.021997632888044395,0.017554190514119633,0.0,0.0
chease_mars,lundquist,30,1,1,1088,2.7538099410012364,True,0.012908806870459413,0.014614059725197245,0.012417899105595908,0.0009520087189149873,0.00016634232326140364,0.004622629032257827,16,0.00021201088774934503,/home/ert/data/iter_tc24/phase1/chease_mars/runs/cyl20261009_forward2_chease_mars_lundquist_A30_00,2.3088826653218568e-10,measured,EQDSK readback,,0.021080350277571734,0.021999169070406843,0.017554200068491267,1.3210044039893774e-06,2.7353787066191118e-06
chease_mars,lundquist,30,1,1,4224,4.216725300997496,True,0.012908826759316032,0.014614148435983867,0.01241789760127516,0.0009517024265990326,0.00016677628906047737,0.0046227741935487,32,0.00021204168146750861,/home/ert/data/iter_tc24/phase1/chease_mars/runs/cyl20261009_forward2_chease_mars_lundquist_A30_01,2.9667906489279256e-10,measured,EQDSK readback,,0.021079844916928964,0.02199748278936671,0.017554190277708086,1.287734842328675e-07,3.4671700785203385e-07
chease_mars,lundquist,30,1,1,16640,9.82278138701804,True,0.012908827389486639,0.014614152900873529,0.012417897037918221,0.0009516795587105609,0.00016690277491804295,0.004622725806447923,64,0.00021204207332178708,/home/ert/data/iter_tc24/phase1/chease_mars/runs/cyl20261009_forward2_chease_mars_lundquist_A30_02,3.700828434309686e-10,measured,EQDSK readback,,0.021079889980250042,0.021997635982410123,0.01755419014961839,2.283902370370845e-08,5.630855130894046e-08
chease_public,lundquist,100,1,1,1088,3.659820324042812,True,0.0038711478742530867,0.004383166369814989,0.0037237328148478606,8.588347703408772e-05,1.4354135898342335e-05,0.0013865322580684388,16,1.9077972821893043e-05,/home/ert/data/iter_tc24/phase1/chease_public/runs/cyl20261009_forward2_chease_public_lundquist_A100_00,6.890001969111413e-11,measured,EQDSK readback,,0.006211260997809397,0.006515802719140894,0.0051602524529617425,1.300951096391854e-06,2.6489866231107316e-06
desc,gold_hoyle,10.0,1,1,48,38.05769799416885,True,0.04529553459257808,0.04604538573850514,0.045294171087604695,0.007714891450077532,0.0025074480194653415,0.012540075194449902,8,0.002883403179050793,/home/ert/data/iter_tc24/phase1/desc/runs/cyl20261009_desc_desc_gold_hoyle_A10_02,,prescribed,native,/home/ert/data/iter_tc24/phase1/chease_public/runs/cyl20261009_forward_chease_public_gold_hoyle_A10_02/native/profile_reference.json,0.09802485266288319,0.07495185130202682,0.09792404186982494,1.3833154052279284e-09,2.7270779718084227e-09
chease_public,lundquist,100,1,1,4224,7.466503669973463,True,0.0038711544592080417,0.004383183025363825,0.0037237362804003037,8.558726849794418e-05,1.4832719146040674e-05,0.0013865967741913488,32,1.9070570942268613e-05,/home/ert/data/iter_tc24/phase1/chease_public/runs/cyl20261009_forward2_chease_public_lundquist_A100_01,9.449219508324257e-11,measured,EQDSK readback,,0.00621078508435802,0.00651417058415624,0.00516026188501257,9.877728207408344e-08,2.9602909646762665e-07
chease_public,lundquist,100,1,1,16640,20.306179146049544,True,0.0038711544044752358,0.004383185683068961,0.0037237353796960183,8.556645137347552e-05,1.4960807027675216e-05,0.0013865967741913488,64,1.9070916712037086e-05,/home/ert/data/iter_tc24/phase1/chease_public/runs/cyl20261009_forward2_chease_public_lundquist_A100_02,1.0443121600214086e-10,measured,EQDSK readback,,0.006210821616227077,0.006514296656361875,0.005160260883443837,0.0,0.0
chease_mars,lundquist,100,1,1,1088,2.7574526388198137,True,0.0038711470182765883,0.004383161767190597,0.003723733124447699,8.589636765310438e-05,1.4401476861491957e-05,0.0013863709677439733,16,1.9079065495801885e-05,/home/ert/data/iter_tc24/phase1/chease_mars/runs/cyl20261009_forward2_chease_mars_lundquist_A100_00,8.014723394336767e-11,measured,EQDSK readback,,0.006211258467455099,0.006515789947199965,0.005160253966528854,1.3042927714445924e-06,2.6975086787002586e-06
vmecpp,gold_hoyle,300.0,1,1,1122,1.9465943470131606,True,0.0015007127485350822,0.0015283617772956014,0.001500662425748094,8.491715156599966e-06,2.77139298421325e-06,0.0004202996054819015,33,3.1791430375176578e-06,/home/ert/data/iter_tc24/phase1/vmecpp/runs/cyl20261009_vmec_vmecpp_gold_hoyle_A300_00,,prescribed,native,/home/ert/data/iter_tc24/phase1/chease_public/runs/cyl20261009_forward2_chease_public_gold_hoyle_A300_02/native/profile_reference.json,0.002984150091001576,0.002332234267498654,0.002980942849252746,6.618343592171937e-08,1.944787367882488e-07
vmecpp,gold_hoyle,300.0,1,1,2210,2.3322723479941487,True,0.0015007142069998816,0.0015287484231167596,0.0015006631766503109,8.49180139006478e-06,2.771392983769161e-06,0.0004185543077490424,65,3.1789516999754493e-06,/home/ert/data/iter_tc24/phase1/vmecpp/runs/cyl20261009_vmec_vmecpp_gold_hoyle_A300_01,,prescribed,native,/home/ert/data/iter_tc24/phase1/chease_public/runs/cyl20261009_forward2_chease_public_gold_hoyle_A300_02/native/profile_reference.json,0.002984151784692877,0.002332480424510817,0.0029809438632054223,2.1449527346442042e-08,7.918709157275885e-08
chease_mars,lundquist,100,1,1,4224,4.422574301948771,True,0.003871153189683549,0.0043831890607562,0.003723732729023569,8.558692753424246e-05,1.483557320658413e-05,0.0013864032258111584,32,1.907086734179165e-05,/home/ert/data/iter_tc24/phase1/chease_mars/runs/cyl20261009_forward2_chease_mars_lundquist_A100_01,7.285792996241549e-11,measured,EQDSK readback,,0.00621077293870777,0.006514141802756059,0.005160257525477389,1.1793935266945499e-07,3.4239137244070583e-07
vmecpp,gold_hoyle,300.0,1,1,4386,3.6583888868335634,True,0.0015007145595623515,0.001528837645775511,0.001500663365939196,8.491537173638264e-06,2.7713929835471163e-06,0.0004178634900463587,129,3.1789991092207504e-06,/home/ert/data/iter_tc24/phase1/vmecpp/runs/cyl20261009_vmec_vmecpp_gold_hoyle_A300_02,,prescribed,native,/home/ert/data/iter_tc24/phase1/chease_public/runs/cyl20261009_forward2_chease_public_gold_hoyle_A300_02/native/profile_reference.json,0.002984152308572901,0.0023326301220484994,0.0029809439731239805,8.981823994301269e-09,3.393984169387593e-08
vmecpp,lundquist,10.0,1,1,1122,1.8008823851123452,True,0.038848653799880034,0.043918565906120706,0.03739059051613346,0.00857348634383115,0.0015094706918705736,0.014216228676237315,33,0.001897720482873614,/home/ert/data/iter_tc24/phase1/vmecpp/runs/cyl20261009_vmec_vmecpp_lundquist_A10_00,,prescribed,native,/home/ert/data/iter_tc24/phase1/chease_public/runs/cyl20261009_forward2_chease_public_lundquist_A10_02/native/profile_reference.json,0.06668349929108895,0.06849841443374899,0.055912046650832166,6.206278757101363e-05,0.00023211815536329603
chease_mars,lundquist,100,1,1,16640,10.646603228989989,True,0.00387115345636357,0.004383190741859875,0.0037237325554974367,8.556477757615255e-05,1.4961380226052867e-05,0.0013862903225760105,64,1.9071194546326485e-05,/home/ert/data/iter_tc24/phase1/chease_mars/runs/cyl20261009_forward2_chease_mars_lundquist_A100_02,1.0287462430519455e-10,measured,EQDSK readback,,0.006210817536880971,0.00651429198045053,0.0051602576360500925,1.764875953696346e-08,4.371781098805055e-08
desc,gold_hoyle,30.0,1,1,12,34.84909592499025,True,0.015017161609191188,0.015293061281596116,0.015016659469145183,0.0008500519876155632,0.0002773642883528993,0.004178002348153414,4,0.0003182194354903295,/home/ert/data/iter_tc24/phase1/desc/runs/cyl20261009_desc_desc_gold_hoyle_A30_00,,prescribed,native,/home/ert/data/iter_tc24/phase1/chease_public/runs/cyl20261009_forward_chease_public_gold_hoyle_A30_02/native/profile_reference.json,0.030666797750983514,0.0238154245415714,0.0306342576341185,1.9228248451465982e-07,3.058690945967847e-07
vmecpp,lundquist,10.0,1,1,2210,1.6608132109977305,True,0.0388560597000583,0.04393118521245704,0.03739639691007176,0.00856741724346044,0.0015094706918705736,0.01403132763406541,65,0.0019141785813477797,/home/ert/data/iter_tc24/phase1/vmecpp/runs/cyl20261009_vmec_vmecpp_lundquist_A10_01,,prescribed,native,/home/ert/data/iter_tc24/phase1/chease_public/runs/cyl20261009_forward2_chease_public_lundquist_A10_02/native/profile_reference.json,0.06673210368028773,0.06857334343791538,0.05594412856022549,1.6841509080617556e-05,9.557383606458485e-05
vmecpp,lundquist,10.0,1,1,4386,1.9628528219182044,True,0.03885795040660991,0.043934467684128356,0.037397860318503284,0.008624824359657834,0.0015094706918705736,0.013951297414161975,129,0.0019184323565015486,/home/ert/data/iter_tc24/phase1/vmecpp/runs/cyl20261009_vmec_vmecpp_lundquist_A10_02,,prescribed,native,/home/ert/data/iter_tc24/phase1/chease_public/runs/cyl20261009_forward2_chease_public_lundquist_A10_02/native/profile_reference.json,0.06674426171648472,0.0685920730870239,0.055952157527967776,4.639946358988665e-06,3.7713875582767175e-05
chease_public,lundquist,300,1,1,1088,3.934166716877371,True,0.0012903461357053512,0.0014609973433556665,0.0012412144100110154,1.1189481699647175e-05,1.0061688562323923e-06,0.00046209677417290287,16,2.454830575798475e-06,/home/ert/data/iter_tc24/phase1/chease_public/runs/cyl20261009_forward2_chease_public_lundquist_A300_00,3.129691766531416e-10,measured,EQDSK readback,,0.0020602422117369052,0.002165033399851297,0.0017102769914786127,1.3026063582273362e-06,2.665800852487106e-06
chease_public,lundquist,300,1,1,4224,7.883124954067171,True,0.001290340637769099,0.00146104599601281,0.0012411920092146105,9.519898008569783e-06,1.4851848886276997e-06,0.00046225806453174947,32,2.1215786247584423e-06,/home/ert/data/iter_tc24/phase1/chease_public/runs/cyl20261009_forward2_chease_public_lundquist_A300_01,2.3011092727319076e-10,measured,EQDSK readback,,0.002059739825369927,0.002163415224641471,0.001710250414241146,1.1214648260852972e-07,3.493931246998401e-07
desc,gold_hoyle,300.0,1,1,12,39.61121803615242,True,0.0015006709851238045,0.0016353782809458255,0.0015004171274007072,8.491437740953955e-06,2.7713929851014285e-06,0.0002216914337381123,4,8.635157789554929e-06,/home/ert/data/iter_tc24/phase1/desc/runs/cyl20261009_desc_desc_gold_hoyle_A300_00,,prescribed,native,/home/ert/data/iter_tc24/phase1/chease_public/runs/cyl20261009_forward2_chease_public_gold_hoyle_A300_02/native/profile_reference.json,0.0029841320310886243,0.0022166227997906965,0.0029812369208119627,8.043292338576794e-06,1.5088364457113294e-05
chease_public,lundquist,300,1,1,16640,20.30308920214884,True,0.001290329714060218,0.001461111897317239,0.0012411570935284113,9.500067761791797e-06,1.6127464093074195e-06,0.00046225806453174947,64,2.1204681602794874e-06,/home/ert/data/iter_tc24/phase1/chease_public/runs/cyl20261009_forward2_chease_public_lundquist_A300_02,2.9566038204142155e-10,measured,EQDSK readback,,0.0020597458768429203,0.002163576372554275,0.0017102000172339862,0.0,0.0
chease_mars,lundquist,300,1,1,1088,2.8035179709549993,True,0.001290339126044362,0.0014610253792284851,0.0012411964502288188,1.3439865523379169e-05,1.0518107200763183e-06,0.0004630645161426166,16,2.4565082575269653e-06,/home/ert/data/iter_tc24/phase1/chease_mars/runs/cyl20261009_forward2_chease_mars_lundquist_A300_00,2.5478149443985026e-10,measured,EQDSK readback,,0.002060218194834141,0.002165022012659545,0.0017102520915157524,1.305103787043899e-06,2.6962095584400767e-06
chease_mars,lundquist,300,1,1,4224,4.104592646937817,True,0.0012903406513614729,0.0014610322483086908,0.0012411963140388893,9.525332145932097e-06,1.4857433989767799e-06,0.0004606451613100152,32,2.1218586063362945e-06,/home/ert/data/iter_tc24/phase1/chease_mars/runs/cyl20261009_forward2_chease_mars_lundquist_A300_01,3.727703415710688e-10,measured,EQDSK readback,,0.0020597313634634932,0.0021633648368415497,0.001710258245795411,1.3177033574597026e-07,4.0076397080727714e-07
desc,gold_hoyle,30.0,1,1,27,36.320556588005275,True,0.015017159836152507,0.015295268515083412,0.015016653638735602,0.0008500519876155632,0.0002773642883528993,0.004173587793954517,6,0.0003182192934935193,/home/ert/data/iter_tc24/phase1/desc/runs/cyl20261009_desc_desc_gold_hoyle_A30_01,,prescribed,native,/home/ert/data/iter_tc24/phase1/chease_public/runs/cyl20261009_forward_chease_public_gold_hoyle_A30_02/native/profile_reference.json,0.03066680389009274,0.023814091095602275,0.030634267448254458,2.0592960256792634e-09,5.222717048389188e-09
chease_mars,lundquist,300,1,1,16640,10.488391630817205,True,0.0012903405663882087,0.00146103208438423,0.0012411962534160175,9.503629140317216e-06,1.6114063188243932e-06,0.0004614516129208823,64,2.1192872602117436e-06,/home/ert/data/iter_tc24/phase1/chease_mars/runs/cyl20261009_forward2_chease_mars_lundquist_A300_02,2.3300129446724295e-10,measured,EQDSK readback,,0.002059777370491755,0.002163518740443105,0.0017102586460144141,6.395711086833719e-08,1.0173190537832045e-07
desc,gold_hoyle,300.0,1,1,27,34.69427080499008,True,0.00150071469870946,0.0015288660288976443,0.0015006634531940324,8.491437740953955e-06,2.7713929851014285e-06,0.00041725355589872584,6,3.1789936099923186e-06,/home/ert/data/iter_tc24/phase1/desc/runs/cyl20261009_desc_desc_gold_hoyle_A300_01,,prescribed,native,/home/ert/data/iter_tc24/phase1/chease_public/runs/cyl20261009_forward2_chease_public_gold_hoyle_A300_02/native/profile_reference.json,0.0029841523970463766,0.002332646264679557,0.002980944016991189,4.735684972529043e-09,8.182039810696765e-09
desc,gold_hoyle,30.0,1,1,48,36.26410360191949,True,0.015017159829509356,0.015295278667059055,0.015016653613432355,0.0008500519876155632,0.0002773642883528993,0.004173629577265379,8,0.00031821933095194815,/home/ert/data/iter_tc24/phase1/desc/runs/cyl20261009_desc_desc_gold_hoyle_A30_02,,prescribed,native,/home/ert/data/iter_tc24/phase1/chease_public/runs/cyl20261009_forward_chease_public_gold_hoyle_A30_02/native/profile_reference.json,0.030666804024016642,0.02381411433289576,0.03063426751839634,1.3739889096757614e-09,3.017363693341495e-09
desc,gold_hoyle,300.0,1,1,48,38.12599985394627,True,0.0015007146913916499,0.0015288727314456884,0.001500663433548123,8.491437740953955e-06,2.7713929851014285e-06,0.000417279385135683,8,3.1790348145879936e-06,/home/ert/data/iter_tc24/phase1/desc/runs/cyl20261009_desc_desc_gold_hoyle_A300_02,,prescribed,native,/home/ert/data/iter_tc24/phase1/chease_public/runs/cyl20261009_forward2_chease_public_gold_hoyle_A300_02/native/profile_reference.json,0.002984152503570859,0.0023326642286037934,0.0029809440738851308,4.473077030000538e-09,6.643016254849906e-09
desc,gold_hoyle,100.0,1,1,12,36.734310031170025,True,0.004502365201032879,0.004624178337384357,0.004502142544413119,7.643201774309993e-05,2.4949540621488353e-05,0.001178226752143114,4,2.8770459732477084e-05,/home/ert/data/iter_tc24/phase1/desc/runs/cyl20261009_desc_desc_gold_hoyle_A100_00,,prescribed,native,/home/ert/data/iter_tc24/phase1/chease_public/runs/cyl20261009_forward_chease_public_gold_hoyle_A100_02/native/profile_reference.json,0.00900630826781823,0.006990203683105956,0.008996762730146612,3.0182616433436246e-06,5.573624085950617e-06
vmecpp,lundquist,30.0,1,1,1122,1.3578649109695107,True,0.012905537485862987,0.01460845044303628,0.012415348838809745,0.0008841240712977871,0.00016690217873582824,0.004733710790581366,33,0.00019413736699689085,/home/ert/data/iter_tc24/phase1/vmecpp/runs/cyl20261009_vmec_vmecpp_lundquist_A30_00,,prescribed,native,/home/ert/data/iter_tc24/phase1/chease_public/runs/cyl20261009_forward2_chease_public_lundquist_A30_02/native/profile_reference.json,0.02102191960941002,0.02191719999477137,0.017512983672343985,5.011011308509077e-05,8.369525245832237e-05
vmecpp,lundquist,30.0,1,1,2210,1.880991759011522,True,0.012907968970402178,0.014612644219728119,0.01241723863290353,0.000877833885902124,0.00016690217873671642,0.004671184187600833,65,0.00020657521215675171,/home/ert/data/iter_tc24/phase1/vmecpp/runs/cyl20261009_vmec_vmecpp_lundquist_A30_01,,prescribed,native,/home/ert/data/iter_tc24/phase1/chease_public/runs/cyl20261009_forward2_chease_public_lundquist_A30_02/native/profile_reference.json,0.021065356472975742,0.021977492098092636,0.017543852561169544,1.2751065287329303e-05,3.2716118601587024e-05
vmecpp,lundquist,30.0,1,1,4386,2.2299477520864457,True,0.012908604679832892,0.014613761736993301,0.012417726142852505,0.0009370004305409019,0.0001669021787380487,0.004644139817577114,129,0.0002106011243890792,/home/ert/data/iter_tc24/phase1/vmecpp/runs/cyl20261009_vmec_vmecpp_lundquist_A30_02,,prescribed,native,/home/ert/data/iter_tc24/phase1/chease_public/runs/cyl20261009_forward2_chease_public_lundquist_A30_02/native/profile_reference.json,0.021076220299453878,0.02199256118549157,0.017551575908484166,3.2860659071873076e-06,1.2616964734562618e-05
vmecpp,lundquist,100.0,1,1,1122,1.5109217981807888,True,0.0038704394362509453,0.0043817939761120386,0.0037232291559243084,0.00019159858538830843,1.496080702834135e-05,0.0014199424055714959,33,4.286321212532594e-05,/home/ert/data/iter_tc24/phase1/vmecpp/runs/cyl20261009_vmec_vmecpp_lundquist_A100_00,,prescribed,native,/home/ert/data/iter_tc24/phase1/chease_public/runs/cyl20261009_forward2_chease_public_lundquist_A100_02/native/profile_reference.json,0.006170706205570084,0.006511345091280874,0.005119664550489818,4.8512252349701904e-05,5.628749536289848e-05
vmecpp,lundquist,100.0,1,1,2210,1.6691441319417208,True,0.0038709126261009573,0.004382756681166969,0.003723551215925694,2.7795340646896705e-05,1.4960807029229528e-05,0.001401153809418764,65,1.7083985919421227e-05,/home/ert/data/iter_tc24/phase1/vmecpp/runs/cyl20261009_vmec_vmecpp_lundquist_A100_01,,prescribed,native,/home/ert/data/iter_tc24/phase1/chease_public/runs/cyl20261009_forward2_chease_public_lundquist_A100_02/native/profile_reference.json,0.006196916137476078,0.006495887056288181,0.0051500734616225525,1.2189811388351326e-05,1.411293959995532e-05
vmecpp,lundquist,100.0,1,1,4386,2.3274365661200136,True,0.003871087515350666,0.004383074787305331,0.0037236820012059866,7.083627362569622e-05,1.4960807029451573e-05,0.0013930279246279138,129,1.7820133417761823e-05,/home/ert/data/iter_tc24/phase1/vmecpp/runs/cyl20261009_vmec_vmecpp_lundquist_A100_02,,prescribed,native,/home/ert/data/iter_tc24/phase1/chease_public/runs/cyl20261009_forward2_chease_public_lundquist_A100_02/native/profile_reference.json,0.006207306378701977,0.006509654303106542,0.005157681553366958,3.096214410845368e-06,4.094180094969575e-06
desc,lundquist,10.0,1,1,12,37.80738258897327,True,0.1819097717162173,0.34800997388856847,0.09886335867373496,0.008639071464723314,0.0015094706918705736,-0.34933655898938465,4,0.16691735270095087,/home/ert/data/iter_tc24/phase1/desc/runs/cyl20261009_desc_desc_lundquist_A10_00,,prescribed,native,/home/ert/data/iter_tc24/phase1/chease_public/runs/cyl20261009_forward2_chease_public_lundquist_A10_02/native/profile_reference.json,0.34037211129234046,0.6120420597123101,0.3070296264300156,0.16660843649762216,0.32285464518888946
vmecpp,lundquist,300.0,1,1,1122,1.7351053389720619,True,0.001290907688684324,0.0014614982097210043,0.0012417966590488518,0.00026444769451938743,1.6127464086412857e-06,0.0004733091274954037,33,4.7392285876890936e-05,/home/ert/data/iter_tc24/phase1/vmecpp/runs/cyl20261009_vmec_vmecpp_lundquist_A300_00,,prescribed,native,/home/ert/data/iter_tc24/phase1/chease_public/runs/cyl20261009_forward2_chease_public_lundquist_A300_02/native/profile_reference.json,0.0021034085060808623,0.002225208338179634,0.0017407775934650774,4.83682470647827e-05,5.54220271066047e-05
vmecpp,lundquist,300.0,1,1,2210,1.4405145978089422,True,0.0012903110991569903,0.001460946459863063,0.001241184203993209,6.461727853579458e-05,1.612746407975152e-06,0.00046704491842136474,65,1.1282756412080209e-05,/home/ert/data/iter_tc24/phase1/vmecpp/runs/cyl20261009_vmec_vmecpp_lundquist_A300_01,,prescribed,native,/home/ert/data/iter_tc24/phase1/chease_public/runs/cyl20261009_forward2_chease_public_lundquist_A300_02/native/profile_reference.json,0.002062938898094395,0.002173092282467982,0.0017106402751976518,1.2138793872192396e-05,1.3876904104186084e-05
vmecpp,lundquist,300.0,1,1,4386,1.813675566809252,True,0.0012903219793597666,0.001460997757083152,0.0012411825158215417,5.7317714576843315e-06,1.6127464108617318e-06,0.0004643365162249416,129,2.7867210001196073e-06,/home/ert/data/iter_tc24/phase1/vmecpp/runs/cyl20261009_vmec_vmecpp_lundquist_A300_02,,prescribed,native,/home/ert/data/iter_tc24/phase1/chease_public/runs/cyl20261009_forward2_chease_public_lundquist_A300_02/native/profile_reference.json,0.0020563137796035737,0.0021600660254320037,0.0017076939061717318,3.079132737386301e-06,3.4896037989304035e-06
desc,gold_hoyle,100.0,1,1,27,37.31988713610917,True,0.00450238668268456,0.004586772382785831,0.004502233071684738,7.643201774309993e-05,2.4949540621488353e-05,0.0012518518853274754,6,2.861729972178433e-05,/home/ert/data/iter_tc24/phase1/desc/runs/cyl20261009_desc_desc_gold_hoyle_A100_01,,prescribed,native,/home/ert/data/iter_tc24/phase1/chease_public/runs/cyl20261009_forward_chease_public_gold_hoyle_A100_02/native/profile_reference.json,0.009006318028962658,0.007029893459687035,0.008996663060523675,1.0021097021167797e-09,2.1050123043782267e-09
desc,lundquist,30.0,1,1,12,38.16853476804681,True,0.13067579856556688,0.24888337614808428,0.07204559769488421,0.0009516816002963502,0.00016690217873627233,0.2902986503108073,4,0.1358471253402509,/home/ert/data/iter_tc24/phase1/desc/runs/cyl20261009_desc_desc_lundquist_A30_00,,prescribed,native,/home/ert/data/iter_tc24/phase1/chease_public/runs/cyl20261009_forward2_chease_public_lundquist_A30_02/native/profile_reference.json,0.2779467229062387,0.4020186814221378,0.2208552615350666,0.13581350548507962,0.2808610769623863
desc,gold_hoyle,30.0,-1,1,27,38.512950603151694,True,0.015017159836152507,0.015295268515083412,0.015016653638735602,0.0008500519876155632,0.0002773642883528993,0.004173587793954517,6,0.0003182192934935193,/home/ert/data/iter_tc24/phase1/desc/runs/cyl20261009_twist_desc_gold_hoyle_A30_00,,prescribed,native,/home/ert/data/iter_tc24/phase1/chease_public/runs/cyl20261009_forward_chease_public_gold_hoyle_A30_02/native/profile_reference.json,0.03066680389009274,0.023814091095602275,0.030634267448254458,2.0592960256792634e-09,5.222717048389188e-09
desc,lundquist,10.0,1,1,27,37.784720020135865,True,0.040516802493991255,0.05000203991814548,0.03760535384163948,0.008639071464723314,0.0015094706918705736,0.027337100851852713,6,0.008561408811896005,/home/ert/data/iter_tc24/phase1/desc/runs/cyl20261009_desc_desc_lundquist_A10_01,,prescribed,native,/home/ert/data/iter_tc24/phase1/chease_public/runs/cyl20261009_forward2_chease_public_lundquist_A10_02/native/profile_reference.json,0.06466119078177526,0.0860643679196302,0.05113988555138616,0.008340371835586648,0.01721937337372747
desc,gold_hoyle,100.0,1,1,48,44.375185754848644,True,0.004502386677701224,0.004586774815767665,0.004502233062222185,7.643201774309993e-05,2.4949540621488353e-05,0.001251886754753818,8,2.861733417196565e-05,/home/ert/data/iter_tc24/phase1/desc/runs/cyl20261009_desc_desc_gold_hoyle_A100_02,,prescribed,native,/home/ert/data/iter_tc24/phase1/chease_public/runs/cyl20261009_forward_chease_public_gold_hoyle_A100_02/native/profile_reference.json,0.009006318166396599,0.007029885802466494,0.00899666321928096,9.103253805067703e-10,1.667205971914197e-09
desc,lundquist,30.0,1,1,27,48.48524919291958,True,0.016267884895188066,0.02443020504818962,0.013290742941967595,0.0009516816002963502,0.00016690217873627233,0.017781018035224076,6,0.008562854092011827,/home/ert/data/iter_tc24/phase1/desc/runs/cyl20261009_desc_desc_lundquist_A30_01,,prescribed,native,/home/ert/data/iter_tc24/phase1/chease_public/runs/cyl20261009_forward2_chease_public_lundquist_A30_02/native/profile_reference.json,0.027882538343172437,0.049249696418333815,0.0189632067662273,0.008559310004527046,0.01766385868066121
desc,gold_hoyle,30.0,1,-1,27,47.13702488411218,True,0.015017159836152507,0.015295268515083412,0.015016653638735602,0.0008500519876155632,0.0002773642883528993,0.004173587793954517,6,0.0003182192934935193,/home/ert/data/iter_tc24/phase1/desc/runs/cyl20261009_reversal_desc_gold_hoyle_A30_00,,prescribed,native,/home/ert/data/iter_tc24/phase1/chease_public/runs/cyl20261009_forward_chease_public_gold_hoyle_A30_02/native/profile_reference.json,0.03066680389009274,0.023814091095602275,0.030634267448254458,2.0592960256792634e-09,5.222717048389188e-09
desc,lundquist,10.0,1,1,48,44.23988988483325,True,0.03877900402258646,0.04508872030712364,0.03692731208038372,0.008639071464723314,0.0015094706918705736,0.015260239713879666,8,0.0025664400351468773,/home/ert/data/iter_tc24/phase1/desc/runs/cyl20261009_desc_desc_lundquist_A10_02,,prescribed,native,/home/ert/data/iter_tc24/phase1/chease_public/runs/cyl20261009_forward2_chease_public_lundquist_A10_02/native/profile_reference.json,0.06584796693072582,0.06814299131775979,0.05510182243502661,0.0017063575681510428,0.004527726222888174
desc,lundquist,30.0,1,1,48,41.633333274163306,True,0.013116428774680515,0.015618303829586455,0.012369164554970283,0.0009516816002963502,0.00016690217873627233,-0.0019420100220981435,8,0.001736842909951112,/home/ert/data/iter_tc24/phase1/desc/runs/cyl20261009_desc_desc_lundquist_A30_02,,prescribed,native,/home/ert/data/iter_tc24/phase1/chease_public/runs/cyl20261009_forward2_chease_public_lundquist_A30_02/native/profile_reference.json,0.02080348752953236,0.025477870985094846,0.016952007523763496,0.0017226400193424145,0.004966288082916163
desc,lundquist,100.0,1,1,12,33.75456069991924,True,0.13561616662328282,0.25650398185734585,0.07638323801172124,8.556645152157927e-05,1.4960807027675216e-05,0.29234454552312766,4,0.1372388715647139,/home/ert/data/iter_tc24/phase1/desc/runs/cyl20261009_desc_desc_lundquist_A100_00,,prescribed,native,/home/ert/data/iter_tc24/phase1/chease_public/runs/cyl20261009_forward2_chease_public_lundquist_A100_02/native/profile_reference.json,0.2835961359069773,0.4051409086803912,0.230369217310612,0.13723572456342767,0.28446382199255305
desc,lundquist,100.0,1,1,27,42.16106888395734,True,0.009754746890588636,0.018292418115470267,0.0056321157538274744,8.556645152157927e-05,1.4960807027675216e-05,0.014100322031522282,6,0.008507367422879162,/home/ert/data/iter_tc24/phase1/desc/runs/cyl20261009_desc_desc_lundquist_A100_01,,prescribed,native,/home/ert/data/iter_tc24/phase1/chease_public/runs/cyl20261009_forward2_chease_public_lundquist_A100_02/native/profile_reference.json,0.01890942171407728,0.03544778277868795,0.009964837498206668,0.008507257173066256,0.017467802124803866
desc,lundquist,10,1,1,108,66.89330314612016,True,0.03886542695797398,0.043932396320973274,0.03740833079518537,0.008639071464723314,0.0015094706918705736,0.013243319215009323,12,0.0019282155313966789,/home/ert/data/iter_tc24/phase1/desc/runs/cyl20261009_desc_desc_lundquist_A10_03,,prescribed,native,/home/ert/data/iter_tc24/phase1/chease_public/runs/cyl20261009_forward2_chease_public_lundquist_A10_02/native/profile_reference.json,0.06681292781041072,0.06800827639878726,0.05623522645465509,0.00016976910985524128,0.0004678618244962493
desc,lundquist,100.0,1,1,48,51.94587849988602,True,0.004166990508624448,0.006322159763446018,0.003372730749804435,8.556645152157927e-05,1.4960807027675216e-05,0.004051075987697752,8,0.0018440261374115287,/home/ert/data/iter_tc24/phase1/desc/runs/cyl20261009_desc_desc_lundquist_A100_02,,prescribed,native,/home/ert/data/iter_tc24/phase1/chease_public/runs/cyl20261009_forward2_chease_public_lundquist_A100_02/native/profile_reference.json,0.0072676750220181455,0.013102666993566258,0.005588410454564598,0.0018437010735349489,0.004759292397636283
desc,lundquist,300.0,1,1,192,124.97153025399894,False,0.001290384372249151,0.0014613655042826012,0.001241149876270892,9.50006793210001e-06,1.6127464093074195e-06,0.000452517472863732,16,6.73629947098945e-06,/home/ert/data/iter_tc24/phase1/desc/runs/cyl20261009_desc_desc_lundquist_A300_04,,prescribed,native,/home/ert/data/iter_tc24/phase1/chease_public/runs/cyl20261009_forward2_chease_public_lundquist_A300_02/native/profile_reference.json,0.0020592444123214504,0.002174002072164175,0.001706438361028813,6.387181302976313e-06,1.681036739736345e-05
desc,lundquist,30,1,1,108,64.97673308802769,True,0.012903911931918614,0.014602372616223417,0.012415105695322988,0.0009516816002963502,0.00016690217873627233,0.005311105987841401,12,0.00024503945887911,/home/ert/data/iter_tc24/phase1/desc/runs/cyl20261009_desc_desc_lundquist_A30_03,,prescribed,native,/home/ert/data/iter_tc24/phase1/chease_public/runs/cyl20261009_forward2_chease_public_lundquist_A30_02/native/profile_reference.json,0.021102624227593503,0.0219060411567628,0.017613867775310304,0.0001236219403475606,0.00048786977439384786
desc,lundquist,300.0,1,1,12,40.67067748401314,True,0.13693516558061394,0.258453322796993,0.07760930826358063,9.50006793210001e-06,1.6127464093074195e-06,0.292579326607955,4,0.13748248115285616,/home/ert/data/iter_tc24/phase1/desc/runs/cyl20261009_desc_desc_lundquist_A300_00,,prescribed,native,/home/ert/data/iter_tc24/phase1/chease_public/runs/cyl20261009_forward2_chease_public_lundquist_A300_02/native/profile_reference.json,0.28490782388203173,0.40552684887498924,0.23280389710250196,0.13748210912655948,0.28519716373020093
desc,lundquist,100,1,1,108,53.37636424903758,True,0.0038698158776089885,0.004406455441046683,0.003714689262222719,8.556645152157927e-05,1.4960807027675216e-05,0.001714536656592255,12,0.00011617339766381567,/home/ert/data/iter_tc24/phase1/desc/runs/cyl20261009_desc_desc_lundquist_A100_03,,prescribed,native,/home/ert/data/iter_tc24/phase1/chease_public/runs/cyl20261009_forward2_chease_public_lundquist_A100_02/native/profile_reference.json,0.006196145002511015,0.006966217847872739,0.005031532409499926,0.00011465117747713063,0.0003156756325806566
desc,lundquist,300.0,1,1,27,40.99541445588693,True,0.008726934112914473,0.01725615646421126,0.004177499044313485,9.50006793210001e-06,1.6127464093074195e-06,0.013006159690392803,6,0.008477178154600725,/home/ert/data/iter_tc24/phase1/desc/runs/cyl20261009_desc_desc_lundquist_A300_01,,prescribed,native,/home/ert/data/iter_tc24/phase1/chease_public/runs/cyl20261009_forward2_chease_public_lundquist_A300_02/native/profile_reference.json,0.01738366314233934,0.03140657427274549,0.007368459284412034,0.008477176322741302,0.017373601043099558
desc,lundquist,300.0,1,1,48,40.78198669012636,True,0.0021793768305934332,0.004126485866878986,0.0012235527114767102,9.50006793210001e-06,1.6127464093074195e-06,0.003221249095065926,8,0.0018514261224080524,/home/ert/data/iter_tc24/phase1/desc/runs/cyl20261009_desc_desc_lundquist_A300_02,,prescribed,native,/home/ert/data/iter_tc24/phase1/chease_public/runs/cyl20261009_forward2_chease_public_lundquist_A300_02/native/profile_reference.json,0.004987726306640951,0.009081828982428887,0.002759873165361217,0.001851384305211843,0.004761646629939878
desc,lundquist,300,1,1,108,55.71262335497886,True,0.0013111529031654835,0.0015248752002590417,0.0012484209427980283,9.50006793210001e-06,1.6127464093074195e-06,-0.00023646098050507605,12,0.00019687980828134922,/home/ert/data/iter_tc24/phase1/desc/runs/cyl20261009_desc_desc_lundquist_A300_03,,prescribed,native,/home/ert/data/iter_tc24/phase1/chease_public/runs/cyl20261009_forward2_chease_public_lundquist_A300_02/native/profile_reference.json,0.0021594395064363668,0.002339340741558486,0.0020036510831429677,0.000196867509637814,0.0005035301944281327
desc,lundquist,300.0,1,1,192,149.6814086488448,False,0.0012905846208978713,0.0014639793374103132,0.0012405971051364588,9.50006793210001e-06,1.6127464093074195e-06,0.000408008673545165,16,1.0810845521087376e-05,/home/ert/data/iter_tc24/phase1/desc/runs/cyl20261009_descseed2_desc_lundquist_A300_04,,prescribed,native,/home/ert/data/iter_tc24/phase1/chease_public/runs/cyl20261009_forward2_chease_public_lundquist_A300_02/native/profile_reference.json,0.0020590800761456445,0.002172932837092556,0.0017060344411801447,1.0581779387502678e-05,3.7494817823142145e-05
kin6d,gold_hoyle,10.0,1,1,247,27.58401021710597,True,0.04529553793412911,0.0460459582527138,0.045294173385672896,0.00776207653102623,0.0025147638772149428,0.012533390883833779,16,0.002883427874933009,/home/ert/data/iter_tc24/phase1/kin6d/runs/cyl20261009_kinp3_profiles_kin6d_gold_hoyle_A10_00,8.798054848218947e-16,measured,native,,0.09802486647250229,0.07491894916726524,0.09792414479574851,2.3951156052018805e-06,1.0495721809735831e-05
kin6d,lundquist,10.0,1,1,247,0.1283885610755533,True,0.0388587887618793,0.043935820294847,0.03739854121526925,0.008288333377233226,0.0015203713297102794,0.013292245603665952,16,0.0019326305480796208,/home/ert/data/iter_tc24/phase1/kin6d/runs/cyl20261009_kinp3_profiles_kin6d_lundquist_A10_00,1.7888507632134244e-16,measured,native,,0.06674895348778487,0.06861106456151288,0.05595117351451122,0.0002131043745036776,0.0007141485205782542
kin6d,lundquist,10.0,1,1,1096,0.4482420638669282,True,0.038858329356310076,0.043934451250510285,0.03739836348292704,0.00855294551933583,0.0015102172205663233,0.013822052669671027,32,0.0019199055672317962,/home/ert/data/iter_tc24/phase1/kin6d/runs/cyl20261009_kinp3_profiles_kin6d_lundquist_A10_01,1.7888574569657994e-16,measured,native,,0.06675040885877821,0.06860391668807206,0.05595539318237444,2.1865725117204885e-05,0.00010460476145613249
kin6d,gold_hoyle,10.0,1,1,1096,30.396174223162234,True,0.04529553486700712,0.04604539659302079,0.04529417134263707,0.007723368968886923,0.002507909700069977,0.012539336171887759,32,0.0028834050192233307,/home/ert/data/iter_tc24/phase1/kin6d/runs/cyl20261009_kinp3_profiles_kin6d_gold_hoyle_A10_01,7.541190322183673e-16,measured,native,,0.09802484901602211,0.07494934179422569,0.0979240450165137,8.70840036711234e-08,9.008967958391631e-07
kin6d,lundquist,10.0,1,1,4423,1.8822705049533397,True,0.03885860379985201,0.043935626231625745,0.037398358515438004,0.008631436000232195,0.0015095717367425987,0.01388127863556605,64,0.0019198982971170894,/home/ert/data/iter_tc24/phase1/kin6d/runs/cyl20261009_kinp3_profiles_kin6d_lundquist_A10_02,1.788858078541302e-16,measured,native,,0.06674827838286426,0.06859793048366683,0.05595492462873704,3.064478706954128e-06,1.8338356113481232e-05
kin6d,lundquist,30.0,1,1,247,0.09669264499098063,True,0.012910655450375166,0.01462278490089602,0.012417609035195946,0.001038595596428049,0.00017778890036068695,0.004416609932201438,16,0.00030071010992351857,/home/ert/data/iter_tc24/phase1/kin6d/runs/cyl20261009_kinp3_profiles_kin6d_lundquist_A30_00,2.383566736257491e-16,measured,native,,0.021050110498683782,0.021904632905607287,0.0175513104155427,0.00021332975900587183,0.0007320910382974618
kin6d,lundquist,30.0,1,1,1078,0.2268749161157757,True,0.01290899427463325,0.014614834549369347,0.012417903962875329,0.0008668359450814123,0.00016764730359164481,0.0045695622280424045,32,0.00021333120747864929,/home/ert/data/iter_tc24/phase1/kin6d/runs/cyl20261009_kinp3_profiles_kin6d_lundquist_A30_01,3.575352719297143e-16,measured,native,,0.021088815096995166,0.02202645508156556,0.01755470009320191,2.1482585267922344e-05,0.00012608794134207616
kin6d,lundquist,30.0,1,1,4288,1.1154250639956445,True,0.012908902575013821,0.014614477572635749,0.012417894679725115,0.0009442029053043921,0.00016700279030557041,0.004616671812290325,64,0.00021213111947270715,/home/ert/data/iter_tc24/phase1/kin6d/runs/cyl20261009_kinp3_profiles_kin6d_lundquist_A30_02,2.3835683847449e-16,measured,native,,0.021079033319462454,0.02199448876168083,0.017554275874320076,3.1292186677544274e-06,1.903177473583437e-05
kin6d,lundquist,100.0,1,1,1060,0.15939741395413876,True,0.003871234304502931,0.004383647535581344,0.0037236964244110496,8.964182841109114e-05,1.5705926072584475e-05,0.0013640217077414535,32,3.1160665152508254e-05,/home/ert/data/iter_tc24/phase1/kin6d/runs/cyl20261009_kinp3_profiles_kin6d_lundquist_A100_01,2.860060887762341e-16,measured,native,,0.006212872907486147,0.006519916289404094,0.005160725587527588,2.4516173160204647e-05,0.00014000562121059283
kin6d,lundquist,100.0,1,1,4423,0.7083483410533518,True,0.003871151905081124,0.0043831884888072496,0.0037237312181364634,7.974435312174677e-05,1.5061697282270359e-05,0.0013862690108551636,64,1.9326245668942137e-05,/home/ert/data/iter_tc24/phase1/kin6d/runs/cyl20261009_kinp3_profiles_kin6d_lundquist_A100_02,2.8600673354672956e-16,measured,native,,0.006210900564091116,0.006514517892318561,0.005160277016222943,3.5178523718623125e-06,2.7252114697289504e-05
kin6d,lundquist,300.0,1,1,1033,0.1393827588763088,True,0.0012908227752971046,0.0014629967836400732,0.0012412174118508514,7.856868998346034e-05,2.3558097823617175e-06,0.0004531738149870351,32,2.8601170211842924e-05,/home/ert/data/iter_tc24/phase1/kin6d/runs/cyl20261009_kinp3_profiles_kin6d_lundquist_A300_01,3.8133945621743e-16,measured,native,,0.002066425057916542,0.002185008577051451,0.0017105588440557338,2.8505155780343725e-05,0.00020664634681296252
kin6d,lundquist,300.0,1,1,4288,0.6821220309939235,True,0.0012904204427430217,0.0014613783800873162,0.00124119329583899,1.0782675821996435e-05,1.7117703983160482e-06,0.0004617022598964585,64,3.825263724611337e-06,/home/ert/data/iter_tc24/phase1/kin6d/runs/cyl20261009_kinp3_profiles_kin6d_lundquist_A300_02,3.8133978984567143e-16,measured,native,,0.0020588923793620306,0.002160293788941908,0.0017103450269613971,3.1363317484620932e-06,1.9094153973818986e-05
kin6d,gold_hoyle,10.0,1,1,4423,39.59667384903878,True,0.04529553468197027,0.04604538768044039,0.04529417117360059,0.007715775506193179,0.0025074777072611187,0.012539991263222344,64,0.0028834038523469197,/home/ert/data/iter_tc24/phase1/kin6d/runs/cyl20261009_kinp3_profiles_kin6d_gold_hoyle_A10_02,6.284325292610238e-16,measured,native,,0.09802485363656133,0.07495183322386416,0.09792404289348637,5.8463912412002265e-09,2.3884774476924325e-08
kin6d,gold_hoyle,30.0,1,1,247,15.929788697045296,True,0.015017160148627154,0.015295181436535132,0.01501665411173608,0.000898718702937007,0.0002846478106972583,0.0041704662010663964,16,0.0003182513650052493,/home/ert/data/iter_tc24/phase1/kin6d/runs/cyl20261009_kinp3_profiles_kin6d_gold_hoyle_A30_00,6.703238138511619e-16,measured,native,,0.030666845821198066,0.023808815426824642,0.03063432393622909,2.3228319558819985e-06,1.0217905064822101e-05
kin6d,gold_hoyle,30.0,1,1,1078,29.621877996018156,True,0.015017159991713228,0.015295316215629762,0.01501665370696215,0.0008592492280206088,0.00027782407137966203,0.004172848846264382,32,0.0003182214426890825,/home/ert/data/iter_tc24/phase1/kin6d/runs/cyl20261009_kinp3_profiles_kin6d_gold_hoyle_A30_01,6.703238536899985e-16,measured,native,,0.03066679907320893,0.023811128775185653,0.03063427077505394,7.733479663144926e-08,4.2911489040056036e-07
kin6d,gold_hoyle,30.0,1,1,4288,35.223226345842704,True,0.015017159870167178,0.015295284412952331,0.015016653643610389,0.000850710564497037,0.00027739399693893496,0.004173537703253038,64,0.000318220107639226,/home/ert/data/iter_tc24/phase1/kin6d/runs/cyl20261009_kinp3_profiles_kin6d_gold_hoyle_A30_02,6.703238561895246e-16,measured,native,,0.03066680492873568,0.023814031450654447,0.03063426865209783,4.94670908789316e-09,2.6184710479845474e-08
kin6d,gold_hoyle,100.0,1,1,247,13.077837250893936,True,0.0045023867932164965,0.0045868174522589785,0.004502233099614331,0.0001253015928688317,3.2229134683259275e-05,0.0012509098024884957,16,2.873491791048248e-05,/home/ert/data/iter_tc24/phase1/kin6d/runs/cyl20261009_kinp3_profiles_kin6d_gold_hoyle_A100_00,8.043880083248936e-16,measured,native,,0.009006285069947821,0.00703800147748411,0.008996721788367391,2.3229034369533284e-06,9.839909386681728e-06
kin6d,lundquist,10.0,1,1,18097,8.358945705927908,True,0.038858603954252224,0.043935631203305625,0.037398357171104714,0.008638838591866094,0.0015095312572381836,0.013887537914427579,128,0.0019198878603089988,/home/ert/data/iter_tc24/phase1/kin6d/runs/cyl20261009_kinp3_refine_kin6d_lundquist_A10_03,1.788858080302472e-16,measured,native,,0.06674831260996944,0.06859821730763051,0.055954866004617444,3.9884160484521006e-07,1.597206425048211e-06
kin6d,lundquist,30.0,1,1,17926,8.163883656961843,True,0.01290883090236377,0.014614167266620442,0.012417897178374613,0.0009514368464624834,0.0001669623651208152,0.0046225727275678846,128,0.000212035156962923,/home/ert/data/iter_tc24/phase1/kin6d/runs/cyl20261009_kinp3_refine_kin6d_lundquist_A30_03,2.383568416297571e-16,measured,native,,0.021079839757322565,0.02199746498056283,0.017554190387652484,4.1193973485636276e-07,3.422281024655189e-06
kin6d,lundquist,100.0,1,1,17962,5.1754409950226545,True,0.003871151904293923,0.004383184150935355,0.003723732569748106,8.53196244672283e-05,1.5021277624205354e-05,0.0013865213198589609,128,1.907708716685967e-05,/home/ert/data/iter_tc24/phase1/kin6d/runs/cyl20261009_kinp3_refine_kin6d_lundquist_A100_03,2.860067466658628e-16,measured,native,,0.006210873156433105,0.0065144774382629965,0.005160258427596994,4.074215136856248e-07,1.966738125802381e-06
kin6d,gold_hoyle,100.0,1,1,1060,28.53932840307243,True,0.004502386866121802,0.004586870050958264,0.0045022330760137895,8.447300978309258e-05,2.5408831949347288e-05,0.0012514104287816045,32,2.8619073633277303e-05,/home/ert/data/iter_tc24/phase1/kin6d/runs/cyl20261009_kinp3_profiles_kin6d_gold_hoyle_A100_01,8.043880552987474e-16,measured,native,,0.009006311837492382,0.0070265917829556036,0.008996665990111789,9.70697529797037e-08,1.120659119064999e-06
kin6d,lundquist,300.0,1,1,17980,5.188615281134844,True,0.0012903483206419875,0.001461064639840829,0.0012411962984030414,9.351214802055807e-06,1.6713519661593068e-06,0.0004621752957463756,128,2.1553155258902115e-06,/home/ert/data/iter_tc24/phase1/kin6d/runs/cyl20261009_kinp3_refine_kin6d_lundquist_A300_03,3.813398136352633e-16,measured,native,,0.0020596329841316746,0.0021630214213503402,0.001710262505141616,4.046124169835383e-07,1.355148515976172e-06
kin6d,gold_hoyle,100.0,1,1,4423,32.87229147204198,True,0.0045023866897683645,0.0045867792723492855,0.004502233066123522,7.724651233154134e-05,2.4978974104472584e-05,0.0012518648352897249,64,2.8617910417174965e-05,/home/ert/data/iter_tc24/phase1/kin6d/runs/cyl20261009_kinp3_profiles_kin6d_gold_hoyle_A100_02,8.043880587649004e-16,measured,native,,0.009006318893890164,0.007029871953212815,0.008996663985861285,5.470548589304638e-09,3.8727971260659787e-08
kin6d,gold_hoyle,300.0,1,1,247,17.120638401946053,True,0.0015007164570674935,0.0015298051376553589,0.0015006634888251548,5.7376022637889434e-05,1.0050683800777449e-05,0.0004169511706392416,16,3.9570023291236955e-06,/home/ert/data/iter_tc24/phase1/kin6d/runs/cyl20261009_kinp3_profiles_kin6d_gold_hoyle_A300_00,6.703232986920588e-16,measured,native,,0.0029841818392894264,0.002365360692129496,0.002981050920286223,2.3237397377678234e-06,9.82777037641653e-06
kin6d,gold_hoyle,300.0,1,1,1033,21.797081575961784,True,0.0015007147702797393,0.0015289113864935143,0.0015006634415588584,1.702175907958292e-05,3.2306829240713597e-06,0.0004171644501723442,32,3.1821135348121553e-06,/home/ert/data/iter_tc24/phase1/kin6d/runs/cyl20261009_kinp3_profiles_kin6d_gold_hoyle_A300_01,8.043880055938496e-16,measured,native,,0.0029841445021396252,0.002328731391201344,0.0029809469456172077,9.083148669199552e-08,1.1712170648905081e-06
kin6d,gold_hoyle,300.0,1,1,4288,27.613856255076826,True,0.0015007147026014221,0.0015288778601785583,0.0015006634353553904,9.148386522106478e-06,2.8008441035343168e-06,0.0004172743315723804,64,3.179643267058135e-06,/home/ert/data/iter_tc24/phase1/kin6d/runs/cyl20261009_kinp3_profiles_kin6d_gold_hoyle_A300_02,6.703233406514369e-16,measured,native,,0.0029841531390733768,0.0023325807052725776,0.0029809449413737434,6.473634660458044e-09,3.0637926712291726e-08
